Date,Close,High,Low,Open,Volume,Turnover
2020-04-09,-0.33331677987877306,-0.16665814533155393,-0.7999521538415643,-0.5714049232460492,5.5921542325835825,0.7105035342371343
2020-04-13,-0.42855267217559456,-0.333316025831949,-0.5999637019972209,-0.33331641376822885,1.1155270168724325,0.4217282041368645
2020-04-14,-0.9999480514518572,-1.2856578781133716,-0.7499420134153408,-1.1666084114560933,-0.05248355953545474,0.3436942653745619
2020-04-15,-1.9998976283600234,-1.9999139189030808,-1.4998847753587732,-2.1998661511071633,0.04220087169533859,0.3481538758940653
2020-04-16,-1.999912252200141,-2.285615482407305,-2.499805403102836,-1.9998974699405032,-1.0421796983240421,0.2789097235646626
2020-04-17,-1.5713619615635583,-1.9999135729226445,-2.1998686291480665,-2.166556816398776,0.936739814307491,0.4108943595088208
2020-04-20,-2.599843047550023,-2.428467987041681,-2.999765491026283,-2.4284704753448403,0.17942611154267754,0.3609174728313399
2020-04-21,-1.399916754432481,-2.3332195305440164,-2.499807613497672,-2.3332143692148253,1.5752599526629325,0.4526731608098908
2020-04-22,-0.6666325427606462,1.7955569539023613e-07,-0.9998973378413071,-0.5999624179691999,9.343950486826845,0.9816085191504385
2020-04-23,11.999401024266357,12.666043758497539,6.999289272737369,6.5995947116946425,83.62939105487453,5.750142462115163
2020-04-24,9.999494243239583,17.713531301429693,18.9980555732296,21.798648543199505,58.76599824354252,3.760361072121971
2020-04-27,7.166303966262597,6.571147278254477,9.665669409502282,5.499720562426077,9.809362820525017,1.1503542641978837
2020-04-28,6.12476300304721,6.299810028743116,9.599409951274565,6.5711396686388905,9.651458443511318,1.2217147563855806
2020-04-29,6.777539710016134,4.916540203613126,11.79926890026802,7.749701607164211,3.6440167931015894,0.900651375452811
2020-04-30,6.636179898564047,5.9998714454875435,8.499678469266764,6.727088549831019,9.731702294435992,1.689679691374108
2020-05-01,4.81805035724081,4.187422626652213,4.9089554543378835,4.785611023162784,2.7154872961268848,0.8637709175568797
2020-05-04,4.916541069973406,2.9443943417067113,3.9998958648892464,2.5293643744117693,0.22833002033079658,0.5374376990897554
2020-05-05,3.7856349377785503,3.31573837731355,3.999907217562741,3.3499496876660957,0.11878295379381129,0.5902655090394103
2020-05-06,0.8064436754987037,0.6666611571756956,1.9523519243303364,1.2499869737591733,-1.042046094544208,0.3243681658107733
2020-05-07,0.03333318531298259,0.024390055954679937,0.7142776890656508,0.4705838660897545,-0.9329683511435182,0.3494364551727615
2020-05-08,0.49999323715641153,0.0312501442983855,0.2499970768957829,0.11111006765072126,-0.47330427747470066,0.4188419805175703
2020-05-11,-0.37499351683194176,-0.29166239783952497,0.058822475377062304,0.06666611688767951,0.014994200126171474,0.5436303885559637
2020-05-12,-0.9333152810393089,-0.6190382404732522,-0.3333271721705794,-0.1538446116784777,-0.40613556504633713,0.4575715042150295
2020-05-13,-1.8666311722804414,-1.1904584251726797,-1.3999738582373589,-0.9999872558198997,-0.47767243549787824,0.4432647778179343
2020-05-14,-1.999960880654363,-1.4761676824862136,-1.666634688514543,-1.181802493611816,-1.1491379772905495,0.3065330856705805
2020-05-15,-1.4666383859477476,-1.3809315008747785,-1.2666427601048844,-1.0908950283649217,-1.0678710390511597,0.3001739802822347
2020-05-18,0.2727217005168633,-0.05555438891988362,-0.49998945171480497,-0.47058021457981575,1.9206847733894994,1.0732297296161508
2020-05-19,-0.7777520839803735,3.0079732443366867e-07,0.2499934574273906,0.3846064201081691,-0.4646899771061683,0.4444582657443751
2020-05-20,-0.3749877490089631,-0.6153732145027868,0.09999528876285703,-0.08333343473298625,-0.8252440235695906,0.3547852982459089
2020-05-21,-0.7777466036939902,-0.6363474440134451,-0.33331946940630736,-0.09999597698774164,-1.1836514223981622,0.2820161541112297
2020-05-22,-0.777751462593673,-1.0908835731977649,-0.6249793622961908,-0.7499747857427481,-1.2852758737134935,0.2686776658065709
2020-05-26,-0.3333206025606608,-0.909065224716983,-0.142851496553555,-0.333315527670636,-1.2285808284730098,0.2712361004883215
2020-05-27,-0.499987389824871,-1.2221815160919076,-0.5714085660353743,-0.9999488143747203,-1.5301508529905314,0.2356533505912808
2020-05-28,-0.9999692878698268,-1.4999423848045546,-1.1428091609714357,-1.4999171792933377,-1.145316552250016,0.2606140579429983
2020-05-29,-1.44439583154672,-1.4999381911096759,-1.4999247288762794,-1.8570634688698096,-0.9650644604122479,0.2671110027820035
2020-06-01,-0.4999828072556259,-0.8888586784859834,-0.9999381274775495,-1.5713641847958364,-1.2986964697380619,0.2341572882609536
2020-06-02,0.28570156349733816,0.24999170905736284,0.19999038443770134,-0.33331267276076576,1.594949484218127,0.4630850822414039
2020-06-03,1.4285104325800375,0.9999602005564491,1.7998927605473714,1.3332604146776943,2.3913884137720807,0.5260945208818363
2020-06-04,1.1428088690826994,0.7499715709330207,1.3999156825229424,1.6665758307662002,0.38588455335749794,0.3860983871103304
2020-06-05,18.499290645604372,18.749276224624918,7.399550991956741,9.999443709304058,36.184316130721776,3.841403945234033
2020-06-08,37.99854804982708,42.49836667250524,34.831605567264845,31.42712350998795,38.89482752851569,4.278787012834198
2020-06-09,23.221451076238555,30.74878348442803,28.713092490284662,25.110264685138695,10.37582388169387,1.413056085527698
2020-06-10,15.11061296711478,21.777015281369902,14.142251050308895,16.221660666923526,14.181624457009395,1.824732095579892
2020-06-11,9.999666891114204,14.22169429773088,11.749554040151446,10.55521530054466,6.943954198110996,1.11052370586406
2020-06-12,15.999366885502484,14.363208973326733,11.199681507620303,14.999562454632343,4.5278513263720805,1.1008665394733523
2020-06-15,12.299621600440242,9.356934915939933,8.499805863959104,9.727010297989395,1.8104967588466063,0.8260785516771867
2020-06-16,10.384380014614818,9.937314731813624,11.166385434034122,10.187310051431497,2.0411458886807288,0.8735087704552904
2020-06-17,6.052535997683972,7.823393875122278,8.214106508428497,7.210409747769464,-0.002540190279067927,0.4619958143874129
2020-06-18,1.0983554084836153,0.7808184670264671,3.1723826414111462,1.7999890411566764,-0.11225445807313143,0.4384723354541557
2020-06-19,0.023529248199935394,0.02542366528288905,0.5483845234604203,0.6315764770274471,3.2974010421721656,1.350873683591222
2020-06-22,-0.014492513202267533,-0.24210437057007897,0.013333352072177564,0.024691328974295712,-0.020765690647777543,0.5142470520007733
2020-06-23,-0.13999893866986157,-0.4035062154378746,-0.1730756331471783,0.016949130255575293,-0.16174728790886658,0.4740298708175392
2020-06-24,-0.9555487987754259,-1.1458261121607862,-1.0444374789339836,-0.6041629630274957,0.42605207222498254,0.8222644332193076
2020-06-25,-0.7209253605208155,-1.2291593079418692,-1.2666586156592763,-1.3541580407769744,-0.1519711715369605,0.7215996100152128
2020-06-26,-0.9512118693917943,-1.4791565036858783,-0.9999927033954976,-1.1041589037824484,0.41997277278032363,0.9735196967532086
2020-06-29,-0.9999921249136885,-1.520822869794514,-0.999992857477459,-1.0425456362846157,-1.4949279849493275,0.2925541482110288
2020-06-30,-1.2564008735876648,-1.5624894150615436,-1.093015599132574,-1.0850986869615606,-1.4541526451667028,0.3062624496759932
2020-07-01,-1.1538376088139355,-1.0681741452341191,-0.999993071944353,-1.0425458401437298,-0.1601801988889705,0.7671219290799217
2020-07-02,-1.2564008735876648,-1.6136251226133045,-1.093015599132574,-1.0217316642450645,-1.3497949281894048,0.3434303532556165
2020-07-06,-1.342094948290741,-1.3333246268110475,-1.3255730446627902,-1.1041606857100912,-1.298473555434853,0.3705074004656284
2020-07-07,-1.333323537315031,-1.5813853355831702,-1.4736736431210855,-1.4347744054524927,-1.4771262894772823,0.2551408231704755
2020-07-08,-1.2666554889964745,-1.4358873359393571,-1.2758503676712758,-1.5428454104964737,-1.628120035136463,0.1864076853898587
2020-07-09,-1.3599815935055144,-1.1764596542631411,-1.1304188244637239,-0.8437410279818129,-0.9466691171700328,0.2733473974398843
2020-07-10,-1.0999823072281405,-0.9999906891815786,-1.2173749735068689,-1.4090696149745245,-0.5502470694021209,0.3558896948200943
2020-07-13,-1.3333082103353866,-0.9999878026707573,-0.9999819323287787,-0.7999876764047189,-1.153622638269308,0.2356718412492961
2020-07-14,-1.2666398164604353,-1.2999796090511693,-1.2499764985744464,-1.2499817432309648,-1.4277341291956362,0.2042562132813353
2020-07-15,-0.3333254377921492,-0.68420047123956,-0.799983896917138,-0.9374816172431052,0.18623962040329547,0.4153724606863396
2020-07-16,-0.5999824880467596,-0.17646873974745908,-0.5555348770812657,-0.9230540251206333,-0.5122872765250795,0.3071315106027114
2020-07-17,-1.1817846936102077,-0.599989115617127,-0.39998644681653206,-0.5555330213908249,-0.8886165752981475,0.2570184654434816
2020-07-20,-1.2999577402534637,-1.1428322704725262,-0.5999773558480005,-0.6363460747053548,-1.0928411737741517,0.2270888139923852
2020-07-21,0.1111079974963471,-0.39998721485744154,-0.14284935067740626,-0.4999821030803417,1.1418575718172284,0.4278771884114003
2020-07-22,0.0,-0.24999227028370644,0.5999634958074046,0.3333086555749465,-1.447065650422058,0.1977088393750157
2020-07-23,-0.4999770766909957,-0.2857041008387749,0.19998687648222574,-5.9105253757287345e-06,-1.002029139385123,0.2280200707687911
2020-07-24,-0.49997250029059725,-0.199986009574614,4.246007254313093e-07,-0.3999772783902318,-1.7660829028595777,0.1651367047966447
2020-07-27,-0.9999488140238477,-1.4998823922169864,-0.4999651637044806,-0.4999620733060513,-1.6349545067744624,0.1602181897645803
2020-07-28,-1.3332620344432071,-1.9998391393804715,-0.9998953379296245,-2.999673520182588,-2.201294438900856,0.115149732305701
2020-07-29,0.3333223731851318,-0.4999626474328383,-0.9998381439208975,-1.4998889133003044,-0.6866802194434023,0.2039570008152699
2020-07-30,-0.9999385775698477,-0.9999393549976825,-0.9998370321441501,-1.499889197801846,-0.9140371229694843,0.1921128938720278
2020-07-31,-2.199869629676464,-1.999852421703897,-2.9996877664578077,-1.6664662262456273,0.24127798700482506,0.241646004757142
2020-08-03,-1.399916205004981,-2.9997749011438284,-3.9997162382429003,-3.4997279420453835,-0.29789644429552875,0.2178300372334613
2020-08-04,0.0,-0.4999671784010647,-2.4998266723947906,-2.599852168855262,3.2775558579503636,0.3530656670504879
2020-08-05,3.199808573710501,9.499280499221616,2.4998001474387714,3.3998076606525607,36.485990977926384,1.7138066381462276
2020-08-06,0.9998976337558789,1.4998776719030642,0.9998976334361163,1.3999179560165227,4.443037175072031,0.4683095336151758
2020-08-07,0.0,-3.838548743003024e-06,-0.33330352206449326,0.49996323871783777,1.2364940161825553,0.296193445902218
2020-08-10,1.4998951308591013,0.4999631153386611,2.843592076801897e-06,-0.9999385775648082,1.274648880907773,0.3183587019558073
2020-08-11,1.9998441585817408,2.799843706873558,4.999228658072473,2.3998605642922413,2.754281094262869,0.4239891073214601
2020-08-12,3.4997312817322666,1.3332743191463725,4.999235319100612,1.9999084463958825,0.3538962936980142,0.2696845661839484
2020-08-13,1.599904286855251,1.3332705418847866,5.999068213590415,1.9999002490011848,-0.6889868695186495,0.1989779709024281
2020-08-14,0.9999385776822831,5.573800256199383e-07,1.6664885801640033,0.6666325980575978,-0.8784414407608916,0.1786668235570983
2020-08-17,0.19999027829304922,-0.3999723832028633,4.063977194441037e-08,0.42855567360672675,-0.7747246563226065,0.182427151009842
2020-08-18,-0.5999620482232729,-1.3999124845003674,-0.3332990109431041,-0.4285534227858145,-0.9743401345161083,0.1674261844527185
2020-08-19,-0.4999616116760374,-0.9999415111920252,-3.167475751621932e-07,-0.6666326798839732,-1.2572210504292514,0.1502752586590911
2020-08-20,-1.799883948351181,-1.999838209972989,-2.9995279526012375,-1.399906596440166,0.607439817316364,0.2401818808361139
2020-08-21,-2.999838815504367,-2.5998365015372507,-3.9996935545184504,-1.4999211492858444,0.9231775426217158,0.2817993091217778
2020-08-24,-1.999912252200141,-2.8331925734646473,-2.1665618866634624,-1.3749500831183163,-0.614753964761099,0.1973054068365005
2020-08-25,-1.249951726560928,-1.857065820351811,-1.6249387062871705,-1.2221815555752942,-0.9923619172593778,0.1794299834424562
2020-08-26,-1.6249379024629553,-1.624938616417956,-1.4443954338750908,-1.0999680004796546,-1.5916255113844175,0.1469318114961463
2020-08-27,-1.8888270303839887,-2.111038746896357,-1.8999393706416836,-1.3635988415564533,-0.5408863462257621,0.2011144823876482
2020-08-28,-1.888825109466214,-1.6999467535489303,-1.5454097361396073,-1.5454112256447567,-0.8474742681347557,0.1659435698736751
2020-08-31,-2.4999229908866125,-1.909040533649295,-2.2726625365201207,-1.5454116870484447,1.2056382577402847,0.2904882374200489
2020-09-01,-2.8181013186107733,-2.7271952669548054,-2.8180986349182935,-2.454477240799969,-0.14540525380942493,0.1935097790366367
2020-09-02,-1.9166208857750515,-1.8181345364431,-3.199905336836668,-2.636297398288866,5.114648966998181,0.429966632767127
2020-09-03,-1.7499566413965943,-1.4166324357223787,-1.9999413018177736,-1.8332884887065324,-0.9951786898085558,0.15650492944133
2020-09-04,-1.3333047113405743,-1.454501939494214,-1.428542673916265,-1.4545083797866554,-1.0423322022672175,0.1530656670504879
2020-09-08,-1.7142479205140968,-2.272662844761277,-1.5999690889502622,-1.5713965218961083,0.6042634801206735,0.2160633389085469
2020-09-09,-1.9999608806782336,-2.0832814307985696,-1.9332948167322987,-1.7142493350994878,2.794816945733916,0.290943779994789
2020-09-10,-2.9230067826360173,-3.18172846658553,-2.4374544504881115,-2.4285204522613246,4.126773376605382,0.3364745039040503
2020-09-11,-3.3845341508397215,-3.1817291741355787,-3.0713608255155553,-3.083254870631785,4.626996606801032,0.3833668126308004
2020-09-14,-3.272632682792814,-3.499890506123246,-3.0832502660162526,-3.499908791569644,3.678976842741154,0.3626471898402239
2020-09-15,-0.5833165604596565,-0.4999811889052564,-1.714247177197341,-2.545377329227449,12.153674635633806,0.900357205893477
2020-09-16,0.09999784408373219,0.7777528634718587,0.15384234354875215,0.5999796972122509,9.460719956985269,0.8640667680851243
2020-09-17,-0.2727185991319538,-0.5555335514510812,-0.3846059280180792,-0.09090654145220815,0.819523682097764,0.3253414468099412
2020-09-18,-0.8181588987730273,-0.2999918174893296,-1.2142588969594459,-1.333300323343184,4.842064721766374,0.7457937955437515
2020-09-21,-1.6363174949311106,-2.399923655925225,-1.1333098659173293,-1.8332867183847679,-0.16531033533645298,0.2602005395910202
2020-09-22,-2.181757491994352,-2.4999208161354205,-1.1999758572570793,-1.571393132014099,-0.12999096080273,0.2665562830415451
2020-09-23,-3.0999044263668165,-2.799912380929903,-1.7856763753028873,-1.3999675512055192,1.1113108149982538,0.3962110960757781
2020-09-24,-2.3999272977429413,-2.899909149220391,-1.9166172485166275,-1.933295242448284,-0.05383643390117157,0.285810100942183
2020-09-25,-1.416630663365464,-1.266640794546172,-0.9166437735567782,-1.1666357843856074,-0.20905674784980927,0.2732280486472402
2020-09-28,-0.9999763751353399,-1.3571135273993846,-0.4545327694981155,-0.7272527264283623,-1.3734526967282827,0.1758243051294766
2020-09-29,-0.7272529133745528,-0.9999742991452594,-0.6666447051705786,-0.6249767069986192,-0.9581110270088876,0.2011380159523949
2020-09-30,-2.8999097221628225,-2.9999074540475834,-4.9998286563835235,-4.249840927174561,25.189998973579076,2.577103522470352
2020-10-01,-4.444292723745713,-3.899880441953084,-5.571184047653979,-4.874818246384198,10.566889678916372,1.2599433513477167
2020-10-02,-5.333150404055304,-4.199870695793162,-7.666271469634042,-5.12480754979738,24.519540875484758,2.605733784953648
2020-10-05,-5.110935539045784,-4.999845801326977,-7.499612057426202,-5.749779393088433,6.9565761783707645,1.124724531219795
2020-10-06,-5.333150404055304,-4.899849889216101,-7.332947680774404,-5.9997697500153455,5.158073125796547,1.1071953874213096
2020-10-07,-3.9165669019590648,-3.2665999746791483,-6.142587963518808,-5.999769589052578,1.6180139783059346,0.7155077786836332
2020-10-08,-2.1428260836604474,-1.8461320815731697,-4.29986965500632,-4.999846104423414,1.8736154683397384,1.1215659906370032
2020-10-09,-1.9583079429253207,-1.714266063755131,-2.499957606314489,-2.3499639319749757,1.1542046465644626,1.2212743425310348
2020-10-12,-1.9310132565012563,-2.03331130600325,-2.034460593041093,-2.249975084506349,0.23294737694986814,0.9064204607535784
2020-10-13,-1.366652588861173,-1.551707562047773,-1.6956291325347486,-1.7599779998404388,-0.7738783984181603,0.4016944166617638
2020-10-14,-1.0384491006137413,-0.8928471852653256,-0.8333226441754588,-0.8928473482260685,-0.0734164913655858,0.65379100513536
2020-10-15,-0.9999816646155547,-1.0434643438818811,-0.823514534840915,-0.9599882052138718,-1.1962915258407896,0.1780230124643844
2020-10-16,-0.999976375127023,-1.1110919413186022,-0.9230551070559035,-0.9999838354922088,-1.174858229855646,0.1155800603467838
2020-10-19,-0.8333119418001865,-0.9999780480650926,-0.9999743753916892,-0.9999795002106364,-1.0046805395099814,0.1725144773447415
2020-10-20,-0.7272523082145776,-0.6922915241007049,-0.8333119260792075,-0.8571240017691893,-1.1593780992539502,0.1023054488607233
2020-10-21,-0.7999753387722236,-0.7272523177640283,-0.8999723072602674,-0.6922916739499059,-1.1107665362288488,0.0885231847636977
2020-10-22,-0.7777516037684745,-0.9999691819254583,-0.8749663945218183,-0.72725243263014,-1.0742407944063597,0.0778507131510602
2020-10-23,-0.9999385776822831,-0.9999561261306155,-0.4285533496989417,-0.4999807202653579,-1.0669213421983332,0.066482320409484
2020-10-26,-0.7999510451761949,-0.7142551271842525,-0.33331624843006696,-0.28570191697430797,-1.0722990652791657,0.0510459829045461
2020-10-27,-0.4999616116321183,-0.7999510410724436,-0.39997545878178115,-0.7999508397787224,-1.0634916242343346,0.0432412442531875
2020-10-28,-0.33329921121292233,-0.9998974982209915,-0.6665983625140106,-0.49996153754962835,-0.7816919454255293,0.1001302750905622
2020-10-29,0.0,-0.9998456991501743,-0.9996925914192631,-0.33329917980544216,-0.4681977407800385,0.1152808478807184
2020-10-30,-0.9998464583169043,-0.9998460872071462,-1.8623591633568394e-07,-0.9998465442719406,-0.9547919067498621,0.0590911001101034
2020-11-02,-0.9998464583169043,-0.9996929638442345,-1.8623593234360055e-07,-2.031664628256188e-07,-0.6772104782637328,0.0749073365888097
2020-11-03,0.0,0.0,0.0,0.0,-0.46396332973499665,0.0838669008816681
2020-11-04,0.0,0.0,0.0,0.0,-1.440664384060086,0.0347321796283377
2020-11-05,-0.9998464583169064,-0.0013214521553666847,-0.001211464479748272,-1.0158325958500675e-07,0.12063422635314572,0.1058539742307466
2020-11-06,-1.999691772659126,-6503.277516606326,-13015.87754193515,-0.9998456096036669,0.8657683124291979,0.1277317846006438
2020-11-09,-2.9995399469380595,-6503.292025149109,-13015.889421064552,-1.999694376009106,1.2345143672633672,0.1390245337412484
2020-11-10,-4.998465962682387,-13006.57424448437,-19523.834785890398,-2.999540911799949,0.9643914081139447,0.1266895838761462
2020-11-11,4.999230003635136,39019.69315028197,-13015.891870761592,-1.9996947941856162,34.215879077146084,1.0049353247211692
2020-11-12,0.0,9.996939068414006,0.0,4.999235000172722,11.424470962602117,0.4029635481891762
2020-11-13,0.0,1.9993872178188392,6503.9992639316815,1.0158330482033282e-07,-0.5166541028000577,0.0787735650829137
2020-11-16,0.9998464583169043,0.9998470687860077,1.9993858989060516,3.437676488230125e-07,0.988025781225532,0.1215121996318678
2020-11-17,0.0,0.9998468825499678,0.0,0.0,-0.3799323899839172,0.075520890241135
2020-11-18,0.0,0.9998468825499678,6503.9992639316815,0.0,-0.9345401839850123,0.0547659671034384
2020-11-19,0.0,0.9998468825499678,6503.9992639316815,0.0,-1.8306335540251586,0.022524983400432
2020-11-20,6174.103186110753,3179.51339895388,12936455.772906765,17578375.483708687,-1.8947171924575816,0.0130728952168029
2020-11-23,6338.053038053958,3237.503286197581,5978.163694069019,21025117.503188398,-1.9505186521478641,0.0049857537884836
2020-11-24,3237.5026055231456,6616.966052359916,3134.5189195998114,21525870.14822934,-1.7379174852645431,0.0069709780717605
2020-11-25,3399.4777066030365,3486.464392693627,3159.5151703256524,6470.017874682874,-1.5246576568507924,0.0055589641869573
2020-11-27,3400.4778150315565,2333.0954201418836,3313.49140094457,3387.481457479581,-1.4041703709685918,0.0022020692727288
2020-11-30,2271.767957420968,1733.366668601064,2198.7752054786292,2198.441235071843,-1.3409973317138253,0.0046730935711344
2020-12-01,1375.1157048930843,1382.714587762936,1101.2770931029786,1713.8675637029694,-1.038799194894997,0.0039805343800166
2020-12-02,1008.6697244269462,917.7145647647968,1128.941814372466,1354.7160976881823,-1.0038440646801472,0.004363795291606
2020-12-03,606.817929004941,527.4884181689727,991.0991848278679,698.6784486819413,-0.9614202638168592,0.0044629724573244
2020-12-04,1.4575667377196069,1.4004389770537016,2.670676417574364,1.713969652715883,-0.834504828846409,0.0055253448087477
2020-12-07,1.0578393686805294,1.112229539923068,1.0118289796441322,1.03853907253506,-0.9019237578168253,0.0035989544373376
2020-12-08,1.1003908133317903,1.123113957131784,1.1271844311555728,1.2342708782710883,-0.9648822269765958,0.0024777481740475
2020-12-09,1.0141986267252696,1.0877186756752135,1.0793514962774784,1.2468538515210073,-1.0390089615127094,0.0022289647752964
2020-12-10,1.170106620509623,1.2823648940859675,1.1716256583078177,1.1046625950695943,-1.346944685772679,0.0013464560972944
2020-12-11,1.0687127485847998,1.2035855568752396,1.0994159881762673,1.1746597790969302,-1.5064494229361407,0.0010993536674539
2020-12-14,0.8981847223267567,1.2125643984122867,1.0430918818563197,1.2318292604391325,1.2600135777239645,0.0079493019776599
2020-12-15,0.8582697711756686,0.595841986663346,0.9902105792331141,1.013535239383854,-0.9996405463623318,0.0022306457442069
2020-12-16,0.9376390827859589,0.6163287313088958,0.9683102253151086,1.0054449044123301,0.30713743355879164,0.0052479849385185
2020-12-17,0.8057796234987341,0.6498954804433027,0.9363052054015837,0.8780974398267082,-0.5570103655149263,0.0035552492456652
2020-12-18,0.7686627437893915,0.7238084464306636,0.07848957365605758,0.4720043041289987,1.254784034978078,0.006342295699241
2020-12-21,0.976853802722033,0.5406350279730157,0.02155365890773142,-0.13622022331693662,-1.5941080196225412,0.0017162692576
2020-12-22,0.4506222890385035,0.7267994455855268,0.9523794796338179,0.865380208352837,-0.44127155171938287,0.0031013876398356
2020-12-23,-0.372255868568537,-0.15286662647573745,0.8787885450390797,0.3930135168417488,0.39832869080336125,0.0043906907941737
2020-12-24,-1.1567064425428815,-1.0236214045709602,0.12056444799453182,0.21052233777055154,-2.3593262632269583,0.0003983896317837
2020-12-28,-1.1439354211251167,-1.543324216401094,0.031483797162912254,-0.41774161789758346,-2.145976294421136,0.0006858353154758
2020-12-29,-1.1893880453290042,-1.889776545554909,-1.0236230857139832,-0.1258789240974554,-1.6193390452678174,0.0011043965741853
2020-12-30,-1.3863538547452448,-1.8267857925301065,-0.6545550805771297,-0.9516199432094756,-1.1237166324319947,0.0009497474344212
2020-12-31,-1.6287722883653561,-1.8897763099033253,-1.0769251823373465,-1.25806602554563,-0.7268456375741363,0.0014439522941023
2021-01-04,1.0949089367708507,0.8951085546330199,0.673929680878365,-0.5713995898584138,0.16644204851527708,0.0025617966195715
2021-01-05,1.6864298095400856,1.3541571860436474,3.0611882053910695,1.53269367995482,4.857816711524828,0.0084132493969524
2021-01-06,5.176895854610954,3.8680294707095033,3.967391035102994,3.9082814418405474,1.559060402663637,0.0043066423486497
2021-01-07,5.299968327374838,5.116472559672489,8.880428434614032,6.224918663898743,1.5055147058639031,0.0044612914884139
2021-01-08,4.362574168838198,4.041173505971488,9.31520503403374,7.258232009335149,-0.2984068627414411,0.0019869052521873
2021-01-11,4.229481813021586,3.553765213181682,8.336953653102068,5.751801252634712,-0.7800245097943626,0.0013262844703687
2021-01-12,5.83248036101722,5.377262986067733,11.469870175822761,7.536684073962786,0.06351706036678723,0.0027651938577396
2021-01-13,4.563452250599446,5.165972172812021,8.460940041487731,10.286655476041005,-0.8347050754343662,0.0013733515998621
2021-01-14,4.617218323205352,4.288996835644002,7.198950913030199,8.432594568972064,-0.44718792866327595,0.0017263550710629
2021-01-15,3.2284549765415465,3.173413703930317,5.049740422508795,5.134057559723835,-0.08333333333179012,0.0018356180502441
2021-01-19,2.0316168352537143,2.388114930597097,2.399370757047207,3.648484658961861,0.6659919028205264,0.0024643004227636
2021-01-20,0.42622804527639885,0.8499981609711352,0.4887336094528593,1.5487999107737058,0.6412918108271904,0.0023785710083292
2021-01-21,-0.3205814858037979,0.0015820935402744898,0.07936471119279782,0.15679416437747865,1.6051136363332366,0.00360735928189
2021-01-22,-0.5464471694927838,-0.15981079941064244,-0.33786843632401664,-0.29616826458835005,1.104569420015737,0.0032392270904949
2021-01-25,-0.9691965049711071,-0.5250468442567106,-0.6462564446150934,-0.9259249466366871,6.159050966499841,0.0080736936770354
2021-01-26,-1.43326332367686,-1.0995951688686774,-1.4124141368194914,-0.9109745345733979,3.265098039164469,0.0059203725027105
2021-01-27,-1.4127300855703318,-1.2337412052399694,-1.9815924298078875,-1.884062420431393,4.094808126349213,0.0070869649265836
2021-01-28,-1.0554397136719618,-1.0809143175504308,-1.0214135541923635,-1.0311868120340926,0.5182595182514645,0.0032240983703006
2021-01-29,-1.3921968474638058,-1.0654035907867236,-1.0342644680742763,-1.3222477622386453,-1.1253894080821591,0.0014489952008337
2021-02-01,-0.8794365429342647,-1.0199138678159443,-0.8306658103855322,-1.3388797102887304,-0.6050044682644324,0.002094487262458
2021-02-02,-0.2906176784626977,-0.39078038479500615,-0.007319380156986871,-0.5419416408259505,0.12350299401012721,0.0030425537279688
2021-02-03,0.02589622647927227,0.5641002120961265,0.4341479099147772,-0.1192057149439845,-0.1163012392732831,0.002560115650661
2021-02-04,0.525900588346,0.5076284316538012,0.7410971629061498,0.4185581734027569,0.19686800894414166,0.0028105800183225
2021-02-05,1.277250244994223,1.1598472088990208,0.9937668373489427,0.7287448208943668,3.208053691203399,0.0050731641718286
2021-02-08,2.247690155409353,3.125754967179856,2.158921497816826,1.6945801592888345,4.450664136537938,0.0067305995175619
2021-02-09,2.137460824873314,2.332622727700432,2.100905061226536,1.5573040395175937,0.7799999999826667,0.0035165869607241
2021-02-10,2.7821837132784735,2.9131344850268945,2.2875656256232175,1.7611030022523506,0.4292408622225072,0.0035182679296346
2021-02-11,2.3806666331982695,3.2197033031025803,2.3424937875771437,2.295421802697265,0.810165975086926,0.0038880810899402
2021-02-12,2.4320209729760762,2.2830496068916375,2.8336030290104284,2.222214746154494,0.27669902912084077,0.0036174450953529
2021-02-16,2.752555974663684,2.228113363524474,3.095314566097771,2.4257628671979,-0.792475728136105,0.0028290706763378
2021-02-17,2.9948752758714465,2.7346977485022794,2.9366748126765625,2.4515283119172553,1.9383838383446792,0.0051303171147849
2021-02-18,1.6231273958641983,2.59767119891652,1.92872575676354,2.6635443368426293,-0.8951807228699956,0.002892947494936
2021-02-19,1.3909986927778801,1.6050395414743612,1.4653174809114975,1.8295816508711669,-2.1905339805293558,0.0018608325839013
2021-02-22,1.731108818707398,1.4512349484784057,1.2535706082728726,1.2914563996042412,2.55720338979439,0.0065608216576034
2021-02-23,1.4787637052518237,1.4646103813484377,1.1724127163407199,1.655431602222098,0.8252525252358535,0.0042041032451104
2021-02-24,1.6409250628610528,1.6679512941643975,2.129854420989997,1.7015665217280012,3.7484848484091216,0.006636465258575
2021-02-25,1.3729161025559942,1.801735080570444,2.4342510498624668,1.8581509968506524,1.558585858554372,0.0048142949596147
2021-02-26,1.3424904310146926,1.3763237417380676,2.381456332084899,1.2592177175794594,-0.5686868686753801,0.0030442346968792
2021-03-01,1.5054506058410468,1.5172407692431327,1.9410188740432162,1.9270476744616707,0.41235955055253126,0.0038763143075668
2021-03-02,1.5614019349357524,1.7740471703031706,1.8814474737889786,1.6296300770678387,-0.41260404279637086,0.0032762084065255
2021-03-03,1.9443735302498835,1.5074160885096297,2.09768922563401,1.6052987586820893,-1.5426966291788158,0.0024138713554492
2021-03-04,1.5079775491308611,1.6261235940595589,1.7001238035955903,1.9036149161382383,0.9944751381032325,0.0046546029131191
2021-03-05,1.2607734193290436,1.4142822243898037,1.615955154656961,1.7446417988454876,-0.5763358778515967,0.0032392270904949
2021-03-08,1.1887543735406774,0.8359976232669196,1.5931087078143307,1.0028090026680403,0.8315334773038545,0.0043940527319947
2021-03-09,0.43260644428122386,0.5831465228826709,0.7318622779111225,0.7661372859226497,0.27895392278259146,0.0039351482194336
2021-03-10,1.127331882537187,0.349862889764434,0.7584263954552866,0.7610412121720506,-1.6047516198357505,0.0024979198009732
2021-03-11,1.4913731897067095,0.9591666342485081,1.5156080863066812,1.305048896338041,-1.0324427480718998,0.0028374755208902
2021-03-12,1.6049646462625058,0.982969956145762,1.484206613516302,0.8936694302589309,-0.8569682151379714,0.002857647147816
2021-03-15,2.127240612191081,3.26762987226369,2.401641191356021,1.102050034836626,0.5984162895792213,0.0040208776338681
2021-03-16,1.481768833595029,1.7717263208647498,1.5470117579362401,0.6329115015812716,-0.04198473282362625,0.0038023516755057
2021-03-17,1.4389006038729144,1.8382471532120936,1.4572022250113177,1.1423687742805309,-0.5280898876272637,0.0031837551164491
2021-03-18,-0.7053796314613162,1.380438204794131,-0.3202564175441629,1.2545697420487223,0.030769230768502503,0.0038460568671782
2021-03-19,-0.05666844081148843,-1.2341522678302552,0.020805549050644277,-0.5229404869987938,26.47771428510908,0.0233335294463728
2021-03-22,3.919608815700328,6.077775394270931,1.3779345600546697,0.5738147325714179,2.4182857142304393,0.0056396506946604
2021-03-23,1.6580890185719483,3.5033075314405444,2.080119082186667,2.6175654861245845,-0.9502262443223931,0.0031181973289404
2021-03-24,3.0405016071604503,4.711916264709821,2.950941982919669,5.1066785635067555,-1.7928571428059183,0.0024844720496894
2021-03-25,1.8232154814572972,3.057225311449227,1.4601548932513975,2.3204937801373644,-1.3099870297974063,0.0024088284487178
2021-03-26,2.1171675771115988,2.5322353514518703,2.037861134217269,2.4078875649762956,-0.6407263294256621,0.0028425184276216
2021-03-29,0.45201642956872407,0.559411917637176,0.9836576662746365,0.9609212849720637,0.36653386453209735,0.0034896914581564
2021-03-30,-0.2834944538273659,-0.4351048663534558,0.3362443201788305,0.18298007340421008,-0.36284289275903137,0.0029669101269972
2021-03-31,-0.36097688681467416,-0.266670959700555,0.3693650964613802,0.24000428454196035,-1.7443890273879206,0.0020356533505912
2021-04-01,1.3899036411290127,0.6309607390600759,-0.16901639164838989,-0.049992368747795994,-1.2522292993311535,0.0023247800031938
2021-04-05,1.0144271046773878,0.6965065890376587,0.7931101378882537,1.0555603345526565,2.314814814757659,0.0047268845762697
2021-04-06,1.8438996941012538,1.6754710915996864,3.2343742627693093,1.2863193613881545,3.087654320911416,0.00525302784525
2021-04-07,3.8037040417447257,2.0728500772580536,3.289064260005482,1.6529624860026906,0.18471337579147226,0.0032728464687045
2021-04-08,4.127118553599527,2.493823069697292,5.943176381616443,3.4109689209781684,-2.374074074015455,0.0015347246152682
2021-04-09,6.797572016516404,4.661330092582116,7.0582780327503025,5.7790299501532125,1.5547045951519758,0.0044226292034728
2021-04-12,4.213217270944926,3.7420251262517192,6.592532171369866,6.9394984698840165,-0.16083150984330785,0.0031047495776565
2021-04-13,3.512044266493558,2.180994385149923,5.4029079531719155,3.981871905953438,-1.0935672514364079,0.0023651232570453
2021-04-14,3.830659382937732,3.727482911718235,6.1977361729821565,4.929528584380841,7.963696369461744,0.0092352431941771
2021-04-15,3.4621349154176118,3.433866382704027,6.966008865481437,5.834368259442172,-1.3355263157601858,0.0020877633868161
2021-04-16,3.693205522460875,3.4640528042209717,5.2947289905260195,5.004985146934699,1.2070566387890982,0.0042041032451104
2021-04-19,3.291124793435704,2.7858291599209197,4.426531894420863,4.399077656510008,1.1959145775079683,0.0041940174316476
2021-04-20,2.396442253559449,2.5499179347645575,4.078685452871969,3.3138698889586125,1.6861652738776942,0.0046377932240143
2021-04-21,1.9239803764491816,2.045847542592632,2.535341704003051,2.0494695114421093,0.9855810008314575,0.0041654409601694
2021-04-22,1.115970191048046,1.4901956905451232,1.6909339421373286,2.0552960204971167,0.10753598645033809,0.0034863295203355
2021-04-23,1.0769237490384895,1.033603368880038,1.2743270475493889,1.2272245703671563,-1.0074013157729045,0.002349994536851
2021-04-26,1.268008738834051,1.005367113942484,1.2384934664194525,1.0190111056646338,4.141263940458867,0.0081695089049328
2021-04-27,1.2587888728946,1.418063848298166,1.4837107867139312,1.180737143143851,0.19579831932444036,0.0038779952764773
2021-04-28,2.05217009202445,2.184772584247484,1.512577607020024,1.0571900567486943,0.07253886010212354,0.0039956631002109
2021-04-29,2.9308871082105927,2.6673649883661263,1.9334284811666904,2.532842268350988,-0.5231116121640786,0.0035468444011128
2021-04-30,2.8072209706280806,2.3029692646773627,1.7962400706782877,2.4697193480395097,-0.24137931033888227,0.0037720942351171
2021-05-03,2.8337382330859398,2.569931849856881,2.1139044000875593,3.200526130980116,0.008771929824304914,0.0038880810899402
2021-05-04,2.1302358124457488,1.9527439969926244,1.1101057886922567,3.0282750059501584,12.862573099039105,0.0112776204204103
2021-05-05,3.016542757262213,2.645841782854494,2.243809977656027,2.5690093237177747,5.468571428415183,0.0071592465897343
2021-05-06,1.7179570829111712,2.0971496056984926,2.546020248016654,3.545475145008399,-1.2799999999634286,0.0031887980231805
2021-05-07,1.031453480786179,1.1088760173589542,1.4031132737679928,1.4261162543319026,1.788863109007219,0.0052378991250556
2021-05-10,1.1078565300982455,1.1421016945911717,1.4688136715717868,1.2265705619421265,-0.09197080291702275,0.0038897620588507
2021-05-11,0.20711166405930825,0.35390627798752916,0.37499433708907676,0.46099694068156377,2.418978102119154,0.0054732347725228
2021-05-12,1.0369469294354392,1.2455167280500563,0.7382342098625263,0.5173071121889028,1.8671532846170174,0.0051555316484421
2021-05-13,-0.8549019796628823,0.2634703596100978,-0.5772548633771537,0.7414542646794453,-1.9051094889954712,0.002983719816102
2021-05-14,-1.6603333764347203,-1.2746041393527883,-0.9692802090735302,-1.008318998630745,5.695701357337201,0.0083123912623236
2021-05-17,-0.5223110025512161,-1.0666778849339846,-0.9462571005335468,-1.5531776441244856,-0.5928074245802133,0.0035132250229032
2021-05-18,0.9198892440041813,1.089502896906366,0.1509160966757981,-0.1294773715288018,4.393523061739087,0.0077055614856403
2021-05-19,1.422510668369407,0.9018305851815047,0.6059930063394537,0.1484317670115034,0.6388616290355473,0.004489867959892
2021-05-20,2.285680157544845,1.6834487245710321,1.8414468935427757,1.512534881288944,-0.18155053974128457,0.0037872229553114
2021-05-21,6.531408293220285,5.189514976464098,4.203628621849621,3.392461626033937,18.785903083369412,0.0221635750846788
2021-05-24,6.898029586631618,5.333744181019512,5.671397601048492,6.620094579197641,-0.3475452196292624,0.0037166222610712
2021-05-25,3.803672059552032,4.94611856002394,3.9176405792610187,5.453318844332495,-0.8953201970222827,0.0033316803805713
2021-05-26,5.752305451288915,5.6330207086959,3.61844949544893,4.161547652575467,0.23336745137700374,0.0042730229704401
2021-05-27,4.877467071999102,5.431565598235905,5.763445412649246,4.80146680401582,2.6126205082802345,0.0068869296262365
2021-05-28,4.025907782879083,3.8513174783599315,5.027274946594176,4.308260400283411,-2.473312401845003,0.0017330789467048
2021-06-01,4.496341199506277,4.477896107776182,3.7776735913444353,4.366982840628302,-0.02433281004671377,0.0044377579236672
2021-06-02,2.855053675523653,2.9817989545642622,3.2922166079576485,4.970734312253418,0.09519725557298118,0.0045571067163112
2021-06-03,2.1772392610401528,2.032363738621331,3.1048514713405706,2.7606507285766684,-0.7777777777626164,0.0036846838517721
2021-06-04,1.6372376721175455,1.489056115951752,2.049425675754398,2.3548065450199407,-0.7082906857582745,0.0037737752040276
2021-06-07,1.1482295252643746,0.9992615760019604,1.3426313245679495,1.3515703232246974,0.0685249709624036,0.0043722001361584
2021-06-08,0.9658293339925255,1.0106108665232643,1.318523238846904,1.0397236912723298,-0.6840882694382325,0.0038275662091629
2021-06-09,0.9862392029983172,1.1076442876479216,0.9959549210911225,0.9842731808413449,-2.1207729467916017,0.0029433765622504
2021-06-10,1.0160241811170099,0.9882090050226439,1.1652879929828217,1.1336552331712644,-0.9226441631245388,0.0032560367795997
2021-06-11,1.7682182803882838,1.8868640587944747,1.165631718833634,1.010980534978187,0.7371225577002798,0.0043990956387261
2021-06-14,2.1185210545511954,2.0439644493622957,1.7610217901872192,1.703556317092516,6.70515097667122,0.0072231234083325
2021-06-15,2.3428568278838746,2.454681133440774,2.1799309439744006,2.010236082484004,-0.3841463414477989,0.0039553198463594
2021-06-16,2.3484268672939854,2.850075725112442,2.0926067686596364,2.283009091928753,0.35652173911493384,0.0042309987476781
2021-06-17,1.1039375579771054,2.6037557251319527,1.1279262262370384,2.3299838875341106,0.9277389276956765,0.0044276721102043
2021-06-18,1.6671347202754934,1.7645400019492181,0.40733772269595486,0.5885195435612278,23.182421226428442,0.0160011430588591
2021-06-21,2.6011214855984788,2.0399031291773397,2.5503459349753332,1.9498267242425231,5.218905472463718,0.0068970154396994
2021-06-22,2.5716267471729397,1.8926474877096298,2.9262435461096463,3.3368762147555007,-0.2625698323924555,0.0041335025508703
2021-06-23,2.5008384716632612,2.054290331728219,3.3309110033331533,3.2272500826688466,1.5764895329604995,0.0051454458349792
2021-06-24,2.4140358479271775,2.6445888375920226,3.0952950720909924,2.6076646890828066,3.723431497984035,0.0068297766832802
2021-06-25,1.2124585295329269,1.4682583221384364,2.111914686145853,2.720049537339731,66.74007682287477,0.0481950596323721
2021-06-28,-0.6557583669309236,0.25542602186499447,0.0411592310620436,1.2966316866080894,1.4950859950492608,0.0054362534564923
2021-06-29,0.11708227465460597,-0.047811424517828355,0.6115770519901246,0.083330198678751,0.8660933660720862,0.0050059254154094
2021-06-30,0.9402000861037326,0.5832017028693435,0.7950520976750798,0.2059937040803695,-0.7277353689382255,0.003904890779045
2021-07-01,2.5805583995915624,2.5120713297609467,2.313434803916738,1.6210285950862855,2.5404411764083226,0.0061557081501777
2021-07-02,2.2513481057326916,3.062100245307052,2.4414149762298742,2.464051089044012,-0.9480676328273413,0.0037536035771018
2021-07-06,0.2567126383010624,2.58279691324212,0.8942165248910332,1.9635851100245147,7.388384754856835,0.0115600231973709
2021-07-07,0.7284105830337316,1.0579063117627723,0.16363869231796385,0.7662561648685956,-0.0518407212614299,0.0048899385605863
2021-07-08,2.3342756041797226,2.712426995668051,0.5490983519607451,-0.004623616458234949,-0.4335260115535338,0.0045066776489968
2021-07-09,2.1118845270690985,2.2453600419596524,2.3838216148706635,2.6621030367147056,-0.9214611871977815,0.0040998831726607
2021-07-12,0.9336299652804434,1.3720813966191707,1.674439853954167,1.5570545505925557,-1.635838150262001,0.0032829322821674
2021-07-13,1.7724707140408884,0.9835726941849193,1.4586420566925524,0.5447872154203656,-1.8315098467870568,0.0032913371267198
2021-07-14,-0.029946120044110593,0.7438906919712047,-0.032617770839101376,1.2263518299705687,2.837716002962619,0.0081224417754393
2021-07-15,-2.6647328008681703,-1.066876708604825,-2.3368485494160165,-1.019205736229142,-0.46356123214930794,0.0044293530791148
2021-07-16,-3.762207429716168,-2.1859589008951454,-3.369786056817927,-2.3365088283965982,-0.9419210722123319,0.0038847191521192
2021-07-19,-6.258023996361612,-4.656560664796884,-6.186065687897101,-5.160285021103449,1.0566741237724584,0.0061388984610729
2021-07-20,-2.2073350928299083,-2.819168644939021,-4.759193262327043,-6.184875686658071,0.15403032721222618,0.0051101454878592
2021-07-21,-1.0385397048923204,-1.485507928196119,-1.121098262193607,-1.9918464748703375,-0.7366320829890401,0.0041721648358113
2021-07-22,-1.1005943404096936,-1.8052625035635097,-1.3832983100173617,-0.9405920598554394,-1.5965583173690907,0.0032946990645408
2021-07-23,-1.3342975188731314,-1.3334491905561727,-1.2549016603006267,-0.7575993735798426,-2.2457542457093753,0.0025786063086763
2021-07-26,-0.3181219779274058,-0.5875373594170807,-0.4505593569401661,-1.2082497678123851,-2.4583333332878086,0.0020692727288008
2021-07-27,-1.114378951437029,-0.7981804547939492,-0.9907201262194069,-0.259809361788254,-2.2980198019346925,0.002185259583624
2021-07-28,-0.4918904641127478,-0.6824439211328167,-0.6789439825747229,-0.9607582441022885,-2.265690376521638,0.002181897645803
2021-07-29,-0.43781131007730373,-0.19481364383549557,-0.08901400571233588,-0.04109566310152659,-1.4445371142377892,0.0025365820859143
2021-07-30,-0.28202689806825737,-0.7887069016211755,-0.5980457722644084,-0.8164958085079054,-1.0967272727113204,0.0025517108061086
2021-08-02,-1.1699456158521706,-0.28419348999332517,-1.1190515882470211,-0.6698958940297804,-1.285369774898949,0.0022457744644012
2021-08-03,-1.1214602397353515,-1.987177410856361,-2.147990974212761,-2.5531861407274543,-0.25130890051917437,0.0030509585725212
2021-08-04,-1.6420821996832282,-1.0521364491191856,-2.5096834852606644,-1.426291104165714,0.9391824526233463,0.0040847544524664
2021-08-05,-1.1019289560997954,-1.6075318463341455,-1.7080422675153994,-1.3939829893826732,-0.3413361169031036,0.0030122962875801
2021-08-06,-0.3917011198592594,-1.6826879162972126,0.09651704835185801,-0.8277117015121576,-1.4442413162441639,0.0018389799880651
2021-08-09,-1.7108648957146706,-2.8445408306694544,-1.7694360842357486,-1.0487750178524977,0.38117001827456726,0.0035216298674556
2021-08-10,0.2370582838104504,-1.0896780774966728,-0.7560305385053488,-1.228560825552117,1.4653204565150952,0.0045755973743265
2021-08-11,0.28046001298308076,-0.7156154451757996,0.09905122343592553,-0.09029838079326695,-0.015825914935394148,0.0030240630699535
2021-08-12,-0.008957521158598686,-0.26820332117560125,0.5404339445968094,0.2575426017427666,-1.8217522658243352,0.0014977432992376
2021-08-13,-1.246942078703423,-0.9371645652787663,-0.4267387657021037,-0.26370805221367477,-1.5934755332096995,0.0017280360399734
2021-08-16,-2.0982453604270197,-2.4771688316720963,-2.915061040586177,-1.9771394983393977,0.7857142856927002,0.0032762084065255
2021-08-17,-2.579752343542912,-2.7945242475924505,-2.5901757092666142,-2.309523685678161,-1.1866295264293418,0.001849065801528
2021-08-18,-3.726527399658396,-2.440931917681606,-3.346966852655361,-1.800593088023371,0.9006849314760039,0.0030072533808487
2021-08-19,-3.780275756897892,-4.005457651051535,-3.42314254791307,-4.147855887223054,-0.036971830984613666,0.0025264962724514
2021-08-20,-3.708603491458742,-3.556303668288741,-3.354238447015963,-3.5450402091883393,-0.7841105353787872,0.0021499592365039
2021-08-23,-1.9117362536102616,-1.871403680508161,-1.2687977353940059,-1.558999838138661,1.5247018738833151,0.0032963800334512
2021-08-24,-0.5177431165633103,-1.475856936176834,-0.38615055013083627,-0.9394933639487317,-0.577512776811669,0.0022592222156851
2021-08-25,0.2807368396701812,-0.11220663486019401,0.12492624340016358,-0.3038722741865704,-0.2640545144714121,0.0024138713554492
2021-08-26,-0.8481301519796642,-0.38535201058977014,0.026303968653612727,0.4664549704779565,-0.7841483979499444,0.0021482782675934
2021-08-27,0.6868252982427518,0.07393891764292457,0.8611601496478732,0.13591488501138432,-0.06317411401962483,0.0024575765471217
2021-08-30,-0.42417455571308366,0.040643518393717104,1.0037505057495832,1.9878381236183127,-1.696503496456042,0.0014725287655804
2021-08-31,-0.00920713819491425,-1.0473395113186896,-0.2705101757096316,-1.0614702593171463,1.9701686121408517,0.0037687322972961
2021-09-01,-0.2152166259988729,-0.7376405308046373,-0.038143006369423284,-0.3843612839017747,0.8741058654971643,0.0030055724119382
2021-09-02,1.8391420318281955,0.8058305487371102,1.442330439408185,0.2705896479793816,2.0168612191435313,0.0037989897376848
2021-09-03,2.1609137234204936,1.3542118937532144,2.6030180606417193,1.9734010287877741,1.0504087193174276,0.0034140478571848
2021-09-07,2.972314410581644,3.008982113055054,2.685843273953148,2.1634059918811115,7.2820163485754215,0.0072584237554526
2021-09-08,2.5150344831349765,2.9109387934418613,3.1300271266758926,3.5535936519108757,1.2929155312999205,0.0035636540902176
2021-09-09,2.3579890065721267,2.1587910932920376,2.9645409128214046,2.2950856621475313,2.258964143366296,0.004195698400558
2021-09-10,2.722876898941271,2.0586669714193455,3.167843423184382,3.438698110898861,3.0322939865694365,0.005295052068012
2021-09-13,2.348842165669404,3.144716571810058,3.5224596702925157,3.5796981388518865,3.2380952380181407,0.0054278486119399
2021-09-14,2.011482302758804,1.942223672651833,2.5180385043471287,2.9894966346882392,0.5023474178285834,0.0035115440539927
2021-09-15,2.2557354861560586,2.783761894607454,2.400294948231176,3.068223434706043,8.123791102357373,0.010415283369334
2021-09-16,2.5500082347554884,2.067570517046344,2.1091433492940634,2.462732611591686,6.88707037631936,0.0105363131308886
2021-09-17,2.064555800502233,2.246121375472841,2.0645159741558934,1.7057302822297569,6.193841847359079,0.0109767269854344
2021-09-20,0.02954623424640736,0.9751587584734098,0.23969774428019605,0.8872027691671928,4.972187104867609,0.0102774439186747
2021-09-21,1.2284016838765244,0.8189113753299871,0.03638439675017406,0.25770644294037,5.048726467275208,0.0114473982803688
2021-09-22,1.0328902650513376,0.9426473988395607,1.0657779276736712,1.4253987209881986,0.1041312959807116,0.0041082880172131
2021-09-23,1.5606299740407539,0.9578381534395157,1.1413466935050012,0.9772804561929319,-0.8895522387953487,0.0027013170391413
2021-09-24,1.0743227159791948,0.8212700131812578,1.5569515475200537,1.0508101567891095,0.33032616238264645,0.0045520638095798
2021-09-27,2.3305179023360196,4.3895449128803135,2.137425138859235,1.7682867925367705,5.498959056134644,0.0110338799283907
2021-09-28,1.9130323181809112,3.999991047401829,2.0999875141521778,3.255104651280508,0.14342366159757539,0.004916834063154
2021-09-29,2.3084909956940183,1.779371797136625,1.7718044082835758,2.153673542840077,-1.438257993368928,0.0025416249926457
2021-09-30,2.176089559462373,1.766365010846433,2.410707311999441,2.716874131744074,-1.1761929732440883,0.0028492423032636
2021-10-01,1.8145007625074547,2.535046442502688,1.5372650770213385,2.9413023888957692,-1.1904761904659762,0.0024021045730759
2021-10-04,2.3172820986168374,3.0084815065506447,2.4872131980289724,2.888845287676356,-0.7546117546052801,0.0032560367795997
2021-10-05,1.8787834741540401,3.0746271211526017,1.784664003318639,3.617868649691853,-0.8053435114401356,0.0033098277847351
2021-10-06,1.1763692723897914,2.2366158007086,1.777336416469402,1.6461161359855923,-1.5856992639160286,0.0018389799880651
2021-10-07,2.226216998857324,2.1094166715961986,1.6823638869626267,1.3732563229395383,-0.6994594594518978,0.0032425890283159
2021-10-08,3.354915399756232,2.040189242957346,2.6307500709084866,2.3788982774873637,-0.3684582743936569,0.0033720236344228
2021-10-11,1.6247961622217122,2.0212162937989175,2.2920633283273526,2.912660852468838,-0.6143847486895254,0.0028458803654426
2021-10-12,1.733640720600842,1.1325430135094094,2.292990049709204,1.4837577184213817,-0.06479690522118381,0.0032846132510779
2021-10-13,1.3426001629480633,0.8693463359543483,1.0736629160780193,1.10632435299937,0.9238197424694459,0.0040645828255406
2021-10-14,1.8935303778411499,1.4859884367285259,2.402546355332849,1.2433473574288962,2.028969957038005,0.0049302818144378
2021-10-15,1.6328340453369508,2.1612962564392717,2.7631978823382117,2.16479549335479,0.33258173618190345,0.0035888686238748
2021-10-18,2.4096114253227023,2.1777813297452617,2.226506388474844,2.242907181258728,1.7598647124744111,0.0046529219442086
2021-10-19,1.648424575726105,2.043567514101749,2.062082758550499,2.3793804370707523,-0.9807256235605277,0.0025702014641239
2021-10-20,1.8692256186501492,2.196058758694497,2.0205399754206734,1.1777682666029006,-0.04635761589281172,0.0032409080594054
2021-10-21,1.8229313655052772,2.325933778099835,2.088459692628243,1.4920153585669065,-1.1964705882071418,0.0024155523243597
2021-10-22,1.839990955268477,2.6450210667465743,2.0640925892974527,1.809864615837474,1.3047058823222422,0.0042024222762
2021-10-25,2.856926188574079,3.071767556015164,2.6661699514433685,2.1551962753526506,4.5941176469507266,0.006552416813051
2021-10-26,4.838713521325105,4.95882677890168,3.532850786123854,2.895023524459866,5.309411764580955,0.0070634313618369
2021-10-27,3.5264774861234414,4.869506398251888,3.6647260165429043,4.058360715063723,0.9603365384384535,0.0039687675976432
2021-10-28,3.8538657724310528,4.440474572717937,2.9186207747056705,4.128851707014546,1.7806524184076344,0.0046714126022239
2021-10-29,3.9076674495135055,3.595266838098477,3.1072809152614855,3.9042417659994673,3.9640644360851534,0.0061691559014616
2021-11-01,3.9152443074296754,4.803145078112383,3.6062722707981245,3.773984630513225,0.7499999999821428,0.0043083233175602
2021-11-02,3.1938364194930613,3.8806447518239184,3.4124909698672354,3.1951346470377313,-0.26071428570807825,0.0036006354062481
2021-11-03,2.5771493232052505,3.2476037571342546,3.0445968970490456,2.9027127287007257,-0.05616605616468459,0.0038914430277612
2021-11-04,1.6032167491353444,3.040261136256148,1.9808495201640839,2.9893510147343894,2.4909090908487053,0.0057438707671101
2021-11-05,1.5631078091443764,1.6923671382442604,1.6258840336853175,1.8376173737543888,1.51583248209365,0.0053807814824464
2021-11-08,1.205677733857473,1.071925472471209,1.3138310844019654,1.6687978357869384,1.737487231833759,0.0056850368552433
2021-11-09,1.2547351533787925,0.9000019995527968,1.0494972409822438,1.1464768627083144,0.34629981024010814,0.004787399457047
2021-11-10,0.984724576927953,1.0425519157006675,1.0770712876347308,1.0885267685052373,0.9841402337064418,0.0056530984459442
2021-11-11,1.841419606419477,1.3733553826022267,1.5032686916685019,0.9291337766856846,0.4816360600921263,0.0051471268038897
2021-11-12,2.039007012845961,1.5491936799944845,2.262921056213741,1.3589127367616785,0.18225190839346847,0.0048899385605863
2021-11-15,3.20269394412949,2.12242408236705,2.3160234549569334,1.385242949086971,1.404356060579463,0.0060851074559376
2021-11-16,2.655074063517527,1.993652242220177,2.464504745870775,2.429120078755695,0.6946564885344677,0.0055539212802259
2021-11-17,1.4346525766122347,1.9542385970565896,1.8303239690174078,1.9670730901527043,0.21521997621366895,0.0054160818295665
2021-11-18,1.5999278825075984,1.3454145070997725,1.9381026848972933,1.4774189073960429,-0.9334341905920293,0.004745375234285
2021-11-19,0.3809907715657979,1.0242581148872854,0.8971320808688712,0.8744939677682382,1.025094102860098,0.0060851074559376
2021-11-22,0.8933150357394705,1.6407118300302903,1.0296615181454254,0.17913467212525558,1.9661229610548023,0.0067154707973676
2021-11-23,1.9357248195615884,1.9895965046909974,1.6671893935484852,1.593082863130458,-0.005502063273576285,0.0053740576068045
2021-11-24,2.630030768030353,1.9294897709713423,1.9330877865072031,1.701032457825553,-3.6726272351121696,0.0031333260491347
2021-11-26,-2.2019732302695583,-0.30799116784192787,-2.018363221506084,-0.5906930421289286,-0.143525741025163,0.0053000949747434
2021-11-29,-0.41912223287695444,-1.0676492118466736,-1.1902997850740684,-0.7400497790788371,-2.33726812808306,0.0041721648358113
2021-11-30,-1.9269214333868154,-1.8155454188119713,-1.647936057245998,-2.790814904862116,0.055118110234050464,0.0054009531093722
2021-12-01,-3.838813441944429,-1.6963199459010616,-2.4807841818824903,-1.0823632372043905,-2.6456692912344226,0.0042478084367829
2021-12-02,-1.7838744368259867,-2.9501638428890966,-3.0562866969726152,-6.395966995750438,-4.590551180921632,0.0034174097950058
2021-12-03,-2.1586274229019997,-1.95398759665278,-2.0675226260010855,-2.447823304693651,-4.387858347238184,0.0031501357382395
2021-12-06,-0.4695564809374971,-1.0484768674078062,-1.6340686361435817,-2.8037090800214974,-2.0339892664746335,0.0042679800637087
2021-12-07,-0.18314298078694677,-0.35906982123384296,-0.02535973959157284,0.5417607088560179,-0.9811066126590794,0.0044075004832785
2021-12-08,-0.2808985427195387,-0.1913783257967949,-0.19082280243314897,0.31753054979480616,-1.8652912620906483,0.0037267080745341
2021-12-09,-0.438203931227222,-1.0707857812556025,-0.7473793778441612,-1.5757673925556948,-2.5378378377692474,0.0032392270904949
2021-12-10,-0.01623263302567329,-0.485109548986917,-0.47336263897683956,-0.3257665113554848,-1.5094527362883692,0.0033014229401827
2021-12-13,-1.0082054152628115,-0.9118554991026631,-0.6659751660754714,-0.8391911468407969,-0.779399837781356,0.003530034712008
2021-12-14,-1.4690693576745895,-1.6330711309538988,-1.0337367392203352,-1.9171486026517366,-0.6519148936059248,0.003614083157532
2021-12-15,-1.2808608950138953,-2.198572752786019,-1.7388572826537583,-1.964172437221772,-1.4964221824419244,0.0028038561426806
2021-12-16,-0.9639914508822811,-1.0506070908354919,-0.04750547993716393,-1.1726405730680136,-1.2310267856868073,0.003022382101043
2021-12-17,-0.5327644868006416,-1.0375484849133012,-1.0231448530561809,-1.1757241414383415,7.597995545487795,0.0096840618932752
2021-12-20,-0.3983214908635146,-1.9159845346225384,-1.7396261772806114,-2.185388796644769,-0.5173453996827346,0.0033821094478857
2021-12-21,0.31160014366866856,-0.6580454095813957,0.2714880612003065,-0.1418189923671322,0.34181240062506163,0.0038510997739096
2021-12-22,0.7183027056726571,-0.32011203557324136,0.060099016898643734,-0.11742804855583507,-2.3129251699893563,0.0024290000756436
2021-12-23,1.0350247927961223,-0.0032762891437185747,0.7943492517964394,0.5183560639264645,-2.982456140263671,0.0018574706460804
2021-12-27,4.694400637136216,6.048949951443068,0.18843114192171087,0.9159776168280797,12.576023391445146,0.0108019062187444
2021-12-28,4.268485357455897,7.7417532838662355,3.5407433267320276,7.181558842816214,0.9136212624281189,0.004034325385152
2021-12-29,3.4453357341057753,4.798806177287782,2.59304830322914,4.171147980000792,-2.124584717537389,0.0023987426352549
2021-12-30,2.0881396273065413,3.7968338157404418,2.235129038626715,3.6269475872683485,-0.10344827585787228,0.0033568949142285
2021-12-31,1.5010088017737244,1.4077773291547695,1.6502186508937666,1.8859203501275303,-3.85072231127285,0.0013531799729364
2022-01-03,2.6808482077704903,2.7588070980623374,1.7997196321755897,1.4275566043004337,2.2513661201570665,0.0048411904621824
2022-01-04,3.4328207859720656,4.512158460952644,3.289999137105903,2.8912734606997352,4.69398907091,0.0063439766681515
2022-01-05,1.7312735744331111,4.04837735751456,2.0820394201079444,3.2341152427644446,0.2823920265686913,0.0035989544373376
2022-01-06,2.5011315012909967,2.3629540862565612,2.120319289910715,1.9170365971626668,0.5980066444984051,0.0037586464838332
2022-01-07,1.4909842029192582,1.8742872032447624,1.9385323454540793,2.289063584360378,-1.1885245901314612,0.002724850603888
2022-01-10,0.5764835054161604,0.5225777760338991,0.8945290139027556,1.415857762762959,-0.31420765026463915,0.0032627606552416
2022-01-11,1.1707070437883815,0.9478963534143374,0.5174152299143181,0.8758673943204253,3.4826388888082724,0.0060195496684288
2022-01-12,1.4945662492011635,1.3601788209779757,1.440649384311825,1.567265012652881,0.42708333332344717,0.0038006707065952
2022-01-13,1.0117887670774284,1.5467661998341937,1.4646072366550993,1.3172888614619032,0.8068893528015263,0.004328494944486
2022-01-14,1.8338381369373138,1.3988565634966577,1.7297347396096499,0.9811529637700406,0.41614255764326746,0.0041133309239445
2022-01-18,1.1596514177457338,2.2929891289169015,1.47718008517247,2.4263934912255487,0.8943217665333022,0.0042562132813353
2022-01-19,0.9836706161225071,0.4611044470132183,1.083104932181015,1.0404457249766936,-1.1847690386720406,0.0029820388471915
2022-01-20,0.15770942144062186,0.9128553350668103,0.693040425889576,0.043676468710674314,0.637952559284945,0.0042091461518419
2022-01-21,-2.2235687574569996,-1.2807723513957971,-1.531643094957929,-0.7635698313237239,2.5335463258246316,0.0059170105648896
2022-01-24,-0.9059681203416213,-1.4937727551545927,-3.145569595003801,-3.786329145341589,0.27066817666431103,0.0042747039393506
2022-01-25,0.9198072980978056,0.053038702668377326,-1.1740495077145658,-1.754813199102921,1.0702151755136984,0.00486808596475
2022-01-26,0.36299088074966657,0.9608114966394042,0.3600586861472315,1.7971887893373084,-1.058152793590464,0.0031770312408072
2022-01-27,0.4421482860045278,0.8588218268301557,0.19802010458707486,1.5827644404926131,-1.6009122006476417,0.0027769606401129
2022-01-28,-0.3169906183601028,-0.04968664164055089,-0.6554922070680224,0.31028611667261,-1.036344755949401,0.0031181973289404
2022-01-31,0.5929210210984535,0.009528527156953329,-0.9980585011819575,-0.24395462594082493,-1.385254413263027,0.0028357945519797
2022-02-01,6.654543043918872,2.027945787504313,0.6872323210674492,0.059785755221664016,0.9723145071766929,0.0046949461669706
2022-02-02,6.284379495291816,4.237204451645756,3.0970230937028074,2.87238055841314,3.9003322258272353,0.0069171870666252
2022-02-03,4.735131697035023,4.07428473635914,3.256450227567543,3.0797092408279734,-1.0313152400619767,0.0031266021734928
2022-02-04,3.8191202763538734,3.309617310942226,4.110354502240577,3.322459061791013,-0.35281837160014995,0.0036729170693988
2022-02-07,3.285134347583714,2.200778803780248,2.385525574854975,2.3605383666699695,-1.2818371607248051,0.0029248859042352
2022-02-08,-0.7295025036420746,1.0337036351105553,0.2268857479624408,1.341342274923779,1.9109075769873287,0.006090150362669
2022-02-09,1.4032521705662777,0.12777003724006447,0.4052663918362115,-0.3464367907665097,0.665009940344632,0.0047235226384488
2022-02-10,-0.9776435070406124,1.0793322776140635,-0.9775677172332926,0.9052893258010408,6.562986003008351,0.0113263685188142
2022-02-11,0.8715510904223317,-0.04471698432647096,0.34953951395633154,-0.34818134294967445,4.004542013565413,0.0086788424848082
2022-02-14,0.3055530084168453,-0.6465194696676969,0.24937947095843588,0.21183051085580537,0.05367647058744594,0.0043268139755755
2022-02-15,-0.279909458979293,-1.3505501708682581,-0.27295658290368635,-1.129811568959602,-0.10285285285130853,0.0041267786752284
2022-02-16,-2.3922657695628464,-0.6193959390996576,-1.161495991385038,0.15042215870726436,-0.17039321510916897,0.0040561779809882
2022-02-17,-1.7930318571189339,-1.5632238929289723,-0.8138407697688457,-1.4513948624232729,0.6474030724118889,0.0050445877003504
2022-02-18,-2.9978023880656477,-3.243350783924581,-2.5873463950551487,-2.0921181052846407,0.12511251124887285,0.0044175862967414
2022-02-22,-4.168631467201842,-3.133702966044291,-4.263058173051858,-1.7518929678467416,0.866028708120159,0.0052849662545491
2022-02-23,-2.3364571149391353,-3.41096887992763,-3.289636387437762,-2.717939733070012,0.153110047844448,0.0045335731515645
2022-02-24,-1.6528037986185238,-2.4865836933227987,-3.801273680333681,-2.492589736627298,0.9603753910122966,0.005249665907429
2022-02-25,-1.1938365593306128,-2.067254550248203,-2.3760280868672505,-1.8796283633581254,-1.1480709071710518,0.0035502063389337
2022-02-28,-0.22417313001426328,-0.9365563697144258,-1.1354598789977481,-1.2241759577558209,0.2676962676893772,0.0047890804259575
2022-03-01,0.17900413344467225,0.14031747297174108,0.011179182477437042,0.10975884295547551,3.6993197277904946,0.0069945116365072
2022-03-02,0.4899218292365679,0.15818889526431154,0.6927680560770167,0.4762419966591174,-0.5328947368280817,0.0042881516906344
2022-03-03,0.0052911912889121,-0.31827783409484944,0.4664993666705651,0.044262200250202687,-2.6940298506888265,0.0023516755057615
2022-03-04,2.524582614465059,1.55016722515765,0.9842783976225931,-0.23624184192689457,9.632894736588607,0.0107817345918187
2022-03-07,4.360982117408351,4.390803225648606,5.846187726103611,2.706161614068465,22.699115043673853,0.0198471999260373
2022-03-08,3.1913183415120323,4.579603854415447,5.682264002775345,4.700668639638255,2.7596741343633466,0.0071945469368544
2022-03-09,2.457772768399404,2.3715187773756647,2.896577953406121,1.9865012357871987,3.9226069245636945,0.0081543801847384
2022-03-10,2.3130336283794306,1.9574887643248158,3.862540855432807,2.2650213484520725,0.7961783439363666,0.0059876112591297
2022-03-11,0.9377912598086278,1.401707905032071,1.6510074576185878,1.4105273201559547,-0.9246435845025531,0.004153674177796
2022-03-14,0.7790595439481662,0.6255468990781953,0.7617441228512218,0.7375874588679567,7.27291242347713,0.010919574042478
2022-03-15,1.0933607586009462,0.8200522576548981,0.23322541484111065,-0.13559198685856064,4.240445859805089,0.009623547012498
2022-03-16,1.0814481672335228,1.009771486794147,1.2980576576003096,0.9410298905049869,1.8513203214483203,0.007977878449138
2022-03-17,1.6056802660958724,1.456783153771207,1.7624925451944955,1.3665101936543065,1.221669430611148,0.0074937594029198
2022-03-18,1.590184389211695,1.1618881073285512,1.9567216081100751,1.6065697638489214,1.7101751459406993,0.0099378881987577
2022-03-21,1.467949616895904,1.4274980424281043,1.7371742262387575,2.039093837823172,-0.3468075332995241,0.0058564956841123
2022-03-22,0.9998607056487981,1.1026027078578815,1.7660598517332655,1.51091350488768,-0.7197978869938466,0.0051740223064574
2022-03-23,1.0958387003589152,1.045216896507022,1.4879054595887726,1.1410650292739304,-1.6009470512130786,0.0033652997587809
2022-03-24,1.2309183621000768,0.8676133550020629,1.1821216543508097,0.9513878925516758,-1.2524990744076083,0.0036477025357416
2022-03-25,1.9660873611212253,1.692074943729927,1.1015108953520105,0.9106394487300795,-0.8407232027478199,0.0048495953067348
2022-03-28,0.22935858069870313,0.8923523172266239,0.3968442340810905,1.1940266082948963,-0.4360869565179471,0.0056480555392128
2022-03-29,0.4652998997403493,-0.3229979405921723,-0.2195047052245234,-0.41370070831203265,-0.24879120878902164,0.0054463392699552
2022-03-30,0.5340563681447157,0.3388279130234835,0.9599320147466146,0.8551689919486339,-0.7402197802132728,0.0045066776489968
2022-03-31,-0.13468437685440668,0.21367241228546327,0.3559444271078056,0.12490823206724046,-0.748867639650238,0.0046714126022239
2022-04-01,0.9500803412371431,0.2580158135240344,0.3141971134201211,-0.049317063783761626,0.23185143500020428,0.0062683330671799
2022-04-04,0.577038553920008,1.215850196987943,1.019165380102031,1.0871307953262432,0.9080675422025258,0.0071424369006295
2022-04-05,-1.466879123855189,0.318304687111576,-0.6996803209340982,0.9618930020487356,0.9636923076804469,0.0072382521285268
2022-04-06,-1.6223145966821622,-1.6967374713951249,-0.7658146887886365,-0.9672654205395805,0.5356908971770048,0.0066095697560073
2022-04-07,-0.5456519507793608,-1.1941478945712447,-0.7487172331194806,-0.6759385632658509,0.27695287281759906,0.006422982206944
2022-04-08,0.1444150572228269,-0.8860252004259201,0.14176849604573477,-0.4569674738604491,-0.7860661505871068,0.005123593239143
2022-04-11,-0.9916747629141565,-1.9742930457545016,-1.049163674432631,-0.4209522741114109,-1.2297687861093964,0.004321771068844
2022-04-12,0.27778736447493246,1.4301559087709612,0.8216564044680581,-0.0018652165933553005,1.0084811102388824,0.0068516292791164
2022-04-13,2.136758583894549,1.4080757759553129,1.0626602473664468,0.6316846111469213,-1.2006394883900777,0.0042847897528135
2022-04-14,1.1367049564758824,1.1993907866709552,1.6881048996688481,1.0987648670867975,-1.4841402336980944,0.0038157994267896
2022-04-18,2.2600059526217278,2.1478241469838126,1.628177044006295,1.0332646969649366,0.12780656303751628,0.0054228057052084
2022-04-19,0.5999908475234297,1.0707386907480323,1.010810676452985,1.3949974968155519,-1.4372881355688596,0.0037233461367132
2022-04-20,1.3297797325459875,0.9590409598500522,1.0335862883643712,1.0859898516517847,-0.15170556552689937,0.0048445524000033
2022-04-21,-1.2069533273691853,2.3320321876013534,-0.5129453946283803,1.9941763315133756,-0.07488986783976014,0.0050092873532304
2022-04-22,-4.867863502051169,-3.1510971379976893,-3.308890559090089,-1.6017596777017569,0.7318982387332309,0.0059018818446952
2022-04-25,-5.35525820073879,-7.217032734766273,-6.272718054186173,-5.701351807413523,1.9210526315452447,0.0072752334445574
2022-04-26,-7.1885490584013185,-5.63674183058604,-4.949711004862006,-3.489244455434221,0.42280701753644195,0.0058396859950075
2022-04-27,-5.2316428424951145,-7.99144374723532,-5.5043088473807655,-4.938487279268628,-0.36395147313060744,0.0049201960009749
2022-04-28,-2.648348670899941,-4.438551254801853,-6.495617096383042,-3.1673644205531435,-1.581355932176587,0.0037048554786979
2022-04-29,-3.2153673863507994,-4.257719362815907,-2.698064289901571,-1.8606748280698935,-0.655932203378713,0.00462266450382
2022-05-02,-2.7450037222601615,-3.7066745683170996,-2.344831095242358,-2.7557888880948083,0.9982964224702164,0.006258247253717
2022-05-03,-0.9723834300950162,-2.0698786618098577,-1.8537550947597594,-2.528556415733221,-1.378109452713464,0.0036695551315778
2022-05-04,-0.40444013521560107,-0.881320595658875,-1.1201721153196769,-0.6894371238199419,-1.2207896857176344,0.003691407727414
2022-05-05,-0.20537037142420642,-0.19453022802331849,-0.40232139818401363,-0.03911357860677092,0.6502782931233715,0.0055539212802259
2022-05-06,0.556600843407817,0.2359274123377374,0.25447747214472405,0.01881140163151965,-0.7420020639681734,0.0042780658771716
2022-05-09,-1.0444434461232177,-0.21815729893254743,-0.2086979638273794,-0.03601273312480855,3.082482993144856,0.0079291303507341
2022-05-10,-0.9414706159159506,-0.6106876709137139,-0.9053000396234688,-1.0319232798561095,0.5853432281895112,0.0054950873683591
2022-05-11,-0.48075552760922036,-0.2686441394190507,-0.11949843389895262,-0.8242946430104641,-0.0588235294105506,0.0048344665865404
2022-05-12,-0.8612497621981635,-1.6765460017773626,-0.9640381863712683,-0.7553204241039873,-1.193027210864064,0.0037031745097874
2022-05-13,0.1127629889748785,-0.8660887731498611,0.004461995797167549,-0.5035105545246313,-0.6676986583969515,0.0043385807579488
2022-05-16,0.6527962013327602,0.43243305921264613,0.7194185156345961,0.07614304714862953,-0.9923793395259546,0.0038544617117306
2022-05-17,1.1632075869776537,0.8116010933377312,1.246000339902301,0.96072383534853,-1.0296359017607175,0.0038174803957
2022-05-18,-0.25096540513725935,0.9347101597268622,-0.22155238148609613,1.5976504459053813,-0.61770244819929,0.0041772077425428
2022-05-19,0.8365142427236836,-0.04334246319747107,-0.1467178586646313,-0.9666329422673214,-0.20238095237657183,0.0043234520377545
2022-05-20,1.7152811696933379,1.084545523374414,2.6080254170032893,0.9878088208757292,-0.02351313969506188,0.0043167281621126
2022-05-23,2.5551156811879205,2.4571719074270644,2.3241750374397983,1.5560276672965578,1.2130013830923099,0.0050681212650972
2022-05-24,1.9844393460692202,1.6688549647046098,2.4775217140921866,2.2589964784529313,-1.5463347164164223,0.0033804284789752
2022-05-25,2.8546192822873855,2.119601038255888,2.455978230165776,1.8804704176946598,4.507503410518213,0.0070970507400465
2022-05-26,2.873679376354663,2.7291105147884447,3.463649512484098,2.6882351330263035,5.751989389767852,0.0079761974802276
2022-05-27,3.735859068310599,4.764458016105855,3.7892020907831974,2.5371100766511194,7.696382428741695,0.0093377822977164
2022-05-31,3.207372193388177,6.404977477651127,6.076535677173502,4.510084372791888,7.089147286638523,0.0089427546037536
2022-06-01,3.9499055089596897,6.682501899245109,5.517289987813705,3.5651331248228626,1.33175803400129,0.0057707662696778
2022-06-02,2.635805476771413,5.533428551743146,4.043631626125483,3.302221202750399,1.049707602318719,0.0058564956841123
2022-06-03,2.6697996369523,4.597746200523255,3.4123549969727787,2.218754835415861,-0.7293997965263601,0.0039838963178376
2022-06-06,2.88647639957987,4.526460617410874,3.4826294952732724,2.8558454174779073,0.7387791741339537,0.0056430126324813
2022-06-07,2.6487139533168382,3.974933247388385,3.1431806130451774,2.648553536104852,1.9452423698034966,0.0067726237403239
2022-06-08,2.5492913722897086,3.281067457378497,3.2459776477987865,2.6403035149010097,-0.2517140058716608,0.0044024575765471
2022-06-09,2.339575103602469,2.4558788965781226,2.1592118879230564,2.2321782492903877,4.644827586126813,0.0092638196656552
2022-06-10,1.4982225236496192,1.7430745903284908,1.9709935425382432,1.7544991013180946,-1.3166953528172687,0.0034493482043049
2022-06-13,0.463123661714326,0.5825752132714465,0.5476438626844357,1.1815622001138417,0.7040385774478115,0.0063372527925096
2022-06-14,0.38326511987916395,0.48981150630932047,0.20134583376208928,0.8273508736160775,-0.3230059327577719,0.0049437295657216
2022-06-15,0.17636147998006796,0.10631471764108015,0.07886174863446424,0.13460268614857845,-0.16153846153620227,0.0052547088141604
2022-06-16,-0.9070024911358228,-0.5967620819383089,-0.7314961661109077,-0.5046554522324673,0.8605378361368289,0.0068633960614898
2022-06-17,-2.4134835627582287,-1.3268311993080242,-2.2848331389322403,-1.1178938802085623,9.175920149604792,0.0181763168290202
2022-06-21,-2.07671786021637,-2.4349535664205435,-2.0351716960294324,-2.411586212209362,1.1131221719313107,0.0075441884702342
2022-06-22,-2.7125150699617686,-3.0140093082276316,-2.8094108763929793,-3.1830452284470834,3.1912416851087446,0.0113936072752334
2022-06-23,-3.0681443945633324,-3.2493810824225875,-3.1659290418594996,-3.0237876536803303,3.3183374082805055,0.0125215374141655
2022-06-24,-3.141726025821487,-3.272295145293297,-2.9794137165442556,-3.1416796745463498,3.5048339638208925,0.013825969288698
2022-06-27,-2.2257381294594016,-3.185852504947672,-2.9609555808364925,-3.283355618767648,2.2295446130897476,0.0118794072903621
2022-06-28,-1.4043757675849788,-1.9752155400638383,-1.933960910549465,-2.524302776952068,2.217697149187577,0.0118525117877944
2022-06-29,-1.9600763417873865,-1.7231680963921223,-1.932721638807969,-1.4171041240134197,3.569847856130222,0.0154951714168046
2022-06-30,-1.6751035547662236,-1.9471014020653494,-1.808696615256115,-2.013204250185788,7.045505304259936,0.0284150984627539
2022-07-01,-1.1986176558431016,-1.7635051088100326,-1.7762729713427934,-2.1022774641812583,3.8417353368694047,0.021726523167954
2022-07-05,-1.3783173740744128,-1.3897998659404711,-1.2603510252595211,-1.5159623469758057,1.0740885162757883,0.0149589423343615
2022-07-06,-1.5369208172790536,-1.4300208433058288,-1.569167195295397,-1.2316462404129866,2.204827706831538,0.0222173660898141
2022-07-07,-0.8938316368716945,-0.9812168176058446,-0.9493803073774335,-1.1765780255849436,0.8768703803826325,0.0159540759293656
2022-07-08,-0.7589408384145433,-0.8436354366282234,-0.7536978042618134,-0.576735180901212,0.13272036777880183,0.0127585540305432
2022-07-11,-0.7426788354552117,-0.7651851681512917,-0.8835616252672108,-0.7926435625035556,-0.08594843094109154,0.0118390640365106
2022-07-12,-1.5452777644507272,-1.150575377403228,-1.1696521575906877,-0.9852836973480364,-0.4073455759579902,0.0107649249027139
2022-07-13,-0.844240221214939,-1.0342019802862752,-1.196768303606596,-1.4396485366723217,-0.4704248819746158,0.0107766916850872
2022-07-14,-0.8624789978621751,-1.3574166663029745,-1.1185321692107257,-0.8166103737628632,-1.0084592144954172,0.0093949352406727
2022-07-15,-0.8086306467094185,-0.9428620170300399,-0.18851774783348038,-0.3680716722509524,-0.9378640776638325,0.0097647484009783
2022-07-18,-0.4995292502520224,-0.011318165688915461,0.2027636978290391,-0.16596246064699766,-0.9039334341837826,0.0101917145042402
2022-07-19,1.294960498914084,0.22339480654655103,0.3865856222568794,0.049825310705972806,-2.049668874155218,0.0077038805167298
2022-07-20,2.1890193848568615,0.9676169363064561,1.183175071602249,0.9163732333969035,-3.31953642381358,0.0051252742080535
2022-07-21,1.3649553479631618,0.36891823799851703,1.047150557579948,1.0286319958976804,-2.880147058802352,0.0052816043167281
2022-07-22,1.0354380258896705,0.6020987171621732,1.1109985020349964,0.9189821149914394,-2.055589123854649,0.0061271316786996
2022-07-25,2.274564081980878,1.5900893398743923,1.4938918357170976,1.0665058035764894,-1.8211306765439244,0.0047016700426125
2022-07-26,2.104977242083145,2.283778729163445,1.9012216564292184,2.5102770033842927,-1.4802055576647117,0.0042343606854991
2022-07-27,3.0605661065826926,2.539036518754448,2.3248492318477543,2.1983081375246636,-0.9950989632384727,0.0060414022642651
2022-07-28,3.790034216066188,3.5480376930699755,2.6445998745523096,3.204347778445978,-0.9626591841098093,0.0062296707822388
2022-07-29,5.288278140282322,4.768929191147026,3.686117382598808,3.670496625939258,-0.2268346923635936,0.0088082770909152
2022-08-01,3.286805538972142,3.3754260373502,2.5852130276901018,4.194065059772421,-1.1590529247846293,0.0056043503475403
2022-08-02,2.5570898419129624,3.1691125248966063,2.237290355466611,2.8100166229469083,-1.4016899577419455,0.0046310693483724
2022-08-03,1.5894814742285466,2.9514223584778985,1.5906881040133154,2.6746796394687125,-0.5235659481145519,0.0057623614251254
2022-08-04,0.7302931076336835,1.9790408564665694,1.245584793971438,1.874444093663783,2.007672634256429,0.0115852377310281
2022-08-05,1.123531052105783,1.113438718146668,0.7380593749215658,0.687443861455406,0.5349979533316824,0.008065288832483
2022-08-08,1.2570327163684052,1.1744587373585933,1.4322485939968606,1.4640527832282262,-0.24671772428614097,0.005799342741156
2022-08-09,1.3499552408040356,1.2263873162690164,1.601039033875036,1.4505360573422175,0.8952967525095712,0.007522335874398
2022-08-10,1.446941372588027,1.096930933411637,1.158972072579421,1.6113279586535432,1.9042553191276121,0.0090368888627404
2022-08-11,2.4561769793588644,2.2703868531816953,2.220000508875181,1.6653151053843387,1.365621500544618,0.0082283428167996
2022-08-12,2.7302762002739,2.5353693503414356,2.40523368326765,1.8736677661089423,1.3432250839715205,0.00819472343859
2022-08-15,1.995296202705178,1.5149926280043697,1.5704544169315295,1.3229914186877714,2.028555431108303,0.0092234764118037
2022-08-16,1.6639197013571743,1.9645580852491613,2.1279306772473814,1.6295334114749913,1.2523624235547264,0.0080720127081249
2022-08-17,1.489589361354186,1.6564281936050085,1.4745851607724654,0.9475736571463028,-0.00594916170896756,0.0062111801242236
2022-08-18,1.7545703440722815,2.4862553136547914,2.4158593690898735,2.0902955855462144,0.6464577656587677,0.0076736230763412
2022-08-19,1.4048105602296226,1.7957440913085074,1.8871984897165888,1.7475661221722432,-0.8331062670186226,0.0058480908395599
2022-08-22,1.8860845574969192,1.948013136835719,1.2468755478275413,1.1824923701642274,-0.39194915253683693,0.0065893981290816
2022-08-23,3.1068473265878005,3.195984535497475,2.435910261363004,2.6446274868673636,1.972635336085989,0.0103850259289454
2022-08-24,3.184467593053449,3.2391144665875813,3.6524191925232508,3.5119213535586695,-0.7138499084720702,0.0066146126627388
2022-08-25,2.3018229065339715,2.593083622677046,2.9138016172106505,4.032189530787265,-2.335514574630155,0.0042982375040973
2022-08-26,1.7593268568613143,1.9040820050947065,2.1806251938076864,3.579024394310772,-1.59486833218643,0.0050832499852915
2022-08-29,1.6463645892749117,1.8714873120842066,2.083805020008547,2.561753781298261,1.108063631364695,0.0092957580749544
2022-08-30,0.7540690251306421,0.8422338365647031,1.0001747422845166,1.9448042069193276,0.8123803445971618,0.0089393926659326
2022-08-31,0.9660634359869879,0.9155794559633008,0.6442508140143784,0.43701777265976915,0.7043048694325434,0.0089074542566335
2022-09-01,0.013056601419091318,0.5584010196615344,0.5516689877757314,1.0600351681755764,-1.7473474800829265,0.0056547794148547
2022-09-02,1.0590257088452384,0.8616645979818233,0.7778986142336661,1.0598627422374876,-1.3729922664916956,0.0056581413526756
2022-09-06,0.3351424169228191,0.32821879597095316,0.09209072555655297,0.965443366652651,-2.0023795359666585,0.0047689087990317
2022-09-07,-0.9104568720858075,-0.9921241732944537,-0.9596290246617647,-0.14335197726710736,-0.37288135592799004,0.0065893981290816
2022-09-08,-0.7857174983719333,-1.1522305279549798,-1.1211050554011066,-0.3073389441391857,0.026121521862281415,0.0066919372326208
2022-09-09,0.1527046104644642,-0.11184733373315148,0.3233662380971697,0.18875501172202025,-1.073678290201646,0.004997520570857
2022-09-12,0.9124590161968755,0.8589356938033104,1.329749002867262,0.824788466486264,-1.1192350956004586,0.004916834063154
2022-09-13,0.10165139805888078,0.8596258676692846,0.8013925582733901,0.706998441570073,1.647919010105198,0.0090520175829348
2022-09-14,1.4697987732817401,1.1787581245229002,1.1957294355118495,0.40504703953926735,1.60824742266296,0.0090805940544129
2022-09-15,0.3537069077694353,0.8019900269998208,0.8696906899019803,0.4486258116361079,-0.2495930547992448,0.0062027752796712
2022-09-16,-0.8180514449460606,-0.8243775097101497,-1.0252514175465182,-0.096479601012821,6.7899073119795075,0.0176720261558762
2022-09-19,0.35248872877035103,-0.4032812470500055,-1.3414859625368887,-3.205936275202581,0.7087378640704268,0.007767757335328
2022-09-20,-0.7469267381721061,-0.9240946600301432,-0.2560420351729982,0.07512967622792617,0.3389494549024881,0.007228166315064
2022-09-21,-1.2834642305730415,-0.48478059573261145,-0.15505364517406905,0.05934458163424656,-0.6216361679158059,0.005631245850108
2022-09-22,-2.1033704490337777,-1.0383737815593856,-0.8739740684919478,-1.0284991373527927,-0.8871359223193309,0.0051672984308155
2022-09-23,-5.552596823739618,-6.605064943470906,-4.199652056640323,-6.5398259910406376,0.8912922906168466,0.0079913262004219
2022-09-26,-6.311818795551732,-8.628801353149791,-5.024528564040184,-8.01433405679854,0.146503884571071,0.0071357130249876
2022-09-27,-4.5346383308347535,-6.698130018885007,-4.708426663127905,-7.416062891253626,-0.2611940298472023,0.0063170811655838
2022-09-28,-0.2514252080986892,-1.1131696918995644,-2.291216091518566,-4.887337800054365,2.003392130230619,0.0091226182771749
2022-09-29,0.06966558995018914,-0.876319949006235,-0.5367305672140736,-1.6264744918223566,-0.035405192761047914,0.00651375452811
2022-09-30,-0.30805067255711527,-0.5075781616900183,0.22788314657580164,-0.7098356268659762,0.7671125098227047,0.0074601400247102
2022-10-03,1.7837463581568267,1.1282797137089726,1.4745792864474931,0.8127920755507843,3.01851851847552,0.0104757982501113
2022-10-04,2.698817671991515,2.235298942949964,2.305047314104635,2.3616438288233033,1.4332225913430803,0.0089948646399784
2022-10-05,2.19058718524583,2.2316271876667857,1.6115884355270576,1.7997048162831364,1.0710710710603497,0.0091427899041007
2022-10-06,3.3658506448182934,2.637148215520579,2.1433536257622823,1.3754889076327896,1.0058105752352609,0.0090688272720396
2022-10-07,2.3528699778274165,2.5510753643426476,2.1522474310939064,1.9888631790848788,0.9621733149798877,0.0090553795207557
2022-10-10,1.3832829980634984,1.593273453590577,1.7277394065609037,1.4839625207947202,-2.7778541952850366,0.0044848250531606
2022-10-11,0.5016613805003817,0.8192278645554263,0.8229248542396332,0.4659265900393495,-1.6639582124008827,0.005204279746846
2022-10-12,1.0815546078267018,1.00843386396954,0.9192283901064779,0.1432847747150548,-1.6897398134345634,0.004451205674951
2022-10-13,1.9088904234131339,1.8011427708876109,1.1171892264587646,0.31362458041911534,-0.699067255761423,0.0061473033056253
2022-10-14,0.21808371124438583,1.1514384242242326,0.938024953224692,1.2243742382305625,-1.4596443228321054,0.0044915489288025
2022-10-17,0.879653601506585,0.7701271742127644,0.9989731641586839,1.0112918981631815,-0.5025641025589481,0.0060010590104136
2022-10-18,0.9282410131513776,0.9352428109229891,1.1143395282220478,1.5915553250074816,-0.848214285704188,0.0052177274981299
2022-10-19,1.4770046756397714,1.6543369374645935,1.5656440296844125,1.1439881039861222,1.0459603289690764,0.0086418611687776
2022-10-20,1.1649449932145117,1.375379365651652,1.8065078074394483,2.144673306781188,-0.970966206559058,0.0051101454878592
2022-10-21,2.494594098139247,1.7158027353636844,1.843311814351144,1.3541657632393096,-0.5950026028048413,0.0054547441145076
2022-10-24,1.363506631820192,2.2625963019234026,2.128444321156263,2.1299023812090496,0.2909942738126914,0.006885248657326
2022-10-25,1.2582549216659993,1.5520564579599314,1.475643429720066,1.381357218812089,-0.8255501878601659,0.0050378638247085
2022-10-26,1.9311290545521287,2.283908360338962,2.324109151995586,1.7929711334549967,-0.5170020818804025,0.0054480202388656
2022-10-27,0.9900612900150063,2.4340740506555045,1.6984239676573576,2.4565728040254275,-0.6973314606643634,0.0048933004984072
2022-10-28,0.7409949999176869,1.3401906776184216,0.5459836632091374,1.4325618535775242,-0.6274111674999511,0.0049319627833483
2022-10-31,1.4953342194792238,0.9307403946670488,1.0304740938149224,0.27911112791939935,1.6487309644335284,0.0068163289319964
2022-11-01,1.995526743885812,1.1913868111136228,2.206318621997327,1.4487432948722025,4.016243654740787,0.008776338681616
2022-11-02,-0.19894701425416284,0.9222562071072515,0.49187479611400453,1.5328596145299582,3.18375634511302,0.0080871414283192
2022-11-03,1.6004258042978945,1.9199985148718866,-0.8821150229356904,-1.1210824671630801,6.1299492384542145,0.0105262273174257
2022-11-04,2.1709933791039213,1.4398857689055136,1.860449992442457,1.7401559120650658,3.1878172588185216,0.0080905033661402
2022-11-07,3.3643021116024436,2.3780842828069155,2.330576742290097,2.0691893428040253,-0.3109919570962201,0.0052563897830709
2022-11-08,3.048739410324058,2.3074326922321227,2.768226482044197,2.2315290222711273,-0.9452229299122236,0.0048277427108985
2022-11-09,-1.727100787124539,1.0332608142880313,-0.8249547153998348,1.118197856615908,1.3808139534616122,0.0069255919111776
2022-11-10,1.9435784723849328,0.7298712513177619,0.030656949438104042,-0.5435398048804678,3.157227387943242,0.008867111002782
2022-11-11,2.9676900205953416,2.7973233060888214,3.8792858166152038,2.0559614877487298,2.636953955104641,0.010163138032762
2022-11-14,2.892816678494474,2.8884604171495263,3.6061044850336215,2.0938652607669375,1.5054735839932845,0.0095092411265853
2022-11-15,4.968136439478416,4.303228407198115,4.331414064669142,2.748337351432373,0.5368871965679497,0.0078534867497625
2022-11-16,1.8498115502920054,3.6997109697931068,3.181227013932813,2.904852850078804,-0.5811491935425288,0.0058817102177695
2022-11-17,1.627967479551256,1.0058690304571185,0.9126959929206753,0.2692174265199616,-1.0390070921880548,0.005126955176964
2022-11-18,0.6614258326120763,0.4772861280979837,-0.2621271254909794,0.1791895917690565,-0.9468085106287052,0.0052799233478176
2022-11-21,-0.7476831484080734,-1.0585818069256159,-1.8787594263218454,-0.564223108916264,1.2824248120180224,0.0091646424999369
2022-11-22,0.37330939122904766,0.2436348393892002,0.6340512872292785,-0.4297182073224466,-0.6851851851783265,0.0057203372023634
2022-11-23,-0.7231221327667164,-0.9626452424972087,-0.10889454054113126,-0.8324665608154455,-1.3583602026590664,0.0043923717630842
2022-11-25,-0.734317511450537,-0.5932206961977201,0.11626357341458847,-0.20982489868099216,-2.832335329315225,0.0017028215063162
2022-11-28,-2.2670308311006484,-2.315757595149101,-1.2075791732136194,-3.093056347852019,-1.383233532921389,0.0043469856025012
2022-11-29,-1.1511573611006125,-2.075409382543546,-0.3464902891645422,-1.8775231050417087,-0.3024193548356611,0.0059170105648896
2022-11-30,-0.3399057819413721,-1.024798505472026,-0.19890245890037705,-0.7417578387177576,0.6250644662132536,0.0074399683977844
2022-12-01,-2.052198778928222,-0.1457548804847516,-0.8979783843856008,0.39785175103491977,0.12686155543158456,0.0063036334143
2022-12-02,-1.6902222765419144,-3.273856918322299,-1.1313745782602629,-3.765493420813025,-0.15189048239697667,0.0057035275132586
2022-12-05,-3.5652699279120093,-1.470557277220251,-2.949202655457069,-1.0947636150375097,0.7443910256290963,0.0066801704502475
2022-12-06,-3.9700199755161747,-4.277593567978493,-4.667161225906953,-5.0090562586780845,1.7709137708909795,0.0084233352104152
2022-12-07,-3.8933702691604184,-5.778317792110134,-4.801705644372195,-6.820331053359348,1.1960542539926504,0.0081224417754393
2022-12-08,-4.361261649866711,-5.411002891158356,-5.18971812180255,-4.497375686439056,1.6262626262443742,0.0089276258835592
2022-12-09,-3.7830820303864603,-5.661100222000333,-3.6931184681621843,-4.710961099801939,0.45252774352093067,0.0071088175224199
2022-12-12,-2.699108721306527,-5.045319106648788,-3.493121465281137,-5.512486237105344,1.6843403205710934,0.0087881054639894
2022-12-13,-1.9710105904506376,-3.127342818682112,-2.4705784328435594,-3.973603413024745,2.6892725030494544,0.0101580951260306
2022-12-14,-1.7040726139191809,-2.5714201332668045,-2.0403767058972027,-3.2424129925666314,-0.453429602881539,0.005582497751704
2022-12-15,-1.4154363079227006,-2.758177424097943,-1.583229948731428,-2.4831076331062962,-1.0446859903255474,0.0046562838820296
2022-12-16,-1.276043857334087,-2.502346362314995,-1.349939053322457,-1.954487579101095,2.774975751670466,0.011301153985157
2022-12-19,-0.9815247920616074,-1.2847348650099868,-1.0149251653059357,-0.952492962576296,-0.9663984855563995,0.0047756326746736
2022-12-20,-0.822167344452936,-1.0447311964576957,-0.6594687192352352,-0.9802485724811827,-1.1838897721125186,0.0042326797165886
2022-12-21,0.13524648833919312,-0.39072410589630546,-0.9906895222986651,-0.4602407934767156,-0.9634888438036158,0.0045134015246388
2022-12-22,-0.6040124271965293,-0.5238068853986122,-0.7440702208436494,-0.23529478350952526,-0.7845730027461756,0.004913472125333
2022-12-23,1.8339480670164459,0.7758070881606043,1.3127928948327108,-0.17929253980735596,-1.2473829200964477,0.0042074651829314
2022-12-27,1.1222567985050111,1.035111530381453,1.7867065180233268,1.8059072774874556,-1.0275435637883357,0.004573916405416
2022-12-28,-1.0607814630600796,0.13129158087987716,-0.51760353480791,0.28859274950552477,-1.3595634692549161,0.0040141537582262
2022-12-29,0.501099533766533,-0.5601658367971879,-0.42421780729726244,-2.4673789584181467,-1.483756644991332,0.0035317156809184
2022-12-30,1.0091954963549707,0.17729772800298965,2.5887590146736645,0.18960234886256014,-0.2339675828014945,0.0050244160734247
2023-01-03,-1.2765356731702384,0.25093200435668994,-2.2995710350717404,-0.10357052671578158,1.6166456494121484,0.0074584590557997
2023-01-04,-2.9777099066192805,-3.7861934351437574,-2.967588739321812,-3.6842078699795024,-0.027410207938990357,0.0049756679750208
2023-01-05,-3.8352824166103026,-4.210190543964647,-4.479086975106053,-4.28199394759012,1.8478260869215912,0.0066431891342169
2023-01-06,-2.7774721496361647,-3.306644460317692,-3.0750907354115022,-2.969349059527922,0.28340517240768526,0.0052210894359508
2023-01-09,-1.2312831792500778,-2.686878306595408,-1.6204537726693935,-2.196347777806821,2.3092672413295414,0.006801200211802
2023-01-10,-1.2607167308561105,-1.0979180375685726,-2.173553973647202,-0.22979233721240758,0.9798882681345277,0.0057371468914682
2023-01-11,-0.13295835463234404,-1.6795555946960223,-0.9002611347434063,-0.9544347311605041,0.944645005994112,0.0056598223215861
2023-01-12,1.0035912876809767,0.027270533704130583,1.1364853621723812,0.05515487055193749,-1.659599528818384,0.0037603274527437
2023-01-13,0.7522390882046825,-0.06813229156763394,1.4671937403728277,0.7082145714161656,-1.7777777777366255,0.0035535682767547
2023-01-17,1.6642666811936089,1.0115391956243194,2.261618041512756,1.0654447378627505,-0.13657407407091263,0.004745375234285
2023-01-18,1.1345272561253699,2.6126858135971087,2.1377248816969567,1.3026037942850393,2.263888888836484,0.0064885399944528
2023-01-19,2.9759580425756775,2.9885354212182516,1.3389233825659268,0.2329313124970674,2.873626373563217,0.0071424369006295
2023-01-20,2.7054741032894825,2.2375096512354684,2.644879153658682,5.565318486211891,-0.7857142856970173,0.0043436236646803
2023-01-23,3.9443747684014405,3.1033757655117356,3.642409573653077,4.958756422989156,1.0616915422674291,0.0058968389379638
2023-01-24,1.8225760208930886,2.310454813136877,2.694299429723125,4.857700098912004,-1.252678571406202,0.003820842333521
2023-01-25,2.69006641592595,2.1119075435508687,2.0856441308720446,2.4220615056706882,-1.0471161657019152,0.0039166575614184
2023-01-26,2.587439258886076,2.231367554173274,3.2569807520789884,3.7461915255335128,-0.49309504467111137,0.004489867959892
2023-01-27,1.6552833186549887,2.267767254705579,2.079934971064274,3.2190653921567027,0.705334462308123,0.0058228763059027
2023-01-30,0.6362922217485042,1.283972175637396,0.9028123063352755,1.5345932500282438,-0.6699134198989196,0.0046024928768942
2023-01-31,1.0849726570483427,0.621701158233958,0.7095023730494081,0.7128005305658005,0.10810810810609305,0.0054160818295665
2023-02-01,0.5282821911599975,0.15657339717919125,0.15698236056998988,0.863342208880924,8.205032618672785,0.0127182107766916
2023-02-02,0.09197354403633985,-0.11759050273918259,0.6478454356866069,0.33794216415417194,2.35519125679383,0.0080736936770354
2023-02-03,0.22312323993031402,0.47212787444954635,0.9106726701134034,0.3084874954893501,1.288605697132105,0.0069827448541339
2023-02-06,-0.6335149351865634,-0.030108662646948562,-0.333809819861885,0.4846393490405502,0.2807272727231894,0.0060229116062498
2023-02-07,0.07019952211434498,-0.3660648808778113,-0.28998386421764794,-0.3696169996664109,0.5207877461630812,0.0062985905075685
2023-02-08,-1.001581661206664,-0.5272324955801966,-0.17538452867240498,0.16728912004770358,0.0,0.0056598223215861
2023-02-09,-1.9730934074424822,-1.8589000292493423,-1.092750809419772,-1.249991555395636,3.153742413983092,0.0096722951109019
2023-02-10,-0.21041344599329367,-1.0025265272777621,-0.609925163328463,-1.5169069239968656,2.3004632693275915,0.0087813815883475
2023-02-13,-0.1749269526843993,-0.3368722087188282,0.18181165607710767,-0.47072181778651195,-0.49152542372187114,0.0052748804410862
2023-02-14,0.8988597104205547,0.006265992752156595,0.07629663387580964,-1.017336482107052,-0.29519774010882494,0.0055085351196429
2023-02-15,-2.127357871344807,-1.5246669919724303,-1.108433731254632,-0.6537402236922253,0.8926553672190304,0.0069222299733566
2023-02-16,-2.5115534082497337,-1.4035485539253147,-0.6952534250103269,-1.8578829640191943,-1.1054823039402433,0.0044024575765471
2023-02-17,-3.8793457673962513,-3.3819442114650267,-4.427071838512161,-2.454768217625263,7.870056497063983,0.0152262163911278
2023-02-21,-5.65661788688074,-4.853876399676999,-5.3733087247277425,-4.139882797506954,3.2106227105835092,0.0103430017061834
2023-02-22,-4.2787768724479704,-6.3324124894995055,-6.173427491395905,-5.25369849436507,2.059344091597508,0.0094857075618386
2023-02-23,-2.18063422106988,-3.6386155533152014,-2.9078447476506413,-3.8794916189027853,3.9753026633997552,0.0135099471335277
2023-02-24,-1.3410588149862106,-2.7881584702957234,-1.7670843590673033,-2.5781385691874386,2.7238734419681316,0.0117281200884189
2023-02-27,-1.3304661542793261,-2.0425874661285444,-1.0039307282234395,-1.1742893462768909,1.019352290671253,0.0096975096445591
2023-02-28,-1.269915205821035,-1.2266928236880066,-0.8804061423090784,-0.5924080957789716,-0.25272507064793925,0.0070214071390749
2023-03-01,-0.30239837926702157,-1.1957124001511652,-1.0628902093529429,-1.955331663346025,-0.7531699070096943,0.0060498071088175
2023-03-02,0.08789388147619946,-0.21861056522346467,-0.2753585475600059,-0.5354005553597523,0.7416520210831138,0.0089662881685003
2023-03-03,1.8711249205534193,1.6498804492157801,0.21104815556622578,-0.49589570379883174,4.621451104059293,0.0165205624521974
2023-03-06,3.315708420995233,5.049737213937666,5.185425003958335,5.519070363383506,7.498815165832353,0.0301515393472797
2023-03-07,3.1094461751949227,4.329721452233032,5.046591686268616,4.080142760874739,1.123932800875109,0.0126560149270039
2023-03-08,2.3816379221304924,4.163612717169071,2.633390408144554,3.223820698365635,0.9482907210517191,0.0123534405231175
2023-03-09,1.405278479033504,3.168555365113881,1.9647727672909074,2.8298988671983274,0.5363664500121549,0.0111414619386614
2023-03-10,0.49362446668527526,1.5368322669814174,0.7457594380326592,1.4196507447444837,0.9301909307820394,0.0126408862068096
2023-03-13,-0.24631158909459336,0.191338129978836,-0.7879878489703684,-0.38313457967183034,2.1696891191597425,0.0177812891350574
2023-03-14,0.4900507804566294,0.8198875698013911,0.21245960956900442,0.3810419053029655,1.5921052631493442,0.0164180233486581
2023-03-15,-3.339393084924804,-1.5821820179122155,-3.357921115000773,-1.0948819879323513,2.8770139634646776,0.0210457307592096
2023-03-16,-2.0278123744003405,-2.0603283878547445,-2.713021084735051,-3.9696794136436035,2.4108427543555453,0.0203834290084804
2023-03-17,-2.192022619415687,-1.6172420762635409,-2.5664838397132455,-2.203954279121651,39.91478388978431,0.1492549105304297
2023-03-20,-1.022759295802107,-1.1288828276748843,-1.6801104339987563,-2.161822875598628,0.15692534381062415,0.0131855201338051
2023-03-21,-0.11935673401560662,-0.2765016490763062,-0.4809863552466147,-0.759453409816778,0.016731328806902368,0.012772001781827
2023-03-22,-1.2309767701962928,-0.47499844172662875,-1.1873231866609866,-0.2191970706658511,-1.254455222191498,0.0080400742988258
2023-03-23,-1.234941497353371,-0.9772331477899832,-1.5656165043153374,-1.857713349100296,-0.912925783889407,0.0092470099765504
2023-03-24,-1.1771445637657953,-1.6339639540869166,-1.8751653571877342,-2.461804977477495,0.05887660726343841,0.0129333747972331
2023-03-27,-0.5099349161322955,-0.742369702967031,-0.800005881040577,-0.9950580556151644,-1.7349799732900089,0.0061607510569092
2023-03-28,-0.3248707662367257,-0.28417225802139684,-0.10240688204890507,-0.5375846253135956,-1.9686248331020533,0.0052782423789072
2023-03-29,0.14089117379345245,0.09728359348481191,0.40872587502762886,0.07213184109328245,-1.1835781041335844,0.0082434715369939
2023-03-30,0.15222664233869548,0.38650317652593275,0.7079261555930222,0.7065191356700821,-1.8381397237943211,0.0051067835500382
2023-03-31,0.38992550431645506,0.5363490063827611,0.8308054329619208,0.39030978935362126,-0.956184027082429,0.0086132846972995
2023-04-03,1.6035754512710128,2.3003124507376738,2.14870423090773,2.008882531885876,0.8108981262080082,0.0158128745408853
2023-04-04,0.9593231475278171,2.205473205402212,1.3419382120656131,2.3389203729348953,-1.5354719309005327,0.0062212659376864
2023-04-05,1.4610227007897039,1.7228642922724697,1.496881139699323,1.3073055758135204,-1.4150417827241741,0.0059136486270686
2023-04-06,1.120874437385455,1.8619529023024393,1.8049783599450675,1.8567080796328932,-0.8702033598554546,0.006807924087444
2023-04-10,1.4898720769193468,2.188611520971068,1.794135144124886,1.5701472892969792,-0.35821902405955375,0.0075912555997276
2023-04-11,1.849338996607029,2.218229271766584,1.8744685099242804,2.0042736126716174,0.13335013864313913,0.0093747636137469
2023-04-12,1.5562983878459022,1.9992130577461247,1.671650277528052,1.9558212795787822,-0.43304042178957436,0.007392901268291
2023-04-13,1.245264329324249,1.4278653587373376,1.3378105658023347,1.4726643651706877,0.6018031555176423,0.0097748342144412
2023-04-14,1.423553491882786,1.3879573922228854,1.3573396844560033,1.1710548240513659,-0.9001892147502348,0.0065423309995881
2023-04-17,1.2023052839748691,1.196392713291447,1.222388919942069,1.2511150193596587,-1.3662700465456155,0.0055959455029879
2023-04-18,1.0830219741673677,0.6352103826231361,0.837106314374264,0.8447286988454527,-1.3595562279237565,0.0052261323426823
2023-04-19,0.906427209335881,0.4529194438576793,0.5987291414377597,0.5637672218879791,-1.0250696378715871,0.0055539212802259
2023-04-20,0.515042818040372,-0.02008890229337641,0.34814927913596727,0.10357086285637783,-0.09523809523683549,0.0065658645643348
2023-04-21,0.19239511048517635,0.09292090346135795,0.5260343116356772,0.4613677541745686,-1.283430232539485,0.0050698022340076
2023-04-24,1.0207288709376838,0.855071210820217,0.6723782257300164,0.08140047025242413,1.0291109362544593,0.0076534514494154
2023-04-25,-1.8704665689604285,-0.8522011432629545,-1.1320239273617738,-0.11842258584344835,-0.843430369774297,0.0056530984459442
2023-04-26,-2.5647646624800373,-1.2169705093383207,-1.7921639582258506,-2.374987783522621,1.0355253212239528,0.0078383580295682
2023-04-27,-1.8186608262451922,-2.5188530120857013,-2.0220013014868927,-2.8157863289102796,-0.3234323432289863,0.0062246278755074
2023-04-28,0.04673555270246623,0.03532998726010193,-1.1026816156409154,-1.8289399741687726,2.2310126581925473,0.0090570604896662
2023-05-01,-0.12846610220728044,-0.1858500708104726,-0.16758298883656453,-0.0747348502325368,-0.29012875535982613,0.0062700140360904
2023-05-02,-3.560762629202807,-2.2508890221263678,-2.406339609567126,-1.134696628154581,0.9204339963667191,0.0074097109573958
2023-05-03,-4.233626508648654,-3.42763378896574,-3.253040376276327,-5.230926098536969,3.198319327677339,0.0098857781625328
2023-05-04,-4.612145667287189,-2.7609886780628483,-3.1216617980262162,-4.079054064486686,1.1154499150914186,0.0082048092520528
2023-05-05,-1.8199166016757204,-1.2321927780864814,-1.3038171884279426,-1.7302466260002383,-0.3056027164634023,0.0067877524605182
2023-05-08,-0.4459740861916251,-0.2662562583605445,-0.35167201169069034,-0.1360704160315749,0.006923076922970414,0.0068028811807125
2023-05-09,-0.4046429445068605,-0.06338073935362597,-0.04761955422968999,-1.0240151730957308,-1.926517571854209,0.0046495600063876
2023-05-10,-0.14762023132070767,0.046033268547577,-0.11142434360232965,1.0360366349208563,-1.1737389911741596,0.0053219475705796
2023-05-11,-0.7611085757693489,-1.1660373706022251,-0.42466404972126454,-1.0449035958974744,-1.2753623188200425,0.0050748451407391
2023-05-12,0.5898538129109506,-0.13461881663104272,0.619489260206868,-0.06329651114315202,-0.21157167529859117,0.0060414022642651
2023-05-15,1.4064220051694576,2.691367288173887,2.064444992641168,1.105655693624699,1.563556208647119,0.0082064902209633
2023-05-16,-0.21679422125309653,1.0475808971212177,1.076170124121284,1.3711188490582693,-1.3857245854162117,0.0048025281772413
2023-05-17,2.2579427099598184,2.9609590898776204,1.4002833336190956,1.055731875884164,0.3615384615328994,0.0070718362063893
2023-05-18,2.959915317745752,4.109742479181039,2.008610181869958,2.1114175607911694,-0.08999999999861538,0.006591079097992
2023-05-19,3.2562567126034976,5.5106992505174475,4.365644918814542,5.32725630655951,0.1069849690520427,0.0068970154396994
2023-05-22,4.028480414045418,6.94426909308668,4.746286343038903,4.837603840995556,5.1823076922279645,0.0124576605955672
2023-05-23,3.962276776845734,6.0750986068545085,4.961297761749617,5.729104437094951,2.866571018610236,0.010208524193345
2023-05-24,4.25376661344605,4.661291990526252,5.16989168538427,5.674747546458097,-0.2944832944787182,0.0064767732120794
2023-05-25,2.94246721126963,3.7790190693073806,3.9543948359527255,3.734070103893175,-0.31313131312644704,0.0064566015851536
2023-05-26,2.0362872076841128,3.115131874817783,3.1810296128427176,3.2702819831675254,-1.3727858292854624,0.0052563897830709
2023-05-30,1.0479689322684504,1.2553694729881295,1.3274193401016523,1.6499103589159763,-1.4411764705709345,0.0046714126022239
2023-05-31,0.1770461819413552,0.44366187435244786,0.7263194655592146,0.7551803572552223,2.493158494840443,0.0103648543020196
2023-06-01,0.07901476060286147,0.3785742076476031,0.6021639244383775,0.6358879526565687,-1.261670761655262,0.0048075710839728
2023-06-02,1.2964417518811695,0.9171545335868414,1.025415868851021,0.7575225452623818,1.0275111964039987,0.0078837441901512
2023-06-05,0.3557753276080293,1.305755762810079,0.7943137383003804,1.9048682785617568,0.27895073576098595,0.0069003773775204
2023-06-06,1.0519067230828256,1.100486021067436,0.21485324349763882,-0.007575381115591458,1.0424895272167267,0.0079980500760638
2023-06-07,2.4179000952125307,2.1146764587403895,1.6805004834620874,1.174525016802877,2.2051282051025045,0.0099244404474739
2023-06-08,1.76798018513166,1.5423183154392202,1.4064221390205458,1.6993144213139197,-1.0119658119542796,0.0052513468763395
2023-06-09,1.2097892669226014,1.0064587692045333,1.4371525156461809,1.393151269361706,-2.216524216498957,0.0034745627379621
2023-06-12,0.08464702605237967,0.24315071542886785,0.4585111081871904,0.23623629972065924,-0.5698005697940763,0.0059035628136057
2023-06-13,0.5136285872958889,0.9137931586695532,1.0824585071582855,1.126648865778952,0.1790312691578292,0.0069894687297758
2023-06-14,-0.06015578352903324,0.6372656747809392,0.48816495625707,1.236661114407481,-1.0732919254525057,0.005291690130191
2023-06-15,1.6424758626018607,0.8844908598193781,1.0597012276730988,0.1175161502350581,1.175528873628639,0.0084720833088192
2023-06-16,1.1718273747591732,1.1292669530318056,1.3727902746106224,1.4578592409035285,5.842731505371519,0.0163911278460904
2023-06-20,0.03983098073549604,-0.17479359878000209,0.056302933621390425,0.28328266412571396,-1.031710079263514,0.0051572126173526
2023-06-21,1.3323063893695273,7.44724908141176e-06,0.2540775397950379,-0.2446413848009349,0.06888068880604084,0.0066650417300532
2023-06-22,-0.5697468513272075,-0.09359993443881667,0.2074528196281555,-0.21855191624127504,0.3931078493887287,0.0070886458954941
2023-06-23,-1.4152249340778662,-2.0158279598142848,-0.39030861871199374,-1.5350717812949168,14.721275425896414,0.0292892022962035
2023-06-26,-0.6077701020399404,-0.49777884219941015,0.07616521359265763,-0.9795495446800949,-0.47608576140213216,0.0060548500155489
2023-06-27,0.008001328082786668,-1.437217540281424,-0.6216131422676952,-0.902165918962224,-0.6429365962108684,0.0058111095235293
2023-06-28,0.36277419251132426,-0.018064515602552896,0.6902736363736581,0.0295455929279476,0.9442184776183125,0.0083107102934131
2023-06-29,2.0157702367555665,2.3895879982308057,1.3293439700843046,0.7741890189044306,-1.1915367483163526,0.0049840728195732
2023-06-30,2.5251110742525484,3.4869321940374287,2.7011708146677904,2.3169462636250353,1.0964555490866188,0.008530917220686
2023-07-03,2.839592363654922,5.051623908136549,2.7873218406203852,1.9549608301690347,-2.4296703296436304,0.0030660872927155
2023-07-05,2.8233874764061957,3.6333576153309446,3.261388867542865,2.5231641463924253,0.15721231766442775,0.0070718362063893
2023-07-06,-0.3203660014205061,2.4169560560288446,-0.30673641805876994,1.8901054134719255,-0.13817943680238143,0.0063103572899419
2023-07-07,2.697639359454693,3.469966871403947,0.5840460803528704,-0.3681330871100016,-0.28728270813746964,0.0059186915338
2023-07-10,3.2365656382798913,2.6784549714700634,4.094717869467014,2.780227439105248,-1.0477031801935035,0.0051857890888308
2023-07-11,4.348685392274487,4.843620626227176,5.410260405170022,2.7392532725283503,0.6795332136323243,0.0071239462426142
2023-07-12,2.3755604985453296,3.5452309859425855,4.445451778332738,4.209037273221289,-1.0378634212165265,0.0051975558712041
2023-07-13,1.6495598962063651,2.1663201723810577,2.515797032743532,2.219743533996702,3.2626459143545703,0.01071617680431
2023-07-14,-1.3707524130850555,0.40693262063584096,-0.7493940179250629,1.311662358416732,2.2820380854114046,0.0105951470427554
2023-07-17,-1.6164221835775636,-2.3820357492806483,-1.8109753457535374,-1.9999972303493672,1.9183055975600778,0.0100656418359542
2023-07-18,-0.7220295723905487,-1.5113830479686303,-1.0965863515266294,-1.1988666401176107,4.728189611651758,0.0147488212205515
2023-07-19,-1.223868306733635,-1.6864987630854722,-1.2988597525219354,-0.8927939300815382,5.535047907155471,0.016305398431656
2023-07-20,-0.46074668956937065,-1.415362111864701,-0.5018879792313297,-0.6699584363372866,0.25466464951835943,0.0075307407189504
2023-07-21,-0.4281574726101994,-1.1636199507208007,-0.5958778426720422,-0.44429558840806865,-0.548159354507835,0.0061842846216559
2023-07-24,0.1642891598487942,-0.8573645878392602,-0.012916554451008339,-0.4809927574541939,0.5642768850362884,0.0078652535321359
2023-07-25,0.7221353344562643,-0.08736308695478995,0.1990563165846724,-0.07488797565082349,-0.464153275643212,0.0064666873986165
2023-07-26,0.43913937904034955,-0.10753758266302141,0.9115372469716154,0.2731838961519502,-1.4185577407824654,0.0047336084519116
2023-07-27,0.07001958543100015,0.9763197823015408,1.2451494416113136,1.078524431380983,-0.9675013319023176,0.0052429420317871
2023-07-28,0.5090678468096158,0.7923482097714121,0.8730220216594544,0.37998046526056284,-0.971242539327496,0.0052647946276233
2023-07-31,0.8940027516404432,1.023799363782067,1.4784605875997132,0.9744000155016787,-0.5143884892012319,0.0057875759587826
2023-08-01,1.0198530536836508,0.8537292693333779,0.7492313259875661,0.2136725398556747,-0.5194709772149968,0.0057942998344245
2023-08-02,-0.05833450783031625,0.4727923562803663,0.6507724270022638,0.6581222382125065,1.776258992780198,0.0084636784642668
2023-08-03,0.6500020761811951,0.5978435322088556,-0.24829779452544135,0.7112612131476859,5.681430095990594,0.0157439548155556
2023-08-04,1.5324890861848393,1.6442649857661291,0.9619809205809454,0.5366441972753674,2.150777822080967,0.0118592356634364
2023-08-07,1.9983743428252232,1.5555313273896898,1.2869813520620434,2.068074540817448,-0.5196595054680206,0.0062498424091646
2023-08-08,2.391176961826926,2.077211836839988,1.1117419446046108,0.8891369395184484,-0.7914258188748418,0.0056177980988241
2023-08-09,1.2443623573839293,2.4440059243025756,1.6916515861996173,3.2704869456004326,1.7370448179150066,0.0118676405079888
2023-08-10,0.6254998610065526,0.9345456598646446,0.5997117024212228,1.1813687191726217,1.0535714285640505,0.0102270148513603
2023-08-11,0.9399729465439464,0.4246993894569165,0.8885152025736598,0.1830031046099241,-0.00485044462405133,0.0075105690920246
2023-08-14,0.32075716206603394,0.12598170511501622,0.7725797346961312,0.6691400947777524,-1.6137677351380582,0.0044075004832785
2023-08-15,-1.0127669474854633,-0.5964312792473464,-0.5516840575749635,-0.9496624307638563,1.0134907251150818,0.0085040217181183
2023-08-16,-0.24020359114353035,-0.6085188851880576,-0.03546711263849119,-1.4938148884993925,0.0013840830449635421,0.0064700493364375
2023-08-17,0.03136589613591576,1.0460913399301683,1.1013356747815493,1.1261030316986926,-0.5077835433579276,0.0057825330520512
2023-08-18,1.239053065610305,1.1283828509093112,0.2951435749894318,-1.1516558502843048,0.02352941176438022,0.0064969448390052
2023-08-21,0.6804426746443909,2.0642654306836423,1.6787575809257032,2.1967299265854567,-1.8791697553464914,0.0042276368098572
2023-08-22,1.1158212660055598,1.6535512538044692,1.5163331841228704,1.1214089867658266,0.8621200889419998,0.0073374292942452
2023-08-23,1.1682970816506024,0.48842853065721487,-0.11709121801006955,0.18830349427954757,-1.1467753891601666,0.0050597164205448
2023-08-24,0.1904411146988549,0.6873808180383896,1.232888601963986,0.387668863090011,-0.5920658682546098,0.0056951226687062
2023-08-25,0.9573233805326291,0.0799058732530961,1.2398982955642102,1.1134854343959935,-0.11769352290493375,0.0062347136889703
2023-08-28,0.5461084854382681,0.984926673434469,1.2313038287102631,1.9611632127726433,-1.1529492455260228,0.0049470915035426
2023-08-29,1.0052910760303424,0.21014667786006128,1.019065484509409,1.1152904428219228,-2.041511771969746,0.0035905495927852
2023-08-30,1.487795418967642,1.2221651523705495,2.6276367510723984,1.1786814853420027,-0.0034293552811600916,0.0062414375646122
2023-08-31,4.653073515672007,3.3422752350041387,2.3692346560271957,2.352041799402696,2.9787379972156556,0.0098958639759957
2023-09-01,7.851569212426775,7.754027481161113,5.538297396514424,4.953015679656176,6.919753086324833,0.0147252876558048
2023-09-05,6.033416971862676,9.834191169332003,4.86407318097067,7.491497649294939,2.3666873834385744,0.0095563082560788
2023-09-06,5.708042672866737,7.580047477854685,3.699142178198375,5.018347795443847,-0.22125543815759785,0.0060565309844594
2023-09-07,2.39226037520338,6.220934910605682,2.4881102588534607,4.073293725524194,1.5835922933302227,0.0084972978424764
2023-09-08,1.9203677283160805,2.5308947483448154,2.3866491117154682,2.2189161324984146,2.35177128648413,0.009536136629153
2023-09-11,-0.2153384381689714,1.9999909937908955,0.2117857001280207,2.2818652536132005,3.7776664997117915,0.0126963581808554
2023-09-12,1.832037510689232,1.053663484887109,1.400471521016144,0.5928473162070718,2.5331439393699515,0.0109800889232553
2023-09-13,1.1806489939897242,1.4378643305302152,1.0166704580798511,1.3950896215022195,1.4678030302891307,0.0090889988989653
2023-09-14,1.9134161292654002,1.2872143189534688,2.225624185777536,1.5279208959430859,0.19701762313423393,0.0072298472839744
2023-09-15,-0.1433488709578925,-0.1305386325678926,-0.08382893795229569,0.41618257772045597,4.347728126140836,0.0170147673118785
2023-09-18,-0.6166624026874477,-0.5061980273999488,-1.066471571319212,-0.0995666356482773,0.40367775831520425,0.008692290236092
2023-09-19,-1.6419283469637054,-0.7741935499173801,-1.5751408555321185,-0.32900185332611986,-0.635673624282394,0.0067911143983392
2023-09-20,-1.4711335103033234,-1.5710838039621797,-1.5682434412044637,-1.956704444721548,-0.3890489913507296,0.007182780154481
2023-09-21,-1.6379949087329924,-2.419560097208057,-2.6323064079656873,-1.8571369410046303,0.2992317023833463,0.0092167525361618
2023-09-22,-0.9779999524973977,-2.0170418379562167,-1.398249540315936,-2.1255351066994224,-0.14845791949661832,0.008356096453996
2023-09-25,0.19025026630124792,-0.8096233775246918,-0.9499011635653889,-1.6859403282939032,-1.1129883843599475,0.0068230528076383
2023-09-26,-0.02512259186861899,-0.3132397623228081,0.07265562855213843,-0.4710650082513825,-1.2333685321939456,0.0066314223518436
2023-09-27,2.4296486348961284,1.9775080101585476,1.3009183594825182,0.6308774348991413,1.1727515583154697,0.0111044806226308
2023-09-28,1.419401466715245,1.7219803482513292,1.6520262395282865,2.157602623769239,-0.11442786069537883,0.0087023760495549
2023-09-29,0.6187136086292158,0.9559624920601751,0.994705626963769,1.3518008358809972,-0.6606538895077717,0.0077122853612822
2023-10-02,-0.6643714973100763,0.10546143135956963,-0.39527665066200113,0.5628857264192482,-0.5303468208015847,0.007977878449138
2023-10-03,-0.5728817387351832,-1.3470814264429685,-0.6120231105616241,-1.7556191862415698,0.22011661807259308,0.0088486203447667
2023-10-04,-2.1317891070834305,-2.107048823869726,-2.442314159384965,-1.481055813202059,4.471555860116909,0.0141806537288092
2023-10-05,-1.4999842758274078,-2.3444766211287424,-2.6363630377603116,-2.2334312471543747,-0.8914285714172517,0.0075172929676665
2023-10-06,-0.6053775355048687,-0.6820044520624259,-1.431988482985618,-1.0117127126866279,-0.666179693196988,0.0077576715218652
2023-10-09,1.7164426591162365,1.4620060795113539,1.1106333223749092,0.20093675251360887,1.3981008034857838,0.0101328805923734
2023-10-10,1.7500227072082941,1.3924300691425324,2.2559653647417623,1.239780322420111,-2.314085739242098,0.0059439060674572
2023-10-11,1.5865549025973098,1.1760517595431192,1.5818267448253949,0.8025461320266878,-2.7875518671736508,0.0050445877003504
2023-10-12,1.4429840755143326,1.1986718127513198,1.9272739350516535,1.6008518178591669,-1.6283676703386947,0.0061405794299834
2023-10-13,2.5749929240658744,2.243067084028575,2.5245503718717264,1.687505945762937,1.3795562598830498,0.0093310584220744
2023-10-16,2.6334600321997272,2.5110086047422797,2.403794399883934,2.739297101158757,-0.9359805510383148,0.0067642188957715
2023-10-17,2.6091211011779913,1.9099387519502975,2.859573787757648,1.8494872653661314,-1.638362395729517,0.0059186915338
2023-10-18,1.8860013863933731,1.6235863410564184,2.0704267335874906,2.2648464489467357,-2.6522020725045055,0.0042931945973659
2023-10-19,1.8285293363265442,1.7405106504662704,1.3243743361284888,1.6613416413361763,-0.28674873279816443,0.0072819573201993
2023-10-20,1.5631362705766805,1.5887170912541413,1.471297995646799,1.6298469139406355,1.0310231022966203,0.0089276258835592
2023-10-23,1.100089932591838,1.3880298129147741,1.2273162576754248,1.1230594154218225,-0.3828382838233289,0.0071273081804352
2023-10-24,0.6883445742465365,0.9144112170214042,0.9531336730379039,0.911989494201956,-2.1531966224106975,0.0046142596592676
2023-10-25,0.7174819532160428,0.717400567767554,0.740784897887473,0.3699944988008193,-1.892361111089209,0.0046512409752981
2023-10-26,0.23068337631588415,0.203164550970522,0.22476943736796498,0.29245027171316923,-0.8066006600553585,0.006177560746014
2023-10-27,-0.13614412923100458,-0.11605814864470898,-0.22029924412277196,0.08995957855739063,0.11485148514699867,0.007350877045529
2023-10-30,-0.27728843233821515,-0.42608546992079166,-0.487343069227679,-0.35071731789640154,-0.7009113504440612,0.0062347136889703
2023-10-31,-0.00694012279007058,-0.3372610388513287,-0.3734931028329933,-0.5836964286163712,-1.3522895125354168,0.0049605392548264
2023-11-01,-0.0020395534594588142,0.05664307729698154,-0.04577664010275867,-0.05636045587214317,0.2775290957873316,0.0067558140512191
2023-11-02,2.575902486979676,1.8120239824011368,-0.6907755050094498,-0.9630187662040232,7.404761904644369,0.0143369838374839
2023-11-03,1.547200802461167,1.8723428984317019,2.455858247008555,2.887473033347299,2.4679300291185435,0.0093411442355373
2023-11-06,0.019569755437394674,1.0545177943109172,0.5044496368658495,2.2239900453386388,1.8061224489532637,0.0085779843501794
2023-11-07,-1.5462787583957875,-0.9570385198182313,-1.0149714209136675,0.001882196998550439,4.078909612586524,0.0139285083922372
2023-11-08,-2.5000139172237024,-1.644318652307061,-1.5778433894932726,-1.5943457122632967,3.906046511591572,0.0140041519932088
2023-11-09,-2.535608830081673,-2.3144252582747806,-1.6676691476421464,-1.650826559172422,2.8707423580535307,0.012729977559065
2023-11-10,-1.6687998684026153,-1.805591366576952,-1.4672107113455577,-1.4261639357967266,0.10314875135610045,0.0073643247968128
2023-11-13,-1.0334388849097076,-0.9405204316329617,-0.6297151109711405,-1.0542723575993234,-0.17263843648021024,0.0069373586935509
2023-11-14,0.07046500327126155,-0.4487682811330869,-0.15458273805867678,-0.3019844697827702,0.21006436512334625,0.0076181511022953
2023-11-15,0.05510469203263446,0.1662385325596238,0.6164570001952712,-0.32639770504334253,-1.0208741030525654,0.0060010590104136
2023-11-16,-2.3435587240581746,-1.0703105065298884,-2.1715931097723056,-0.653534807672759,1.9816197587365698,0.0102572722917489
2023-11-17,-0.09313037866828605,-0.5746894544592517,-0.19403372632532764,-1.6667956341551287,0.8688845401060812,0.0084771262155506
2023-11-20,-0.46168564878205437,0.48485758890280084,1.0777556189492832,0.5935765905221074,-0.11872146118566575,0.0072046327503172
2023-11-21,-1.11166688790984,-1.852471632813763,-0.2950985431641434,-0.8126949258473933,-1.720808871471353,0.0051404029282478
2023-11-22,-0.5600857651759603,-1.2260211780231538,-2.382877209675585,-2.747186576732494,-1.6347031963257053,0.0052513468763395
2023-11-24,0.0044536451509879366,0.11126688036628042,1.1141049747886456,-0.11181256401885181,-2.5666834423496057,0.0030711301994469
2023-11-27,0.26743985374689205,-0.41660644579027445,0.3144013052359444,0.19470857964015445,-0.8722610722529394,0.005711932357811
2023-11-28,-0.5387637948021662,0.5557039047098375,0.8523736030221738,1.0056839006928782,-0.6904428904364528,0.0060397212953546
2023-11-29,-0.19580576287430615,-0.30346285793013394,0.213179853449402,0.34098095364392106,-1.8223776223606307,0.0039990250380319
2023-11-30,0.611854325581795,1.6630166712476695,0.846220959242246,0.7208319690886268,0.2283464566907981,0.0079055967859874
2023-12-01,0.4637557464099145,1.0398815390319205,1.0478263627498776,-0.2458230572476883,-1.3692307692180026,0.0048159759285252
2023-12-04,0.09581227797926532,-0.40464209508078386,-0.04544470038580453,-0.4565186971718506,0.05806451612835115,0.0073676867346338
2023-12-05,-3.2386366450537314,-0.37080759170574773,-1.4251840318541864,0.1732614805813786,-1.2188639916496211,0.0051051025811277
2023-12-06,-6.112839877761591,-3.2124892528485316,-3.8424169244969733,-3.4000150906416953,1.8421052631386963,0.0100421082712075
2023-12-07,-5.57951727803426,-4.050446270079618,-3.4109987181430257,-4.114921275801931,0.9885126964813965,0.0084451878062515
2023-12-08,-3.169245333068571,-3.058827181165748,-2.69643318102869,-3.9191639993244363,-1.2787692307534921,0.004742013296464
2023-12-11,-2.8615650694267076,-1.6806894176367229,-1.4164011787362658,-2.727689752051913,-1.4398207426192087,0.0041301406130493
2023-12-12,-4.3077301172907925,-3.920005690335364,-3.3156131847428854,-3.567706290322501,-0.3797766019943589,0.0053135427260272
2023-12-13,-1.45555540834137,-1.699698963784666,-2.2984502988136444,-3.578754946433906,0.3276450511900663,0.0062599282226275
2023-12-14,2.2703763539189366,1.8163205838521963,0.9448963834538452,0.034241608683527755,1.5369487484918125,0.0080434362366468
2023-12-15,2.0486102461267706,1.5885403980682753,2.2781228034638246,1.8176547834297434,6.024433849749411,0.014372284184604
2023-12-18,3.4304290679219385,2.690632574132429,2.7629991716240907,2.6317093863335,1.0087774294544354,0.007228166315064
2023-12-19,2.6117055630066695,2.2067438950525236,2.4506821128649707,2.0916838956714026,0.8066260987044406,0.0068785247816841
2023-12-20,1.6796830440105974,2.542436906905875,1.9076546771772456,2.088316824958375,1.3482526057468027,0.0079980500760638
2023-12-21,2.034832304767,1.7940420164267326,1.4424973653483306,1.6999896761682298,0.0870511425452987,0.0065288832483043
2023-12-22,2.1071262375215216,2.112590848850719,1.7665229209787285,1.735846715052533,0.89725590298791,0.0078854251590616
2023-12-26,2.7977114015875433,2.2614096305897005,2.106583388523238,1.731429544142041,-0.2654754307560246,0.0063540624816144
2023-12-27,2.2458173830807464,1.8712215990600352,2.0422860049439695,2.0941533622852813,0.40139009556209576,0.0074416493666949
2023-12-28,0.9656724191835299,1.315670295921488,1.3633120631228315,1.6623634206353688,-2.07645525626279,0.0050445877003504
2023-12-29,0.5659454511003735,0.5862061956917688,0.8472998577016354,0.9081283765214679,0.03819709702004283,0.0069625732272081
2024-01-02,0.9307083388613492,1.0385013165615997,0.9118808842696703,0.6683009245414843,-0.8115226337314976,0.0060918313315795
2024-01-03,1.0972899709687998,0.9805311213053947,0.8203183368477974,0.57035986294855,-0.002365930599331768,0.0068734818749527
2024-01-04,-0.18531956991063284,0.8790224161618923,0.08247728263599576,1.0701515413833476,0.9657657657483646,0.0078215483404634
2024-01-05,-1.19690739305518,-0.7810473926381338,-1.2165013647844327,-1.035055752337343,7.136936936808343,0.0135788668588574
2024-01-08,-2.096520106670771,-2.1274497119839006,-2.503106318025616,-2.160256815419229,2.8162162161654734,0.0095479034115264
2024-01-09,-3.2779924219717747,-2.372549218740596,-3.418575132975039,-2.0133468392758416,0.6721820061908546,0.007641684667042
2024-01-10,-3.6216177893475745,-3.290850732739406,-4.061871339682841,-2.9515741014006394,-0.15038419319099047,0.0069978735743282
2024-01-11,-3.6061731660907674,-3.169934658064077,-3.9051707103090556,-2.9582505219416606,-0.11323003575415423,0.0070684742685684
2024-01-12,-3.2123511822132396,-2.535948597076458,-3.4185761042099565,-2.3505779694050104,-1.2741358760125354,0.0062498424091646
2024-01-16,-4.283301384646294,-3.1362929040781666,-5.340219391821382,-3.1619184637930657,4.747318235882067,0.0104959698770371
2024-01-17,-4.3394424663887685,-4.641793190699865,-5.364158766045963,-4.820191783493626,3.200238378946359,0.0094050210541356
2024-01-18,-3.2705718520300544,-3.8670879173135684,-4.391605643420776,-4.0071346650416135,1.725400457626421,0.0085225123761336
2024-01-19,-2.3537423322592326,-2.86190203675613,-2.860550579688021,-2.8373259626699117,1.4106239460133116,0.008947797510485
2024-01-22,-1.7967620187971636,-1.6585339983501506,-1.7464987895966162,-1.8288766928693954,1.67685255917988,0.0093865303961203
2024-01-23,-0.9965700768224123,-0.9578023684642268,-0.9771278976898726,-1.281404646791222,-0.9579646017557824,0.0064498777095117
2024-01-24,-0.6213354108811999,-0.8268856367562749,-0.7056207485204831,-0.8259176259931116,0.08166295471296715,0.0076265559468477
2024-01-25,-0.43372079908472266,-0.5956151253840556,-0.5822138557055863,-0.5180787728549464,0.7875101378623275,0.0084502307129829
2024-01-26,-0.37876687485617877,-0.5009113649977474,-0.5884642360711031,-0.4664848478612336,-0.9102861562117511,0.0066448701031274
2024-01-29,-0.13254385775852032,-0.47356410419795725,-0.5793878149563698,-0.6041647795709011,-1.133023975233828,0.0064028105800183
2024-01-30,0.3879391615800848,0.013300578045915131,0.2511612436529656,-0.3529394742695893,-1.6638830897471972,0.005624521974466
2024-01-31,-0.5421000529519172,-0.0014866727586713194,0.19031375451510685,0.3972421614059578,-1.8308977035235785,0.0054228057052084
2024-02-01,-0.46126716479786817,-0.22010068112819717,-0.04183408204297819,-0.33579105211552013,-1.0733157199329815,0.0062683330671799
2024-02-02,-1.1051503421963833,-1.0684619120979235,-0.785713559095722,-0.865562187114007,-0.9396485866930535,0.0063137192277628
2024-02-05,-1.0746912520707292,-1.3019691196936265,-1.8481948219377111,-1.452391680018372,-0.18023887078870274,0.0068936535018784
2024-02-06,-0.20407748722294183,-0.22068072418937837,-0.18508664320892376,-0.8201019184272788,-1.9927536231402716,0.0055589641869573
2024-02-07,0.03524175851918523,-0.24037407427640367,0.09509817505983831,-0.3455711699316293,-1.4911838790681582,0.0052765614099967
2024-02-08,1.4552746949474955,0.5912854845850003,1.032141515352964,0.055723585888494284,1.1163454675072615,0.0080837794904983
2024-02-09,1.373972985370029,0.899010984947555,1.7266712399221562,1.6841859461670643,0.5053533190506018,0.0073643247968128
2024-02-12,3.005420739824965,2.9088877694702844,3.1157623130940415,2.0619115385486717,0.5169867060484936,0.0077173282680136
2024-02-13,1.0621875762159447,2.145340383938123,2.0091928003158053,3.0402344401528585,1.058043117727064,0.0082014473142319
2024-02-14,1.314551344080561,1.5152145984446943,1.5369166646137538,1.9736374640398833,-0.881927710829206,0.0058464098706494
2024-02-15,4.428233879790893,3.6065419280689754,2.755663796137084,1.3516868381782547,2.2682730923330396,0.0091427899041007
2024-02-16,6.006648702780255,4.845730719564612,5.411898875025008,3.722994978232132,1.881124497961749,0.008737676396675
2024-02-20,5.435696359172532,4.255432969469004,6.447048856724585,3.9150772750876146,0.672057502234105,0.0073979441750224
2024-02-21,6.295153033981713,6.1156878610496745,6.482204299437788,4.6096469647145355,1.2786069651529253,0.0084250161793257
2024-02-22,2.8981260648545253,6.870088338852512,3.7462760295342727,4.282808049241702,43.10920770816404,0.0578908883080207
2024-02-23,1.2959042877761549,1.3986937264614863,1.0717112456842999,2.0513175291331525,13.180585296028829,0.0226493750998075
2024-02-26,1.1437904811282382,0.8314338475177179,0.815350951433836,0.7758223293333626,9.174948944735537,0.0187091839736424
2024-02-27,1.7967891791147839,1.2144686700719092,1.636907581280817,1.0367855421471919,6.2900584794585965,0.0165978870220795
2024-02-28,0.8870748261233751,1.0136415703927273,1.5473704314291397,1.3632973041301806,0.9254410927612358,0.0092671816034762
2024-02-29,0.8647826624893955,0.8172007072934226,1.017117371732315,1.079054413561297,2.5363189513649775,0.0120458232124996
2024-03-01,1.2016201781137983,0.990495391921956,1.4007130102106902,1.289786640012811,6.063421828848934,0.0186789265332537
2024-03-04,0.9119140758817957,1.0601078979181375,1.5137849428609391,1.367076937184664,2.4165716457436974,0.0139251464544163
2024-03-05,1.9797336545922213,1.9982899276755237,1.3918026892624478,0.6382641435512084,3.7090563991122067,0.0204372200136158
2024-03-06,1.2625457785144156,1.5546496078798842,1.4554512181950472,2.183020629634374,1.8091106290574341,0.0148126980391497
2024-03-07,1.1750713688620695,1.1073496872094124,1.1472659521459505,1.7445139425121898,0.29411764705697313,0.010838887534775
2024-03-08,0.7700644749421526,0.8519007447907907,0.8664809118420093,1.9097572179983038,0.09784411276902229,0.0115331276948032
2024-03-11,1.003078263484781,0.3256636001926263,-0.009159314593181443,0.30034259597745294,0.6675531914861337,0.0141100530345691
2024-03-12,1.1887627182446083,0.535472414369243,0.9467126041966734,1.1760169467191863,-0.39952842546293144,0.0105077366594104
2024-03-13,2.241779528174264,1.4445233206269321,2.759005061849285,2.238602300035244,0.5758114717626687,0.0151623395725296
2024-03-14,2.161354144111135,1.2920382235210786,2.081805135278927,3.5988862722264905,-0.0692187847760106,0.013402365123257
2024-03-15,2.792747080140096,2.01421400744737,2.0495666116278652,1.9267584255363839,7.164369471272724,0.0432883113826809
2024-03-18,3.5991304365810777,3.3659168309725995,2.9997890867688186,3.0976343126403,-0.32570997737961443,0.0129283318905016
2024-03-19,3.8687501887563407,3.520774567870684,4.23548367134129,4.2306064406243635,-0.5522475189693389,0.0124274031551786
2024-03-20,3.9067738883757106,2.981671691421401,3.612123225402377,4.0043175977065175,-1.5364856975975687,0.0095932895721093
2024-03-21,3.443116330563455,3.1687677634607128,3.697660096518175,3.533609805716315,-1.9880326911734498,0.007939216164197
2024-03-22,2.2150552219110313,2.8721948124394343,3.3397404479949713,2.81035373800538,-2.779763912291536,0.0062380756267912
2024-03-25,3.181813409160077,3.18090749604524,3.05883544977358,2.170178450980965,-1.3680028891197689,0.009494112406391
2024-03-26,3.2272841868888054,3.1275707397625996,3.3640903559205975,2.8144703051923385,0.004295197188564661,0.0124458938131939
2024-03-27,3.4271038389952486,3.6105346685570345,3.0125810053627995,2.6488064714929607,2.9531433033740484,0.0190436967868279
2024-03-28,3.4639640422279827,3.7787185768447626,3.5157166007341436,3.0801136293570224,1.3720067453533085,0.0165844392707956
2024-04-01,2.3740038460414206,2.8612196455190593,2.859684328718087,3.274274958417487,0.265940902019705,0.0137402398742635
2024-04-02,2.0759730705116106,1.9828044835313698,2.4713240946588844,2.474965770361245,-0.42366263178115066,0.0117751872179124
2024-04-03,2.19627858475613,1.888979090549793,1.9629240895272817,2.034807066673393,-0.7162855809545844,0.0111465048453928
2024-04-04,1.8076058493598226,2.025302958551427,2.070324209801075,2.1367000569479555,-0.6895475818961045,0.0109868127988972
2024-04-05,2.099181315158677,2.012964053398336,1.9487631530157585,1.6761906048466675,-2.6838709677171995,0.0072063137192277
2024-04-08,1.941129004144609,2.0087970073266876,2.1333974188411795,2.172164832629725,-1.8481577967856482,0.0079274493818236
2024-04-09,1.8966621815365876,1.9247995054383806,1.9323102230355917,1.8950345196650076,-1.1163895486847475,0.0090906798678758
2024-04-10,2.2014159012249617,2.2744263299654697,1.7671959229309433,1.8506682049083942,0.49359185014463625,0.013363702838316
2024-04-11,1.61796386706811,1.7147386119305013,2.074441820245393,2.200861937256406,0.15200648560882038,0.0124055505593424
2024-04-12,1.4061766325291007,1.6876386099508076,1.7754731237882513,1.3806821149751018,3.2016501649953684,0.0202439085889106
2024-04-15,1.0378601826807288,1.3018984645246516,1.2185505647942656,1.2371002669138103,-0.24500434404652474,0.0109868127988972
2024-04-16,0.744747519591309,0.6796290882021335,0.5000010377581077,0.7971927384386414,-2.237214791485152,0.0062868237251952
2024-04-17,-0.037235471930462165,0.5441999233269725,0.22398117509078005,0.7486605242908754,-0.7789142407491825,0.009322653577522
2024-04-18,-0.7598225465589441,-0.2279644022102001,-0.3904981983949019,0.01995049784530235,0.16955153422368568,0.0114289076223535
2024-04-19,-0.39008835354135546,-0.4957966174073634,-0.4428094347146903,-0.9296379346245528,-1.555074744283595,0.0077442237705813
2024-04-22,0.11647213794986581,-0.049658982543997005,-0.38324928436282485,-0.38758282048065906,-1.0637196336036343,0.008821724842199
2024-04-23,0.3123743140538481,-0.006930616002292832,0.1336106644392593,0.0958433000929595,-2.366025166525788,0.0056934416997957
2024-04-24,0.34353089530237196,0.019829546509462063,0.30882551298214816,0.043154218095299075,-1.9390563564748422,0.0060128257927869
2024-04-25,0.6265950932403156,0.48778723519022515,0.33332807109116375,0.44396789214129223,-1.5975477821738366,0.0064313870514964
2024-04-26,1.0229842013129566,0.9649233068693261,0.7400907981751053,0.3342436204306951,-0.8742038216490908,0.0073609628589919
2024-04-29,0.18119853758339585,0.40817541757262826,1.0616544668717398,0.03975540516699548,-0.18797291915421768,0.0085594936921641
2024-04-30,-4.758376711447495,-1.2571473401383635,-2.664850736859036,-0.4103321861274842,3.636798088382025,0.0166315064002891
2024-05-01,-5.689661955704555,-7.028615429582509,-5.629974092473441,-5.479277154185441,3.79245987305866,0.0174955244202758
2024-05-02,-5.045985146969331,-5.875924785098346,-3.4887152337910763,-4.96936853263472,0.8234415826739571,0.0108103110632968
2024-05-03,-3.506719626923003,-5.73684606550136,-3.090905214600758,-5.29352728451671,0.9578242018056143,0.0112490439489321
2024-05-06,-1.7978525353660701,-2.3315141521473035,-1.5442334567491958,-3.419998159216452,-0.05833661805235841,0.0090822750233234
2024-05-07,-1.1391309403147074,-1.625001906179698,-1.175199606426083,-2.1271844561868796,0.9019112874078477,0.0121685339429647
2024-05-08,-0.46880661965933546,-0.5074651635635581,-0.6607979043376827,-1.0527541936651896,2.7540569779823003,0.0164852621050773
2024-05-09,0.07785489422028606,-0.743722500650216,0.23635975171594312,-0.5181686540544763,-0.2372147915008874,0.008695652173913
2024-05-10,-0.4394715316272674,-0.5193250294073091,0.046254908402517426,0.03773469935026839,-0.4373302289449955,0.0080047739517057
2024-05-13,0.18372067645018852,-0.7560956009570501,0.0022576627842217896,-0.28999849686598733,0.7204692556576014,0.0104489027475436
2024-05-14,0.7880271920594558,0.05882678331237599,0.4625754416472673,0.26498696549598966,1.9312581063386836,0.0129569083619798
2024-05-15,0.7419422066907059,0.21254383443121305,0.3115366953323515,0.5929451843229406,0.25456204379329783,0.0100202556753712
2024-05-16,-0.7842209522921355,0.003563111753879885,0.007692984764801439,0.5258021820611878,1.4936921782885308,0.0125366661343598
2024-05-17,-0.1148657689231836,-0.7964272538944165,0.20000162549806852,-1.0449337095304154,1.3601632047376842,0.0133166357088225
2024-05-20,0.452702413038804,0.06785803064066599,0.97795983033327,-0.24567617727839083,0.1777522935766227,0.0110204321771068
2024-05-21,1.0736561467178938,1.5827151703535953,1.4343524424359833,0.17684660448546166,0.9818812644488676,0.0130560855276981
2024-05-22,0.0026488253342257582,0.5105352892825717,-0.6071737810862275,1.0867153763084272,-0.4594051446908408,0.0099546978878625
2024-05-23,-0.48039015284570163,1.2098248311599842,-0.7589972416894191,0.2996609077861337,0.6861248316058723,0.0124189983106262
2024-05-24,1.2863281239099429,0.2477381437104574,1.6869767544367318,-0.0962211827678297,1.6914839367497045,0.0144966758839795
2024-05-28,3.1606368022078506,3.85875518498874,4.81780980404147,1.9918511375923298,4.674833887004362,0.0217550996394321
2024-05-29,1.0227608067101266,3.8067099278882885,1.2872317909399262,3.7947488942595453,6.417358803933411,0.0252817724136192
2024-05-30,1.5382731161338066,2.27892698983331,2.819935231035444,0.9930603676681277,42.771179401638115,0.0988577816253288
2024-05-31,4.491448599024164,4.681410499875356,2.5189976804797376,1.7090801018291364,33.36905207918045,0.0873330587750779
2024-06-03,-1.0955519455125218,6.258166235422007,-1.1040566330715458,7.547393951815088,10.919890344130856,0.0428781549685238
2024-06-04,-3.5822199935958814,-3.3208934552740197,-4.09331041299968,-3.3173517021710963,24.736358574472515,0.0876860622462787
2024-06-05,-5.535541656664498,-4.644010516023664,-6.325786118439386,-4.91368887857794,4.680308880284786,0.0284688894678892
2024-06-06,-6.131107766020664,-6.468333770402663,-7.659965124531992,-8.696499313334575,3.9157596865306235,0.0283058354835727
2024-06-07,-5.385850654097584,-5.807309310984212,-8.67972369219131,-10.125109606771636,2.696008188322429,0.027189672127014
2024-06-10,-2.5172505202291333,-2.2419451546703186,-4.493572861021118,-6.395728131637038,0.34878643893579353,0.0190621874448432
2024-06-11,-2.0413592406980463,-1.665495335472122,-2.0827362656253467,-4.43866261221922,0.08364629566385877,0.020297699594046
2024-06-12,-1.9110358113987158,-1.2147305804097641,-1.9420996694363093,-2.2627432357332977,-0.5236144304073663,0.0158128745408853
2024-06-13,-3.0194954125582427,-2.2209328797477084,-2.7916685952986464,-3.3924682082842947,-0.21321040961556026,0.0181443784197211
2024-06-14,-3.8804270176668494,-2.8216573125835156,-3.5053608148991744,-4.101269843284037,-0.8960048426128426,0.0134595180662133
2024-06-17,-2.5414051170174634,-3.150417692189586,-3.006074764545336,-3.776525633308367,-0.4059322033888476,0.0168617991410248
2024-06-18,-1.1206291325459656,-1.3672079660383034,-1.5421175520013535,-2.286416814737882,-0.029119056395062983,0.0198993099622622
2024-06-20,-1.1000887138738322,-0.9741508278611881,-1.0125397165012213,-1.2873518902705456,0.08767050721735486,0.0214105010127837
2024-06-21,-1.4312413388946905,-1.0328002070408282,-1.0035075057787033,-0.922313172557178,0.6966607564991233,0.0255456845325645
2024-06-24,-0.41089840502910857,-0.8038886630366178,-0.8658924915476417,-1.1364081019038013,-0.6251627604146316,0.0183544995335311
2024-06-25,-0.1841066907311905,-0.894502348971743,-0.6499312522691436,-0.22065410407002034,-0.4798683701104147,0.019499239361568
2024-06-26,-0.9464008210176909,-0.4807108467280143,-0.5884265232202115,-0.41480017363847416,-1.977892918818729,0.0112288723220064
2024-06-27,-0.5318156275590681,-0.7151327997075954,-0.7091179433608856,-0.853856010887941,-0.7421416234862102,0.0164869430739878
2024-06-28,-0.26922618790496194,-0.2290718026368448,-0.01972327616624693,0.012155565123756566,28.25509499126682,0.1575992402020524
2024-07-01,0.5872773188597428,0.5808322545927541,0.27619614988773233,-0.10501747016551528,-0.49538242955010475,0.017940981181553
2024-07-02,1.1899041136031119,1.9890536639265666,2.0047623409090733,1.0913480441384438,0.04571266325925206,0.0197698753561552
2024-07-03,2.502382919571101,2.378077628213161,2.380937452052944,1.2740311545435736,-3.9367945823673858,0.0090200791736356
2024-07-05,0.5241544276166687,2.2137070818994378,1.190468908016241,2.187496609302952,-1.1850460908078864,0.0157910219450491
2024-07-08,0.40910919943737,0.6465890859915321,0.842861066324845,0.32692885535553706,-3.3309595202149103,0.0107800536229082
2024-07-09,-0.2125527308268935,0.5762836082030992,0.807517567288158,0.012082591396846587,-2.626031507857269,0.0121584481295018
2024-07-10,0.2460537893563865,-0.2955209441370114,0.655995952363104,-0.36231603489286984,-4.057961981900542,0.0064566015851536
2024-07-11,1.7728678681641736,1.5532838333352417,1.1680041386093258,0.14286681004621044,-2.5150091359826936,0.0085763033812689
2024-07-12,2.2775907614902913,2.006884397620798,1.8346607742773258,2.310570488681219,-0.08274601931567348,0.0164079375351952
2024-07-15,3.5605135470005,4.387869839392091,2.9999982212664422,2.1062883305659663,-1.0148716718588875,0.0128913505744711
2024-07-16,3.99753330416836,4.002675358218671,4.156854898569581,3.077293033670933,-1.9693593314678834,0.0087225476764807
2024-07-17,3.625603971220888,5.463533294185717,4.02118863252022,4.239128160533015,-1.402327355965653,0.0099210785096529
2024-07-18,2.6728437231803404,3.481546530465789,3.299090787151393,3.2367095048310315,-1.393646893642002,0.0076668992006992
2024-07-19,2.7146157801973745,2.5366264677650783,2.1142317148441037,2.880024450373359,-0.4923803391264547,0.0105968280116659
2024-07-22,1.425396043576942,1.19579080829602,1.6514892827071266,2.3870205784624074,0.09514435695496437,0.0128896696055606
2024-07-23,0.4675366144580939,0.24019505493904547,0.7481143544115518,0.7309536869599433,-0.11037234042494483,0.0114608460316526
2024-07-24,-0.09647983484326507,0.5176252610422234,0.35477243546158843,0.18942178944915147,0.11184779475288643,0.0121130619689188
2024-07-25,0.5609159872683681,0.3572784433387299,-0.008404844427746609,-0.3056981144050009,0.5682286302751378,0.013990704241925
2024-07-26,0.19427199825900335,0.02412580908171538,-0.01762511923075818,0.2857174959507066,-0.9731752963133301,0.0091646424999369
2024-07-29,-1.1676992662052839,-0.05067079662396503,-0.9791199131220233,0.30401439970336275,-0.3195192706148403,0.0104724363122904
2024-07-30,-1.106927363213458,-1.458673155574865,-0.5098077777647331,-1.6909456939704315,-1.660758450109969,0.0073021289471251
2024-07-31,-0.19208160299975804,-0.06667212522081663,0.3076904681165282,0.0582235537904901,-1.0275146594404374,0.0086200085729414
2024-08-01,-2.181256710812677,-0.16000929689613863,-2.0835317652198553,-0.5645600040641049,0.8687499999927605,0.0124408509064624
2024-08-02,-6.3692653129347425,-3.495625572336616,-6.52609630475411,-3.161349823213559,1.902916666650809,0.0145269333243681
2024-08-05,-7.472258533994505,-9.087738177249207,-10.708702081279545,-9.025875329796651,5.378476420754708,0.0222442615923818
2024-08-06,-6.742389289128732,-8.198711467809996,-8.57827104544807,-8.583647151771915,0.12661290322478538,0.0111246522495566
2024-08-07,-6.064469463020438,-6.786183712769832,-7.4652234268447675,-6.758951452714715,1.0653377630043164,0.0137183872784272
2024-08-08,-5.736179529722102,-5.676086250828644,-8.452530176684323,-9.683238411464348,8.572357723507542,0.0295110901923868
2024-08-09,-4.47765884850785,-5.422555448031212,-5.393682771729605,-7.288546318555096,1.7983739837252166,0.0155052572302675
2024-08-12,-3.1291826114824586,-4.884152813809971,-4.057666323295484,-6.071420203076081,0.18780487804725363,0.0121752578186066
2024-08-13,-2.827754402936244,-4.908532390983873,-3.148344811657228,-4.619500901997556,-0.22487826471691122,0.0113599878970238
2024-08-14,-2.0186474669474657,-3.372611265112177,-2.138371649523595,-3.2733107603970244,-2.168292682909201,0.0073038099160356
2024-08-15,-0.7273683617446901,-1.4871302011170093,-0.8174327190784328,-1.6823912688976808,1.6555183946330099,0.0150564385311693
2024-08-16,-0.4921371347690408,-0.7670769196390219,-0.1716839492746812,-0.7424868649324359,-0.49068322980897583,0.0112809823582312
2024-08-19,-0.19081417877140638,-0.2610256448938425,0.03389747031938409,-0.186703405467354,-0.57886178861318,0.010590104136024
2024-08-20,-1.401247831707447,-0.7256800488443886,-1.212316809939172,-0.06563218009088626,-0.42619047618709377,0.0108338446280436
2024-08-21,-1.0414698035739611,-1.284989099627965,-1.103268767850146,-0.8029008405062216,-0.7954964931650388,0.0095092411265853
2024-08-22,-1.2322584189318864,-1.4383309074444892,-1.0537152128382992,-0.9262528737114848,-0.5031531531486203,0.0102639961673908
2024-08-23,-0.24774538821295647,-0.6178237347112514,-0.38403256847283823,-0.7875613608219271,-1.1465480728407746,0.0089276258835592
2024-08-26,0.9866905002848669,1.4382544127608716,1.3125222681189825,1.7762163188940252,-1.2628070175349977,0.0081779137494852
2024-08-27,-1.7922002860705994,-0.14489042796877152,-0.9861294747247022,1.1535758181174778,0.9817596566453378,0.0136276149572613
2024-08-28,-1.9563123701172824,-2.6822101343461484,-1.779841203171608,-3.1160567117059137,0.7432730480746073,0.0131838391648946
2024-08-29,-0.5327544476972982,-1.0249353248720199,-0.5787249477539008,-1.6967777042972454,-0.11970979443676172,0.0110708612444212
2024-08-30,-0.6982204851074479,-2.365716545402721,-1.3757227295390264,-1.9038441537101256,2.2099959693493756,0.0159288613957084
2024-09-03,-6.141741696474853,-3.6633054826536826,-4.703699820555979,-3.553657500465289,2.4316807738618973,0.0163911278460904
2024-09-04,-6.680780805590626,-5.028010129788891,-5.418898573866564,-6.155770544008462,4.931709265136329,0.022146765395574
2024-09-05,-7.263130892903982,-6.590516820040271,-6.197745845213776,-6.559445547476005,1.3020112100144938,0.015086695971558
2024-09-06,-8.51650699143195,-6.862949239439827,-7.966805548402655,-8.935252550677841,0.5375510204037751,0.0128745408853663
2024-09-09,-7.734973994527169,-7.665483291927398,-6.312543860044512,-8.490283415004594,1.6575510203946324,0.0151808302305448
2024-09-10,-7.232393054295387,-7.342995640159904,-6.573817043824447,-7.997160884572143,2.2281818181683137,0.0182973465905748
2024-09-11,-5.084676001150257,-5.094889952959922,-5.051919211109369,-6.300104364061629,-0.1627162075582145,0.0120206086788424
2024-09-12,-3.712919439996798,-3.7501582981345494,-3.687884638205964,-4.4109637522507965,-0.7309715889110419,0.0106960051773842
2024-09-13,-2.886468970872373,-2.7768072949335436,-2.774170625183447,-2.9499853220259786,0.1900897052525409,0.012768639844006
2024-09-16,-1.5574429400171572,-1.9307878477083324,-1.699394674800426,-2.136607502313562,-0.05450416351207794,0.0125265803208969
2024-09-17,-0.43969264411864933,-1.0988407969701992,-0.7180094594399955,-1.3012013521784518,-0.3443195036809281,0.0119012598861984
2024-09-18,-0.4024839125413156,-0.4368968806755038,-0.32163523657067644,-0.6153826783702477,-1.7727431160559586,0.0083729061431008
2024-09-19,-0.19339579721508302,-0.10379743348341156,-0.06575095061768646,-0.08250857823153109,-0.924127465850348,0.0106001899494868
2024-09-20,-0.026245027266393734,-0.3424034196271125,-0.2076165048981953,-0.21875023673161284,12.207943049739917,0.0402070953697711
2024-09-23,0.14461838689915535,0.29911146242748365,0.21711197202089394,0.07651690161970383,-1.2210565754872906,0.010082451525059
2024-09-24,-0.7430400081928462,0.07761615038067268,-0.1325372487615367,0.4790441686059672,0.9057507987148103,0.0149354087696148
2024-09-25,-1.4239809836259683,-1.0627657442898397,-1.3163669964841087,-0.9170953986032946,1.1184407796018108,0.0155371956395666
2024-09-26,-3.7219506494098975,-2.2235652435666964,-3.376089582650923,-2.4085041341889872,1.926202012658023,0.0182485984921708
2024-09-27,-1.8977604922007232,-2.3039390490142555,-2.526202427341595,-2.7281750921510044,0.00031565656565457287,0.0149370897385252
2024-09-30,-2.0145407264813024,-1.848432616221811,-1.8136934533817521,-1.9301884774627167,0.11205808080737337,0.0152346212356802
2024-10-01,-1.7530319676797406,-0.9375062276603664,-1.9358682951459414,-2.1696988680464657,-0.1254442075328682,0.0143420267442153
2024-10-02,-1.066924646320129,-0.6858351639851065,-1.0491807702255076,-0.4159260812132286,-1.2521432173348246,0.0115213609124299
2024-10-03,0.5989324771402286,-0.023865807135042327,-0.8199127111621132,-1.0427994072025197,0.23288929719583934,0.0137267921229796
2024-10-04,1.1299212523617173,1.4129008412991162,1.1676694196588155,1.0371802806978494,-1.8670668953527696,0.0095882466653779
2024-10-07,1.6397210294742348,1.8441508598498801,1.6070056664134824,1.1407089879419618,1.030750307494623,0.0153606939039662
2024-10-08,-0.40646816251156737,0.10961786323254494,-0.013646096754310886,0.35991989083138515,-0.45754168281925134,0.0116558384252683
2024-10-09,-0.4526583006192297,-0.8299710470920781,-0.5302384587962214,-1.085500487251151,-1.2126331252206195,0.009872330411249
2024-10-10,-0.06146897526956317,-0.2751654653773394,2.1311665219487714e-06,-0.38661780489004965,-1.0212001437224492,0.0102589532606594
2024-10-11,-0.26950587858901875,-0.1275151120358362,0.21490788734328475,-0.35688088099047544,0.010218463706763787,0.0125753284193008
2024-10-14,-0.6328635005018457,-0.5191464375699019,-0.23992084033413322,-0.38015149128593145,-1.4178954423497458,0.0086822044226292
2024-10-15,-2.6085321696034125,-1.8760985214698425,-1.9653878667342615,-1.3516772747191637,3.2424242424021625,0.0211549937383908
2024-10-16,-1.9001864244797686,-2.0642295608675054,-1.4380139960657359,-1.766466273580674,-0.34564740306989283,0.0123568024609384
2024-10-17,-1.0491463668690963,-1.1549857671399801,-1.1617169541473487,-1.4292158378375162,-0.31754111197871937,0.0124694273779406
2024-10-18,-1.2694149066239182,-1.0334891100694956,-0.7060092391238115,-0.645592605847438,0.28916702632465113,0.0137015775893224
2024-10-21,-0.9853341652052461,-0.6802052130433245,-0.7995081314154143,-0.3732716621890786,0.21496815286396,0.0140545810605232
2024-10-22,-0.38408982217021936,-1.0057500582513137,-0.22480723388890647,-0.21429013123225502,-1.0342960288715317,0.0112120626329016
2024-10-23,-0.9669593361274103,-1.4826265114675492,-0.9281007652874681,-0.36502687382053545,-2.8954302181729483,0.0066112507249178
2024-10-24,-1.3325995374798876,-1.4472160262953975,-1.4444410568397013,-0.7208561569842074,-0.6454802259826227,0.0112608107313055
2024-10-25,-0.8032365874300637,-1.4733131702899942,-1.0352922613317754,-1.072948689769324,1.0936911487655963,0.014365560308962
2024-10-28,-1.699995940564255,-2.4955114426706055,-2.4702698799531,-2.751895030327779,-0.13814832767679935,0.0118777263214516
2024-10-29,-1.5465953729905912,-2.065824973740728,-2.1590445543369072,-1.8022196427790447,0.06689453124934673,0.0121080190621874
2024-10-30,-1.1055794136672166,-1.2413091131146483,-1.3196542114235423,-1.815550812343566,-0.9975704567444357,0.0102673581052118
2024-10-31,-1.4550893601635928,-1.5439669670759086,-1.1669775412651402,-1.1489767762112977,-0.09055338177651702,0.0116306238916111
2024-11-01,-1.8806760445823305,-1.552264057981225,-1.8658284712859639,-1.668081826318925,3.466960352388968,0.0179460240882844
2024-11-04,-1.4772248814018814,-1.701075069977891,-1.5264371308094278,-2.177420141087292,2.218795888377692,0.0158027887274224
2024-11-05,-0.86861328862706,-1.2967738030831675,-1.4229837019343283,-1.6363583458655735,-1.3007774538260373,0.009742895805142
2024-11-06,1.7201901725741895,1.2537554698450788,1.0923070886768034,0.5855025554776243,11.181535730038336,0.033405895157969
2024-11-07,2.1581518205700347,2.845165611132255,2.087191593760525,1.7449314162475336,6.428905519116662,0.0239655737567133
2024-11-08,1.7445175728960924,1.1935429266935491,1.6358992231182194,1.7275241535179033,0.690832553782125,0.013654510459829
2024-11-11,1.5790699575777682,1.4085969399615448,1.5025689207016297,1.4898507119682618,1.2499999999884899,0.0153438842148614
2024-11-12,0.024038847040805812,1.1210878589506819,0.42931954806072503,1.2188916039146662,0.26637791012164186,0.0132964640818968
2024-11-13,0.14806178636533615,-0.26930939063258297,-0.3874373514444929,-0.2050735875460493,-0.7211694639878596,0.011763420435539
2024-11-14,0.9686760282406299,0.34864453460093336,0.9720106022675761,0.08009551192567406,-0.9684633027411874,0.0112826633271417
2024-11-15,-0.582569898317868,0.8538639874116215,-0.23165234376069674,0.6334937643200806,1.348081023439786,0.014827826759344
2024-11-18,0.8165111417786486,0.5114859123225919,0.6215618270876471,-0.1728120232736506,0.6871002132122911,0.0137856260348464
2024-11-19,-0.13217048040854432,0.16075384666712497,0.269582381714894,0.09195149035074372,-0.4390904168875031,0.0120206086788424
2024-11-20,0.7755577271946384,0.023905697404543718,0.26036869001563223,-0.32643608769500826,0.5467863894088206,0.0144479277855756
2024-11-21,1.5435119594040332,1.0655723008755305,1.240447626492339,0.9910259341931207,1.289380530962041,0.0161692399499071
2024-11-22,2.0953192217780225,1.7119826023395794,1.290939111292458,1.3252944927858759,1.9034540157977242,0.0175644441456055
2024-11-25,0.391735008043065,1.6257246053252934,0.56984834381154,1.9651414994954415,27.40612013579595,0.0750888812311416
2024-11-26,-0.6054898671885743,-0.19822733350089555,-0.601079539852955,0.5718161482232719,0.38751147841819705,0.0157019305927936
2024-11-27,-0.7182673073961464,-0.061195426170577105,-0.23416490864305345,-0.9315540010294056,-0.9977470228452028,0.0120323754612158
2024-11-29,-0.2534733379280604,-0.7100308878885305,-0.17811413363558062,-1.1549952802821613,-3.1412938525707026,0.0064347489893174
2024-12-02,-0.7350112084386843,-0.9531476665470758,-0.6969201682204599,-0.4174217432309338,0.20073140999430533,0.0150530765933484
2024-12-03,-0.3524948289400892,-0.7081645822518441,-0.39238669483222083,-0.2871350053437591,0.39008533116302246,0.0154447423494902
2024-12-04,-3.9269539159439564,-1.9433724686150464,-4.169818398306622,-0.8232655533060227,0.8854700854599947,0.0162465645197892
2024-12-05,-4.303568323618784,-4.575308205086962,-4.278006323635079,-4.325796434572166,-0.31597425394598044,0.0141840156666302
2024-12-06,-7.262274536942132,-6.238674463018701,-10.25924135010865,-4.47056079526289,0.6652690426182353,0.0154380184738483
2024-12-09,-5.296747430378747,-5.958597600611404,-8.175911986788085,-5.842900002491976,-0.46960167714228374,0.0140730717185385
2024-12-10,-5.667791108608827,-6.973096382034358,-8.907376410091741,-5.151280231491752,-1.5480020757493722,0.011808806596122
2024-12-11,-3.3123616427004876,-7.457250746115167,-5.967494653585441,-5.894910955628525,-0.16035288012288165,0.0140562620294337
2024-12-12,-2.5445881433819655,-5.450632787785413,-4.582287453728808,-4.170217992412657,-0.5955882352861553,0.013567100076484
2024-12-13,-2.16461297291863,-3.8674664477371246,-3.161235639778113,-3.1062431306221825,-1.0358937544718465,0.0131031526571916
2024-12-16,-2.4067724754711888,-3.0500608859896627,-2.7395688965536764,-2.5860231451105857,0.9972202918554939,0.0155220669193723
2024-12-17,-2.028915644903288,-2.8240336471586662,-2.0952552666824924,-2.6757656522792734,-0.3495482974239118,0.0138932080451172
2024-12-18,-2.1642562493091835,-1.940237445720256,-2.184305670035078,-1.788776494131966,-1.2362751910877516,0.0128207498802309
2024-12-19,-1.8262786086045448,-1.3841724619563065,-1.663710992898012,-1.5306134003240548,1.0115030674691488,0.0157271451264508
2024-12-20,-1.5537910160371042,-1.577622005510335,-1.5314558798126792,-1.8072500225141517,32.53604294428626,0.0502777801124568
2024-12-23,-1.3906519184355062,-1.5735937231355432,-1.555775380068161,-1.7231476844434237,-0.8591549295664641,0.0130006135536523
2024-12-24,-1.1847191498129297,-1.3436857699580143,-1.294174987767366,-1.4662642810836781,-6.9597069596219825,0.0044831440842501
2024-12-26,-1.3457334074008829,-1.2788070574681125,-1.0695734955077434,-1.2047674522996266,-3.067621776469139,0.0094756217483757
2024-12-27,-1.2013117895531893,-1.2860057311769857,-0.9989997743640889,-1.4453292637826551,-2.266475644673164,0.0106506190168012
2024-12-30,-0.725516283002222,-0.8739499141392371,-0.9873710923998972,-1.2642365787697145,-3.230372492799652,0.0092369241630876
2024-12-31,0.10993977632018737,-0.1443139926492803,-0.2676912754781005,-0.7304750263552597,-1.2348993288472205,0.0115650661041024
2025-01-02,0.7568870393228776,0.7274252451158121,0.9446238310769833,0.5734347569604861,-1.5954861110972616,0.0102455055093756
2025-01-03,1.4246328635678318,1.1771684925812067,1.208468675763888,0.9369808403426272,-1.9596354166496561,0.0092570957900133
2025-01-06,1.813614077191656,2.264051189874037,2.114006481333359,1.620231157202566,1.0214185393186697,0.0154968523857151
2025-01-07,1.8780122796861984,2.142377431460577,2.2030765830715553,2.0713096587986097,-1.0467919177522382,0.0104287311206179
2025-01-08,1.6163072524474018,1.6465637460909726,1.6623354389183644,1.6671835768346812,-0.5532900834054376,0.0113112397986199
2025-01-10,1.6999980497529201,2.633901616130432,2.4554452702962686,2.4907028599940144,-0.8846153846071863,0.0105884231671135
2025-01-13,2.073200179682885,2.2631544190208426,2.272728794557681,1.8205457062632304,-0.20991658943271627,0.0110574134931374
2025-01-14,2.1357880980916693,2.3379449759413564,2.4527371393902984,1.9867606576117405,-0.9916005599534149,0.0093982971784936
2025-01-15,2.2316093711097644,2.5793055049739286,2.684152604318293,2.4938640185001013,-0.10289389067413833,0.0107346674623252
2025-01-16,1.4800707391286714,1.8300106809588617,1.8290204961765413,2.1048803936831746,-0.4886211512652126,0.010079089587238
2025-01-17,1.0039271352513566,1.0226389114341043,1.0738511279795933,1.3465619431917095,-0.8728881737590847,0.009707595458022
2025-01-21,0.5554376850574221,0.7668771819072464,0.6893802349947673,0.7271246193276387,1.4022526146194327,0.0120844854974407
2025-01-22,-0.004814060572781218,0.15707444224200168,0.2052228235724595,0.3972920289958117,-0.32692307691708933,0.010208524193345
2025-01-23,-0.358247675590491,-0.041609015597643344,-0.39798809990560463,0.08662581394564027,0.3406708595316421,0.0107817345918187
2025-01-24,-1.2036065758755683,-0.6614892220276128,-1.1307464418493585,-0.41847660823459076,3.6509433961498754,0.0134359845014666
2025-01-27,-1.2551511990307171,-1.2919248327353376,-1.4410882185173879,-1.6684772790349438,4.328092243095847,0.0140898814076433
2025-01-28,-1.4200995685326185,-1.5900615963438238,-1.7083297313129886,-1.7047091054873842,3.001127395648227,0.0129300128594121
2025-01-29,-1.3814420967743686,-2.0931664607210165,-1.7025843308491486,-2.117753422115496,-4.138461538386634,0.0068180099009068
2025-01-30,-1.6572135963976857,-1.9068301297977959,-1.7313182039552097,-1.6829701711952731,-0.4621212121112095,0.0103026584523319
2025-01-31,-2.4948425953040916,-2.621118604730866,-2.7801695760392793,-2.552535559144544,10.715932913821469,0.0192538179006379
2025-02-03,-2.685918540183256,-3.4099384394675374,-3.059970496760502,-3.5706533124645623,10.15275813281255,0.0228241958664974
2025-02-04,-2.306285551813723,-2.9986331527786976,-2.901694902111442,-3.528988716061641,5.183875530336862,0.0170803250993872
2025-02-05,-2.256870577799545,-2.656732865714512,-2.1345736224997234,-2.3720633823713317,6.431400282794464,0.0185629396784306
2025-02-06,-1.8465467902412502,-2.1675246305123816,-2.172446523563373,-2.5474077949731817,0.9472738166453293,0.0125131325696131
2025-02-07,-1.2459028265663845,-1.7352473101487293,-1.2417834524190474,-1.9584111565153932,0.5235571260244576,0.0123181401759974
2025-02-10,-0.6903057701350958,-0.8069348351890292,-0.8288223720815756,-1.2201380104073019,0.05148690634663572,0.0122794778910564
2025-02-11,-0.45382305768520537,-0.3800750811474656,-0.2986438273245421,-0.629693347500826,0.12916111850750855,0.0125433900100017
2025-02-12,-1.3285583199109325,-0.6710671572923176,-1.0794526908020339,-0.5451203958579605,-1.1562361295947072,0.0101093470276267
2025-02-13,-1.1597128936410939,-1.4389960010245517,-1.209580253083823,-1.417011569096239,-0.5117620949799222,0.0113297304566352
2025-02-14,-0.8786468462753554,-0.7050871740926502,-0.7572056846524244,-1.12239210011034,-0.9161585365760554,0.0107834155607292
2025-02-18,-0.242121204180173,-0.6307412571070954,-0.6848802922557605,-0.6859965003219969,0.7647967061166774,0.0136645962732919
2025-02-19,0.5589861402350819,0.3108926782129273,0.7272744908480061,-0.13321989980986162,2.018295618661355,0.0160515721261735
2025-02-20,1.0437977867932577,0.38353118491098265,0.9863019042184,0.23156118834350284,-0.6029486527645862,0.0115314467258928
2025-02-21,-0.28132178206196673,0.12316772849200462,0.2252264346562952,0.5434337593351792,7.42771385685415,0.0252162146261104
2025-02-24,-0.3509598139794703,-1.1935470546849907,0.04545506202814471,-0.3943649363518413,-1.0894736842009696,0.0104404979029912
2025-02-25,-1.7116895326532964,-1.1491701695697198,-1.222222988763195,-0.8027764970048972,3.266562743544298,0.0195732019936291
2025-02-26,0.9292610831216299,0.6011888214068961,1.0040637763153553,0.19061475535322714,7.210278682539194,0.0292723926070987
2025-02-27,1.1929266340772053,1.339285823803089,2.499998688831044,1.6334297473687527,0.5324515533649188,0.0145588717336672
2025-02-28,1.5723470656795546,0.3540372709541002,0.8204038086865588,0.5015348933742994,-0.09636247606830656,0.0131569436623269
2025-03-03,-3.00825632898296,0.942760573878629,-3.151519370685928,1.738463355375486,3.324186343309992,0.0221669370224997
2025-03-04,-3.7316314602256795,-4.682918870556661,-5.974670937943744,-4.105416426520848,4.259093809800516,0.0246295564763529
2025-03-05,-4.130797770136131,-5.778999995600876,-6.284002086657267,-4.956401452202777,6.806636885725547,0.0313399843669891
2025-03-06,-3.370871493662882,-5.14804535117061,-5.057061441391784,-4.689040544782661,2.043395022322633,0.0187932324191664
