Date,Stock,Open,High,Low,Close,Volume,Turnover
2020-03-12,000999SZ,21.490522913433107,21.6193699226306,20.73099715230178,20.832719802856445,10201451,0.0079431992103228
2020-03-13,000999SZ,19.686648334471656,20.34445313874456,19.591707192194413,20.08675575256348,9763419,0.0076021324898635
2020-03-16,000999SZ,20.48008062214644,21.144666902887284,20.18169587162272,20.26985549926757,11715836,0.0091223512482167
2020-03-17,000999SZ,20.54789594489756,20.792030301043724,19.16447297125116,19.700210571289062,9766850,0.0076048039839961
2020-03-18,000999SZ,20.005377880900102,20.26307527030525,19.496766293842448,19.51711082458496,9420466,0.0073350975358381
2020-03-19,000999SZ,19.272975094987995,19.78158660176257,18.89321226257755,19.19159698486328,11292320,0.0087925871826187
2020-03-20,000999SZ,19.19159727857449,19.42895010340405,18.98815368165406,19.408605575561523,8316257,0.0064753225825661
2020-03-23,000999SZ,19.055967807983137,19.361135737071777,18.513450408168826,18.703330993652344,8984114,0.006995338920929
2020-03-24,000999SZ,18.967810950378023,19.17803607649111,18.64908166549428,19.117002487182617,10494810,0.0081716185770522
2020-03-25,000999SZ,19.456077232357423,19.61205196805001,19.20516303470492,19.51711082458496,8427160,0.0065616754574681
2020-03-26,000999SZ,19.408609415195524,19.97825294447009,19.34079430897112,19.6256160736084,9582664,0.0074613904549057
2020-03-27,000999SZ,19.80871419064834,19.97147042365107,19.32722868285361,19.340791702270508,9869689,0.0076848779522571
2020-03-30,000999SZ,19.06275214764337,19.44929824854368,18.75758585475361,18.88643455505371,8221375,0.0064014442070807
2020-03-31,000999SZ,19.08987987131703,19.16447480577503,18.7508043442115,18.88643455505371,7837043,0.0061021901461729
2020-04-01,000999SZ,18.893212505778767,19.022061181801487,18.662641190790737,18.72367477416992,5787557,0.0045063901392163
2020-04-02,000999SZ,18.649080880349267,18.933902603625903,18.350694456292324,18.920339584350582,7562350,0.0058883047664675
2020-04-03,000999SZ,18.94746534519083,19.395043293211167,18.94746534519083,19.19837951660156,7265623,0.0056572629595636
2020-04-07,000999SZ,19.32044983385711,19.79515389731717,19.32044983385711,19.727338790893555,7869334,0.006127333024936
2020-04-08,000999SZ,19.66630557758469,19.720557663778685,19.422172871217004,19.55102157592773,6068220,0.0047249239654305
2020-04-09,000999SZ,19.57136457964082,19.740900654250257,19.57136457964082,19.706993103027344,4682727,0.0036461316540713
2020-04-10,000999SZ,19.666301789220547,20.073190675790283,19.54423461879814,19.57814216613769,6657231,0.0051835481072385
2020-04-13,000999SZ,19.469643200979394,19.82228007528569,19.300105433762308,19.740901947021484,4814252,0.0037485415246022
2020-04-14,000999SZ,19.82227768179545,20.03250280625524,19.40182575137084,19.78837013244629,6396747,0.0049807263416777
2020-04-15,000999SZ,19.84262072176113,20.71743206628486,19.84262072176113,20.43939018249512,12264938,0.0095499008754988
2020-04-16,000999SZ,20.446173416507445,20.66318173435549,20.141007151038696,20.20882225036621,11182593,0.0087071499816018
2020-04-17,000999SZ,20.263073648399622,20.48008027744487,19.61883190795856,19.645957946777344,12688001,0.0098793122197788
2020-04-20,000999SZ,20.778467815212288,21.5379953227005,20.344454498797933,21.22604751586914,26452738,0.0205970079739124
2020-04-21,000999SZ,20.968348883847074,21.293861374342704,20.459737298952785,20.5072078704834,17497729,0.0136243312030066
2020-04-22,000999SZ,20.47329911232761,20.47329911232761,20.005376616332995,20.26985549926757,9531288,0.0074213873413654
2020-04-23,000999SZ,20.26985522592125,20.683525637786687,20.16813258001049,20.24272918701172,8205815,0.0063893286580561
2020-04-24,000999SZ,20.43261033300105,20.43261033300105,19.808713153979944,19.9443416595459,7563088,0.0058888793985485
2020-04-27,000999SZ,19.890093327352,20.079973927422856,19.639177455269483,19.842622756958008,6395589,0.0049798246832092
2020-04-28,000999SZ,19.74089976704841,19.856183754520057,19.06953364601772,19.52389144897461,9660066,0.0075216583035949
2020-04-29,000999SZ,19.28654122017081,19.8494048910324,19.28654122017081,19.61883354187012,5613569,0.0043709171222694
2020-04-30,000999SZ,19.659521511931366,19.768025670218552,19.4967652745006,19.700210571289062,4550644,0.0035432873056254
2020-05-06,000999SZ,19.706991878087752,19.80871452543366,19.435731485165324,19.77480697631836,8046455,0.0062652455030071
2020-05-07,000999SZ,19.774805802040856,19.774805802040856,19.42895050310755,19.56457901000977,7094575,0.0055240791273296
2020-05-08,000999SZ,19.632396625369328,19.78837136206754,19.51711095041848,19.72055625915528,5366523,0.0041785586438418
2020-05-11,000999SZ,19.73411859920401,19.82227822994976,19.564580847769875,19.652740478515625,4655251,0.0036247378992512
2020-05-12,000999SZ,19.59848894755501,19.761245193495103,19.449297403615063,19.51711082458496,4455854,0.0034694805644916
2020-05-13,000999SZ,19.46964260853026,19.645960199565547,19.198382189237204,19.58492660522461,5909499,0.0046013383576712
2020-05-14,000999SZ,19.46285826234155,19.523890166285035,19.340791091444657,19.374698638916016,3549353,0.0027636478327207
2020-05-15,000999SZ,19.39504356973112,19.48320319498544,19.184816771047736,19.225505828857425,3987171,0.0031045479254492
2020-05-18,000999SZ,19.218725753357027,19.300103875048976,19.008500620491272,19.08309555053711,5145975,0.0040068324159319
2020-05-19,000999SZ,19.16447094815505,19.30010113169623,19.10343736556151,19.19159698486328,3911675,0.0030457641536522
2020-05-20,000999SZ,19.25263153017796,19.46285832517912,19.157690396951622,19.28653907775879,4748112,0.0036970426549051
2020-05-21,000999SZ,19.313666137173104,19.35435519642183,19.03562423230681,19.103439331054688,4557642,0.0035487361881495
2020-05-22,000999SZ,19.055971364163856,19.06275287496471,18.43885724429682,18.5744857788086,7204977,0.0056100419064694
2020-05-25,000999SZ,18.540579323503422,18.635518790225746,18.43207515410051,18.49310874938965,3620546,0.0028190811413138
2020-05-26,000999SZ,18.52023542871781,18.80505720169128,18.46598334215044,18.67620849609375,4024265,0.0031334305845442
2020-05-27,000999SZ,18.73723986223644,18.74402137224981,18.398166043072774,18.43207359313965,5177763,0.0040315836416641
2020-05-28,000999SZ,18.43207318162043,18.43207318162043,18.099780879888986,18.20150184631348,5864030,0.0045659346366815
2020-05-29,000999SZ,18.23541034726613,18.377822061799456,18.17437675532328,18.296443939208984,3445644,0.0026828964526569
2020-06-01,000999SZ,18.40494806220823,18.80505548256014,18.398166552007265,18.791492462158203,6558353,0.0051065583092658
2020-06-02,000999SZ,18.784710610283387,18.91355930175813,18.635517388575785,18.85252571105957,4601942,0.0035832296856938
2020-06-03,000999SZ,18.98137349277128,19.496764870957744,18.961028963513524,18.974590301513672,7905254,0.0061553015674144
2020-06-04,000999SZ,19.150909555080897,19.150909555080897,18.79827272945147,18.974590301513672,3869477,0.0030129073453141
2020-06-05,000999SZ,18.988154817971907,19.117001820513707,18.845743114551755,18.93390274047852,3098559,0.0024126441818853
2020-06-08,000999SZ,18.988156160718777,19.12378468253822,18.920341059056497,18.994935989379883,3859841,0.0030054044256225
2020-06-09,000999SZ,19.001719245520853,19.11022340854864,18.86608904173612,19.09665870666504,3742061,0.0029136968829414
2020-06-10,000999SZ,19.11022157410912,19.25941310244592,19.00849893103519,19.19837951660156,5029889,0.0039164438796806
2020-06-11,000999SZ,19.23906947626631,19.252632495979025,18.58804789306601,18.69655036926269,8234383,0.0064115726814838
2020-06-12,000999SZ,18.43207318619787,18.791491527466448,18.31678751851576,18.58126640319824,8103468,0.006309637777849
2020-06-15,000999SZ,18.70333113523654,19.23228720148941,18.68976979756824,19.21194267272949,12971108,0.0100997490281149
2020-06-16,000999SZ,19.367916165056403,19.39504220168284,19.028842388730904,19.279756546020508,7595673,0.0059142511957828
2020-06-17,000999SZ,19.29332265961291,19.937562769838028,19.24585208790083,19.706993103027344,14424126,0.0112311186176159
2020-06-18,000999SZ,19.727334969984035,19.76124251662842,19.205160433165368,19.422168731689453,10183225,0.0079290078223715
2020-06-19,000999SZ,19.327228345680336,19.4357308176176,19.19837966346767,19.401824951171875,6611480,0.0051479248113886
2020-06-22,000999SZ,19.435732999622683,19.584926227355343,19.36113806726152,19.428953170776367,5644108,0.0043946958338158
2020-06-23,000999SZ,19.46964220458808,19.584926198890592,19.40182710117179,19.54423713684082,5589062,0.0043518351325556
2020-06-24,000999SZ,19.46964223288528,19.612052268761285,19.32723051550409,19.428953170776367,4928245,0.0038373003793555
2020-06-29,000999SZ,19.40182597304528,19.67308468943281,19.15769161494194,19.218725204467773,5881107,0.0045792313738726
2020-06-30,000999SZ,19.286541079196496,19.93078286858276,19.2187259769974,19.79515266418457,9865268,0.007681435610211
2020-07-01,000999SZ,19.795152160507342,20.330889772743497,19.59170685908662,20.147789001464844,11546687,0.008990646042435
2020-07-02,000999SZ,20.147788796731227,20.42582902434246,19.937561987399384,20.22238540649414,10212819,0.0079520507245459
2020-07-03,000999SZ,20.18169641534769,20.3037635953754,19.903656186789654,20.13422584533692,11062260,0.0086134545856649
2020-07-06,000999SZ,20.229168607179187,20.968349893598752,20.161353501726893,20.893754959106445,15487100,0.0120587865873384
2020-07-07,000999SZ,21.076854320344825,21.198919830148057,20.7377787889324,20.84628295898437,13317371,0.010369361261528
2020-07-08,000999SZ,20.758123320817145,20.96835015029285,20.649620832270408,20.84628295898437,9864385,0.0076807480761629
2020-07-09,000999SZ,20.920876499983493,21.565118233441613,20.88696895182754,21.32098388671875,14675858,0.0114271257761675
2020-07-10,000999SZ,21.36167426704913,21.6871867494994,20.988692895746627,21.04972648620605,11213945,0.0087315617227984
2020-07-13,000999SZ,20.95478651431273,21.56512077144526,20.893754601954143,21.47696113586425,12413492,0.0096655701087765
2020-07-14,000999SZ,21.61258990608897,21.755001615626654,20.85984398003773,21.239606857299805,15337046,0.0119419494026766
2020-07-15,000999SZ,21.293862723731145,21.666844127888023,21.02260229779506,21.354894638061523,14420498,0.0112282937325349
2020-07-16,000999SZ,21.72616273655354,21.891172201902727,20.117327268535515,20.21358108520508,17214841,0.0134040649155726
2020-07-17,000999SZ,20.22045458829475,21.121129464297866,20.076073024402927,20.674230575561523,12769881,0.0099430667926667
2020-07-20,000999SZ,20.64673038507112,20.88736747754972,20.385465405185904,20.846115112304688,10461236,0.0081454767105386
2020-07-21,000999SZ,20.914869284605228,21.17613256258227,20.67423218947775,20.80486297607422,7940439,0.0061826978137146
2020-07-22,000999SZ,20.74985797536492,21.100503052605056,20.57797313358053,20.715482711791992,10454550,0.0081402707619024
2020-07-23,000999SZ,20.62610604956294,21.23113738443717,20.41984420486656,21.15550804138184,16429797,0.0127928027646424
2020-07-24,000999SZ,21.07300498176093,21.141758929906512,19.890440483225444,20.0279483795166,13429543,0.010456702223301
2020-07-27,000999SZ,20.02107176822232,20.19983202253936,19.80106085230856,19.90419006347656,7732519,0.0060208041791904
2020-07-28,000999SZ,20.089826431832343,20.28233577705479,19.801061561606584,19.890439987182617,7543196,0.0058733908059265
2020-07-29,000999SZ,19.91106744195072,20.39921878798284,19.80106282542428,20.302963256835938,8798297,0.0068506554393669
2020-07-30,000999SZ,20.38546655478676,21.14175825547796,20.29608642504876,20.749860763549805,14423124,0.0112303384260913
2020-07-31,000999SZ,20.626105613520785,21.004250616019142,20.33733903705047,20.8186149597168,11503129,0.0089567302915087
2020-08-03,000999SZ,20.894242607276933,21.22425982027574,20.79798708959026,21.08675193786621,12013557,0.0093541670175711
2020-08-04,000999SZ,21.183009301098675,21.54052809295511,20.976747476113765,21.17613220214844,14985344,0.0116681021775447
2020-08-05,000999SZ,21.045501377975032,21.306766376958844,20.71548584145864,21.21738624572754,11154514,0.0086852867103253
2020-08-06,000999SZ,21.217384541221765,21.45114794258572,20.87361653811768,21.066125869750977,9860862,0.0076780049476787
2020-08-07,000999SZ,21.03862640571029,21.176132586746856,20.701732085449635,20.91486930847168,7861566,0.0061212845940348
2020-08-10,000999SZ,20.93549714164852,21.39614689067578,20.67423384277848,21.37552070617676,11094353,0.0086384432948452
2020-08-11,000999SZ,21.313640988397065,21.403021116343663,20.57797548623609,20.632980346679688,10171354,0.0079197646551175
2020-08-12,000999SZ,20.52297371603943,20.69485857480081,19.979819267137582,20.234207153320312,8264985,0.0064354004469883
2020-08-13,000999SZ,20.254833286051703,20.48859669338644,20.09670092116821,20.16545486450196,5178982,0.0040325327968223
2020-08-14,000999SZ,20.17920536047806,20.330462328834265,19.95231735076762,20.296085357666016,4932042,0.0038402568536259
2020-08-17,000999SZ,20.30296198263941,20.557351584705227,20.213581852183854,20.52985000610352,6361023,0.0049529104115135
2020-08-18,000999SZ,20.550476655735974,20.74298600552608,20.35109020635541,20.44734573364257,6381554,0.0049688965514251
2020-08-19,000999SZ,20.48859721171765,20.49547260622496,20.117327613106973,20.15170288085937,6163465,0.0047990849851508
2020-08-20,000999SZ,20.14482861123219,20.15857939985097,19.780434417618547,19.83543586730957,6725670,0.0052368370570904
2020-08-21,000999SZ,19.91106605529785,19.97982000132888,19.801061446432385,19.91106605529785,4035228,0.0031419667518936
2020-08-24,000999SZ,19.897316109656444,20.041699402442863,19.759809916548864,19.986696243286133,4579038,0.0035653958466926
2020-08-25,000999SZ,20.069199320755427,20.21358089680614,19.945442222897007,20.05544853210449,4186293,0.0032595911357884
2020-08-26,000999SZ,20.11045191728628,20.3235874390354,19.53292049210937,19.594799041748047,9002090,0.0070093356503163
2020-08-27,000999SZ,19.66355164273957,19.691053218478363,18.9622631661844,19.182275772094727,9474236,0.0073769646997875
2020-08-28,000999SZ,19.17540076791964,19.663552042421355,19.11352222124961,19.64980125427246,8420110,0.0065561860859628
2020-08-31,000999SZ,19.64980224116387,19.80793460803415,19.37478816915772,19.395414352416992,8164288,0.0063569943133038
2020-09-01,000999SZ,19.484792201362843,19.49166759558016,19.251030502758315,19.3472843170166,5684906,0.0044264625541954
2020-09-02,000999SZ,19.395415227959763,19.47791825993704,19.07914707037404,19.42979049682617,7795446,0.0060698012970227
2020-09-03,000999SZ,19.416037743108856,20.02107071336638,19.36790998486692,19.67042732238769,12609864,0.0098184720749115
2020-09-04,000999SZ,19.326656299700613,19.59479664872144,19.120396197545443,19.56729507446289,7702094,0.0059971142319491
2020-09-07,000999SZ,19.4641672533522,19.615425935727625,19.01726830566352,19.051645278930664,9204417,0.0071668743834462
2020-09-08,000999SZ,19.03789329528809,19.14789960284174,18.83850856763118,19.03789329528809,7247619,0.0056432444284171
2020-09-09,000999SZ,18.98289121073765,18.98289121073765,18.42598595216325,18.54286766052246,9946253,0.0077444933054397
2020-09-10,000999SZ,18.604748677315776,18.75600737876505,18.24722981503826,18.2609806060791,7631136,0.0059418639024062
2020-09-11,000999SZ,18.28847921854198,18.357233162582173,18.17847290807768,18.33660697937012,5002975,0.0038954877173124
2020-09-14,000999SZ,18.370983836207177,18.529116201724023,18.247226737710765,18.35723304748535,5777272,0.0044983818858925
2020-09-15,000999SZ,18.37786060178692,18.53599297910242,18.254103494056668,18.52911758422852,3635043,0.0028303690021242
2020-09-16,000999SZ,18.590994145677065,18.597869539814123,18.21284917292288,18.350357055664062,5890332,0.0045864142748849
2020-09-17,000999SZ,18.27472889064145,18.35035823099312,18.09596863162843,18.25410270690918,6140460,0.0047811725040897
2020-09-18,000999SZ,18.233477035585643,18.529117305938964,18.16472308787924,18.501617431640625,6101895,0.004751144474004
2020-09-21,000999SZ,18.508491471516816,18.645999369529115,18.377860673189385,18.43973922729492,5506508,0.0042875557601792
2020-09-22,000999SZ,18.35723244980112,18.6184957222253,18.295353902567587,18.350357055664062,5639975,0.0043914777384355
2020-09-23,000999SZ,18.37785941675872,18.55661796716935,18.2747285003002,18.515365600585938,6036020,0.0046998519423847
2020-09-24,000999SZ,18.405359713056257,18.405359713056257,17.917208402041624,17.944711685180664,8693772,0.0067692686937502
2020-09-25,000999SZ,17.93096067113308,18.013465405162986,17.51843870576771,17.566566467285156,8657368,0.0067409232922918
2020-09-28,000999SZ,17.67657117088712,17.745325116286786,17.332803148672962,17.43593406677246,6571451,0.0051167568607519
2020-09-29,000999SZ,17.449683333028165,17.60094201448471,17.38093109169574,17.594066619873047,4877408,0.0037977169496792
2020-09-30,000999SZ,17.607815457437425,17.93095723229761,17.422179841471717,17.484058380126953,4530480,0.0035275869244858
2020-10-09,000999SZ,17.76595129191906,17.944711549877816,17.697197346550308,17.855331420898438,5248382,0.0040865700141943
2020-10-12,000999SZ,17.87595782328508,18.240352033414965,17.87595782328508,18.233476638793945,6345094,0.0049405075464484
2020-10-13,000999SZ,18.2403509772046,18.35723267899389,18.137220063861108,18.3091049194336,4830161,0.0037609288169822
2020-10-14,000999SZ,18.309102485932502,18.329728665859736,18.02721136026037,18.171594619750977,5484178,0.0042701688572409
2020-10-15,000999SZ,18.15096937554415,18.21284791851581,18.01346320705775,18.11659240722656,2960532,0.0023051716314214
2020-10-16,000999SZ,18.08221792647917,18.60474621200675,18.047840953432345,18.54286766052246,8996054,0.0070046358139466
2020-10-19,000999SZ,18.48786100718464,18.53598876034817,18.150968439823743,18.171594619750977,6742846,0.0052502108790728
2020-10-20,000999SZ,18.12346957537841,18.460363897876448,18.095967998031632,18.446611404418945,4480994,0.0034890554296895
2020-10-21,000999SZ,18.474113628602566,18.54974296895423,18.150971788247823,18.25410270690918,4470098,0.0034805714308352
2020-10-22,000999SZ,18.16472257740267,18.322856652683416,18.02033929127677,18.25410270690918,3930872,0.0030607115954661
2020-10-23,000999SZ,18.212848032120185,18.32972972512904,18.054715681656862,18.095966339111328,2711177,0.0021110152864965
2020-10-26,000999SZ,18.102843430220627,18.1578465850292,17.752200023100134,17.827829360961914,3251517,0.0025317425204268
2020-10-27,000999SZ,17.862206332717268,17.93783396579493,17.724698445695854,17.827829360961914,2053755,0.0015991239965958
2020-10-28,000999SZ,17.79345238920656,17.855330938366198,17.559688981270153,17.827829360961914,2696330,0.0020994549036965
2020-10-29,000999SZ,17.66969341391616,18.164720049824712,17.607816576113535,18.1372184753418,4535440,0.003531448950396
2020-10-30,000999SZ,18.52224053618412,18.88663643197741,18.233475682037668,18.597869873046875,16557559,0.0128922826344677
2020-11-02,000999SZ,18.391611115310376,18.83851007061779,18.391611115310376,18.501617431640625,7014207,0.005461501849437
2020-11-03,000999SZ,18.56349255023161,19.072270011072,18.529115579581312,18.969139099121094,10108959,0.0078711817707094
2020-11-04,000999SZ,18.90726151710709,18.941636781628613,18.563491824051912,18.87288284301757,6468302,0.0050364415158715
2020-11-05,000999SZ,18.91413626234528,19.10664730120596,18.87288389687513,18.94851493835449,5417093,0.0042179341781718
2020-11-06,000999SZ,19.04476749301597,19.07914446196674,18.81100410415073,19.024141311645508,5673519,0.0044175962459214
2020-11-09,000999SZ,19.024142988846805,19.299157059914705,18.96226443928009,19.06539535522461,9931434,0.0077329547243988
2020-11-10,000999SZ,19.06539488590106,19.18227658776096,18.680374513970204,18.72850227355957,6659107,0.0051850088251029
2020-11-11,000999SZ,18.68037558984101,18.817883482301635,18.549743092003403,18.762880325317383,4188046,0.0032609560816393
2020-11-12,000999SZ,18.673498013682803,19.08601993808756,18.65287183222337,18.89350891113281,4662087,0.0036300606430258
2020-11-13,000999SZ,18.852255518990987,18.852255518990987,18.54973991221881,18.769752502441406,5092675,0.0039653312100828
2020-11-16,000999SZ,18.73537740348312,19.04476843455176,18.72850200935305,18.969139099121094,4445216,0.0034611974532754
2020-11-17,000999SZ,18.969139646295368,18.969139646295368,18.70787636660088,18.907262802124023,3712814,0.0028909241668538
2020-11-18,000999SZ,18.91413718568101,19.0791466556169,18.735378631367983,18.783506393432617,4687560,0.0036498947934309
2020-11-19,000999SZ,18.70099961563137,18.852256575098966,18.6322456773352,18.69412422180176,5626029,0.0043806189051002
2020-11-20,000999SZ,18.707874896129027,18.89350882362013,18.659747139613263,18.714750289916992,5106364,0.0039759899344143
2020-11-23,000999SZ,18.74225186506886,18.82475659052445,18.5703670203697,18.714750289916992,7554446,0.0058821504413074
2020-11-24,000999SZ,18.69412695892264,18.85913643499349,18.64599919506864,18.65974998474121,4903796,0.0038182635504286
2020-11-25,000999SZ,18.75600348051364,18.886635968250964,18.618495598684863,18.68037414550781,7152064,0.0055688420320774
2020-11-26,000999SZ,18.70100218286188,19.017268637656613,18.645999024674232,18.8797607421875,8384469,0.0065284347824418
2020-11-27,000999SZ,18.886637196008472,18.996641803838465,18.666624570780154,18.80413246154785,4780366,0.0037221567242007
2020-11-30,000999SZ,18.83850976457304,18.94851607911616,18.6184971354868,18.632247924804688,7163687,0.0055778920980358
2020-12-01,000999SZ,18.6116190463372,18.893508481759305,18.59786825901008,18.77662849426269,7143449,0.0055621340979613
2020-12-02,000999SZ,18.79725501537259,18.84538277188835,18.64599635203733,18.714750289916992,5995113,0.0046680003508712
2020-12-03,000999SZ,18.70787634356761,18.83850883564608,18.645997794688338,18.79725646972656,5809107,0.0045231697074348
2020-12-04,000999SZ,18.769756902405057,18.79038138278928,18.645999791393987,18.6666259765625,5372057,0.004182867605815
2020-12-07,000999SZ,18.714751461965623,18.73537764462128,17.889707565307617,17.889707565307617,15206634,0.0118404061520727
2020-12-08,000999SZ,17.875956293436325,18.02033786333719,17.800326959077562,17.862205505371094,6220167,0.0048432351047391
2020-12-09,000999SZ,17.896582063359233,17.999712981297247,17.738449693971774,17.745325088500977,5749056,0.0044764119417229
2020-12-10,000999SZ,17.75907512600121,18.04783997922305,17.690321183618845,17.958459854125977,4538641,0.0035339413586497
2020-12-11,000999SZ,18.00658741034559,18.254101600125555,17.972212144326885,18.109718322753903,7446960,0.0057984581596584
2020-12-14,000999SZ,18.06159099874544,18.089092576050188,17.869081662396308,17.917207717895508,4206143,0.0032750470257716
2020-12-15,000999SZ,17.903459142439317,17.93096072052504,17.628443361582086,17.635318756103516,5512526,0.0042922415811323
2020-12-16,000999SZ,17.717823028564453,17.800327760671223,17.463435142686023,17.717823028564453,5582662,0.0043468518733167
2020-12-17,000999SZ,17.6903208808499,17.958459546767852,17.65594391024708,17.820953369140625,7171858,0.0055842543185422
2020-12-18,000999SZ,17.752200947256974,17.875958052018884,17.600942263659082,17.66282081604004,4512783,0.003513807434056
2020-12-21,000999SZ,17.676570913692576,17.786577224731445,17.422183024199335,17.786577224731445,5737930,0.0044677488569898
2020-12-22,000999SZ,17.621567918520938,17.85533133160567,17.463435549747775,17.566566467285156,5588187,0.0043511538275816
2020-12-23,000999SZ,17.552810607182277,17.580312179917936,17.394678268736055,17.484058380126953,4192126,0.0032641329094041
2020-12-24,000999SZ,17.51156283138738,17.559690596271285,17.154043997034066,17.160921096801758,5128039,0.0039928668319148
2020-12-25,000999SZ,17.085288541396313,17.25029800645525,17.016536302405882,17.16779327392578,3303903,0.0025725320545658
2020-12-28,000999SZ,17.167794629271732,17.2502993683147,16.79652500836263,16.85152816772461,5637041,0.0043891932255281
2020-12-29,000999SZ,16.913406749100524,17.147168471979143,16.879029774444216,17.07154083251953,2946725,0.0022944210282477
2020-12-30,000999SZ,17.030285535770695,17.29154879346849,17.030285535770695,17.105913162231445,3386009,0.0026364625987956
2020-12-31,000999SZ,17.1334164169634,17.181544177928416,17.016536416546792,17.147167205810547,5079207,0.0039548445639219
2021-01-04,000999SZ,17.181544177928416,17.29155048870559,17.023410106186226,17.147167205810547,6346485,0.0049415906266986
2021-01-05,000999SZ,17.18841932888788,17.930960211331993,17.071539330126807,17.917207717895508,11345893,0.0088343009556196
2021-01-06,000999SZ,17.87595573111232,18.27472686767578,17.752198642418286,18.27472686767578,11736197,0.0091382050203047
2021-01-07,000999SZ,18.185347928488927,18.212849505539417,17.67657045783895,17.869081497192383,8964229,0.0069798557787468
2021-01-08,000999SZ,17.84158026482392,18.04784039190325,17.676570799333156,17.80720329284668,7142695,0.0055615470077322
2021-01-11,000999SZ,17.841580881468502,18.14409654053972,17.662820621008485,17.92408561706543,7409747,0.0057694828430869
2021-01-12,000999SZ,17.944712033333936,18.130345986046645,17.731574796948582,17.88283348083496,4720190,0.0036753016292068
2021-01-13,000999SZ,17.875958739401867,18.26785454809992,17.855332554481745,18.06846809387207,6709313,0.0052241009365637
2021-01-14,000999SZ,18.171598254301035,18.23347680645922,17.834705619557347,18.013465881347656,6853210,0.0053361440701108
2021-01-15,000999SZ,17.882832841942385,17.97908665982887,17.60781876766758,17.65594482421875,5715318,0.0044501423791913
2021-01-18,000999SZ,17.65594520826935,17.930960993310425,17.642194419017297,17.81407928466797,5958465,0.0046394649626544
2021-01-19,000999SZ,17.814079169039005,17.924085482341397,17.710948250318012,17.834705352783203,4350654,0.003387568240752
2021-01-20,000999SZ,17.820955175470335,18.082218473749336,17.745325832478343,17.951587677001953,4545856,0.0035395592048073
2021-01-21,000999SZ,17.944711917015443,18.047841132394367,17.80032862878707,17.903459548950195,4594389,0.0035773486611577
2021-01-22,000999SZ,17.90345820272134,18.164721476038345,17.7728257136708,18.109718322753903,6541152,0.005093165021427
2021-01-25,000999SZ,18.17847124163736,18.535990013088096,18.17159584786361,18.295352935791016,9529075,0.0074196642237567
2021-01-26,000999SZ,18.267854326730408,18.288480511400586,18.08221866469884,18.2197265625,6229042,0.0048501454837618
2021-01-27,000999SZ,18.2059755804635,18.219726370098407,17.84845675474015,17.951587677001953,5874386,0.0045739981730374
2021-01-28,000999SZ,17.87595659478759,17.93095974797574,17.20216967301676,17.270923614501953,7344407,0.0057186068807946
2021-01-29,000999SZ,17.298425949845974,17.408432261047423,16.947782537675504,17.057788848876953,5112935,0.003981106340111
2021-02-01,000999SZ,17.078416539189323,17.539064598423675,17.050914958962284,17.429059982299805,6184631,0.004815565557815
2021-02-02,000999SZ,17.456561024734693,17.66282116529886,17.20217141547166,17.600942611694336,7593567,0.0059126113920395
2021-02-03,000999SZ,17.470307962180332,17.600940448176907,17.243421664970317,17.53218650817871,6015987,0.0046842535623327
2021-02-04,000999SZ,17.408431409128276,17.55281298073041,17.25717273862846,17.40155601501465,5769680,0.0044924704946203
2021-02-05,000999SZ,17.35342797247316,17.518437428502164,17.119666281216098,17.222795486450195,6212258,0.0048370768864078
2021-02-08,000999SZ,17.257174346473466,17.662820932187422,17.22967276745664,17.642194747924805,9959008,0.007754424785376
2021-02-09,000999SZ,17.59406368563525,18.05471504779172,17.53218514445005,17.979084014892578,8714319,0.0067852672918098
2021-02-10,000999SZ,18.047839749411267,18.30222933298675,17.944710541935002,17.999711990356445,8167998,0.0063598830463939
2021-02-18,000999SZ,18.054716476324767,18.645996951532407,17.97221174821653,18.41223526000977,15342403,0.0119461205463864
2021-02-19,000999SZ,18.343480625841465,18.60474561257964,18.26097759797144,18.53599166870117,8129360,0.0063297981760075
2021-02-22,000999SZ,18.494739898256903,18.82475883950644,18.32973213241632,18.54286766052246,12617610,0.0098245033758591
2021-02-23,000999SZ,18.39161139153472,18.673500876580466,18.28160507355228,18.52911758422852,6617348,0.0051524938372032
2021-02-24,000999SZ,18.419110567680185,18.480989113471303,17.95845917123513,18.082216262817383,8703041,0.0067764858546698
2021-02-25,000999SZ,18.18534939601114,18.219726370098407,17.917208998130448,17.951587677001953,6532004,0.0050860420752523
2021-02-26,000999SZ,17.841579629674673,18.123469085068844,17.74532411156503,17.999711990356445,7357205,0.0057285718420039
2021-03-01,000999SZ,18.0684669192572,18.233476387891063,17.91720823967616,18.16472244262696,6660381,0.0051860008051451
2021-03-02,000999SZ,18.157847075736782,18.16472247027366,17.855331420898438,17.855331420898438,5920045,0.0046095498345358
2021-03-03,000999SZ,17.875956148297654,18.12346862667813,17.71094669285465,18.082216262817383,8180534,0.0063696440054281
2021-03-04,000999SZ,18.075342845190743,18.109719818833465,17.841581129204442,17.992839813232422,6556803,0.0051053514261689
2021-03-05,000999SZ,17.94471181914234,18.14409655891937,17.896582351877857,18.03409194946289,5731108,0.0044624370140948
2021-03-08,000999SZ,18.07534242881008,18.35035821161664,18.02721466681893,18.14409637451172,9136219,0.00711377308445
2021-03-09,000999SZ,18.06846690616949,18.185348613033817,17.449683104024885,17.635318756103516,10043970,0.007820579109041
2021-03-10,000999SZ,17.669695776347154,17.86908221800618,17.429058672232493,17.43593406677246,4592515,0.0035758895005618
2021-03-11,000999SZ,17.504688079708565,17.65594505538724,17.456560317743115,17.61469268798828,3512704,0.0027351116658696
2021-03-12,000999SZ,17.61468980830653,17.635315988634005,17.422180496700673,17.5596866607666,4090505,0.003185007317667
2021-03-15,000999SZ,17.497812590233906,17.78657745567618,17.387806277766693,17.745325088500977,6727389,0.0052381755293766
2021-03-16,000999SZ,17.738449809533726,17.82782993899563,17.61469270720186,17.724699020385742,5120437,0.0039869476543001
2021-03-17,000999SZ,17.724698836058316,17.724698836058316,17.504687916762727,17.566566467285156,4484581,0.003491848390766
2021-03-18,000999SZ,17.573440551757812,17.72469923421038,17.552814367787008,17.573440551757812,5379840,0.00418892771623
2021-03-19,000999SZ,17.8759582081672,18.04096597784024,17.27780056804387,17.33280372619629,12469410,0.009709109779108
2021-03-22,000999SZ,17.243422864570903,17.250298259049035,17.002784057836315,17.236547470092773,10971095,0.0085424703937093
2021-03-23,000999SZ,17.071539384888865,17.16779320098014,16.968408469665235,16.98903465270996,8457242,0.0065850983331595
2021-03-24,000999SZ,16.947781521113555,17.030286249565844,16.769021276133603,16.782772064208984,9101082,0.0070864142125942
2021-03-25,000999SZ,16.78964723071687,16.885902745940104,16.727768685216223,16.824024200439453,6098123,0.00474820746559
2021-03-26,000999SZ,16.844650268554688,16.906528813637596,16.741519360083178,16.844650268554688,9162905,0.0071345517182078
2021-03-29,000999SZ,16.85152648955886,16.89965424920777,16.720893999083245,16.810274124145508,8272854,0.0064415275199494
2021-03-30,000999SZ,16.817147647136334,16.92715394266487,16.74151831896047,16.920278549194336,8918549,0.0069442877659291
2021-03-31,000999SZ,16.920281033164862,17.030287344842797,16.748396171168086,16.817150115966797,9855700,0.0076739856376488
2021-04-01,000999SZ,16.775896588312676,16.810273558333385,16.473380956914472,16.604013442993164,12747221,0.0099254229404239
2021-04-02,000999SZ,16.59026123508684,16.665888857875682,16.480254940435593,16.631513595581055,6004715,0.0046754767969981
2021-04-06,000999SZ,16.65214298083955,16.67964285501133,16.480258112364577,16.51463508605957,6365587,0.0049564640982583
2021-04-07,000999SZ,16.514633207795796,16.659014776109565,16.49400702592468,16.6246395111084,6609840,0.0051466478512086
2021-04-08,000999SZ,16.59713717118675,16.665891114653952,16.473381777729898,16.569637298583984,6409715,0.0049908236707106
2021-04-09,000999SZ,16.53526274102279,16.638391966496496,16.5008857642701,16.55588722229004,4744849,0.0036945019713275
2021-04-12,000999SZ,16.555884805106423,16.61776335422691,16.5077587494635,16.569637298583984,4456735,0.0034701665412712
2021-04-13,000999SZ,16.53526065147482,16.54213604595652,16.32899881702382,16.39775276184082,5958028,0.0046391246994845
2021-04-14,000999SZ,16.34962536500265,16.542136414782505,16.328999181097664,16.445880889892578,3862908,0.0030077924968859
2021-04-15,000999SZ,16.432130565727643,16.439005960557243,16.31524885362444,16.36337661743164,4088649,0.0031835621724877
2021-04-16,000999SZ,16.356501367397396,16.562763214111328,16.356501367397396,16.562763214111328,4945634,0.0038508400504345
2021-04-19,000999SZ,16.569638609001792,16.659017037793575,16.494009265206685,16.562763214111328,9514918,0.0074086410985933
2021-04-20,000999SZ,16.576510248294237,16.610888923277546,16.445879466321053,16.47338104248047,6027525,0.0046932374443793
2021-04-21,000999SZ,16.432129525762814,16.61088978001895,16.39775255379048,16.54901123046875,6180865,0.0048126332212066
2021-04-22,000999SZ,16.576510162192566,16.720893436279542,16.54213489695589,16.604013442993164,6571165,0.0051165341713547
2021-04-23,000999SZ,16.597137286445886,16.624640568807884,16.43900492015728,16.54901123046875,5550786,0.0043220321277699
2021-04-26,000999SZ,16.61088752746582,16.748393691924225,16.58338595361736,16.61088752746582,8695866,0.0067708991538824
2021-04-27,000999SZ,16.617762382103955,16.844650382273002,16.61088869294346,16.824024200439453,8673990,0.0067538657508964
2021-04-28,000999SZ,16.78964810316801,17.078414663843066,16.76214652596086,17.009660720825195,11063140,0.0086141397838102
2021-04-29,000999SZ,17.009660202694878,17.22967110886622,16.90652929130954,17.181543350219727,11791722,0.0091814386873736
2021-04-30,000999SZ,17.167792562035014,17.312175837974493,17.016535596787236,17.181543350219727,9478147,0.007380009938363
2021-05-06,000999SZ,17.181544106049714,17.243422655603005,16.913405429436246,16.968408584594727,7687540,0.0059857819889862
2021-05-07,000999SZ,16.98215766734447,17.133414624050783,16.947780698823955,17.12653923034668,7994526,0.0062248118047232
2021-05-10,000999SZ,17.154042666394076,17.181544244194438,16.920280959875143,17.057788848876953,6452498,0.0050241359800884
2021-05-11,000999SZ,17.057786984814356,17.511559559364102,16.995908441525586,17.477184295654297,10293825,0.0080151247710939
2021-05-12,000999SZ,17.325925827026367,17.456558308755902,17.20216873907207,17.325925827026367,5570405,0.00433730815324
2021-05-13,000999SZ,17.31217698454783,17.841580659937225,17.229672249975327,17.545940399169922,12248345,0.0095369809972877
2021-05-14,000999SZ,17.594063627979057,17.78657464436881,17.319049595063305,17.5596866607666,11173825,0.0087003229164444
2021-05-17,000999SZ,17.53218571750063,17.84157843353932,17.51843663490509,17.67656898498535,8711649,0.0067831883383461
2021-05-18,000999SZ,17.690322788714564,17.93096160888672,17.470310153128594,17.93096160888672,8504620,0.0066219884669441
2021-05-19,000999SZ,17.820953255026243,17.930959560250862,17.73844852610778,17.84157943725586,4951516,0.0038554199771288
2021-05-20,000999SZ,17.752198315572585,17.979084602550333,17.60781675287182,17.67656898498535,7034695,0.0054774545080755
2021-05-21,000999SZ,17.676568893998915,17.75907361785122,17.490933265331225,17.49781036376953,6330304,0.004928991545801
2021-05-24,000999SZ,17.477186453692838,17.704072768983053,17.34655395728637,17.545940399169922,5677029,0.0044203292521602
2021-05-25,000999SZ,17.532186564275445,17.76594996101727,17.490934200144533,17.752199172973633,5621824,0.0043773447480533
2021-05-26,000999SZ,17.779700044556414,18.30222826472587,17.704070713313158,18.075340270996094,13041648,0.0101546738885388
2021-05-27,000999SZ,18.082215102076056,18.22659836632037,17.910331968473884,18.178470611572266,8971241,0.0069853155621505
2021-05-28,000999SZ,18.15784805263103,18.17847423735135,17.882833961144396,17.910335540771484,7750884,0.0060351037973033
2021-05-31,000999SZ,17.930960211331993,18.04096481576688,17.81407850778681,17.917207717895508,6246112,0.0048634367705131
2021-06-01,000999SZ,17.9172071468657,18.109718181863528,17.7109470284378,18.02033805847168,7976586,0.0062108431061691
2021-06-02,000999SZ,17.917209520417277,18.21972690120362,17.896583335363665,18.04784202575684,7795859,0.0060701228729705
2021-06-03,000999SZ,17.985959592579846,18.295352301674807,17.896579476619078,18.178470611572266,9870000,0.0076851201075108
2021-06-04,000999SZ,18.21284791851581,18.30910342980505,18.05471556903885,18.11659240722656,6846788,0.0053311436809183
2021-06-07,000999SZ,18.06159165874131,18.34348113163152,17.91720837261541,18.25410270690918,7414260,0.0057729968194846
2021-06-08,000999SZ,18.20597252485229,18.41223433475781,18.08909083257249,18.11659240722656,8544651,0.0066531579748492
2021-06-09,000999SZ,18.089091831720246,18.095967225763527,17.924084079465604,17.972211837768555,4818580,0.0037519114536625
2021-06-10,000999SZ,17.985962696882375,18.02721506521502,17.88283348083496,17.88283348083496,3900185,0.0030368176460498
2021-06-11,000999SZ,17.89657990171028,17.89657990171028,17.46343350825679,17.477184295654297,7740526,0.0060270387036788
2021-06-15,000999SZ,17.449683966994968,17.456561066640667,17.21592224648985,17.29155158996582,5116209,0.0039836555886654
2021-06-16,000999SZ,17.2846755608427,17.2846755608427,17.05778924352463,17.06466293334961,4517501,0.0035174810304762
2021-06-17,000999SZ,17.09216509795251,17.63531958591907,17.064663518572722,17.600942611694336,7657712,0.0059625568863958
2021-06-18,000999SZ,17.532188765145815,17.676572057728887,17.3946825722319,17.47031021118164,4485738,0.0034927492706003
2021-06-21,000999SZ,17.449681954620036,17.47718523567829,17.270923413621766,17.422182083129883,4282175,0.0033342481455299
2021-06-22,000999SZ,17.435933115080772,17.820953483519467,17.360303779269156,17.80032730102539,6107337,0.0047553818016256
2021-06-23,000999SZ,17.779701308715918,17.979086036840688,17.649068818189427,17.958459854125977,5357753,0.004171730021416
2021-06-24,000999SZ,17.862205733864013,18.040964276214627,17.75219942793498,17.820953369140625,4410880,0.0034344622674586
2021-06-25,000999SZ,17.752198494005643,17.985960177022754,17.367178148293714,17.87595558166504,6531166,0.0050853895797458
2021-06-28,000999SZ,17.869083127891283,18.33660827563099,17.779702994320527,18.2197265625,11205218,0.0087247665816456
2021-06-29,000999SZ,18.35035821161664,18.357233606186803,18.05471794988376,18.14409637451172,6726863,0.0052377659677579
2021-06-30,000999SZ,18.06158840429436,18.71474906667499,18.06158840429436,18.3916072845459,11217398,0.0087342503468846
2021-07-01,000999SZ,18.425985010663936,19.99356978714892,18.32285580157716,19.326658248901367,24441136,0.0190307057471131
2021-07-02,000999SZ,19.299155535928325,19.7254282500536,19.092895425111067,19.223527908325195,18706308,0.0145653722135856
2021-07-05,000999SZ,19.10664669580671,19.13414827191541,18.61162003063412,18.79037857055664,13034697,0.0101492616018248
2021-07-06,000999SZ,18.852257936688755,18.89351030264588,16.913405260624497,17.917207717895508,19550204,0.0152224585477546
2021-07-07,000999SZ,17.937834081576074,18.027214208716902,17.70407237691495,17.80720329284668,9753620,0.0075945026527882
2021-07-08,000999SZ,17.814077860949705,17.985961008079123,17.552812886041234,17.84157943725586,10365494,0.0080709287095929
2021-07-09,000999SZ,17.876630462506583,18.27622728589252,17.56817149501185,18.086944580078125,9010357,0.0070157726197113
2021-07-12,000999SZ,18.199111853777936,18.388394556933168,18.01683962110993,18.25519561767578,6948540,0.0054103712737429
2021-07-13,000999SZ,18.255195660090248,18.458497566415463,18.09395483850931,18.22715377807617,4464341,0.0034760888334229
2021-07-14,000999SZ,18.22715533775851,18.262207693275503,17.897663195898744,17.95374870300293,7247635,0.0056432568865652
2021-07-15,000999SZ,17.883641642292996,17.95374808920721,17.645287371203175,17.73642349243164,5960112,0.0046407473732742
2021-07-16,000999SZ,17.7925037518738,17.82755784098378,17.568170444817927,17.638275146484375,5800980,0.0045168417468356
2021-07-19,000999SZ,17.673329539781193,18.192102653789483,17.477038090706976,18.05189323425293,9818939,0.0076453622637611
2021-07-20,000999SZ,17.932716743285123,18.01684065568568,17.568172257015984,17.694360733032227,6893715,0.0053676826506533
2021-07-21,000999SZ,17.69435978997416,17.834567462020384,17.575181791199554,17.687349319458008,6356819,0.004949637033101
2021-07-22,000999SZ,17.62425655974495,17.66631938636201,17.315797569496844,17.357858657836914,7737856,0.0060249597502151
2021-07-23,000999SZ,17.28074483994351,17.308786723747918,17.077441182361536,17.098472595214844,7141427,0.0055605596994955
2021-07-26,000999SZ,17.091461853967594,17.098472324807826,16.64980392930977,16.76898193359375,8730881,0.006798163032359
2021-07-27,000999SZ,16.88815937640981,16.88815937640981,16.509593963623047,16.509593963623047,6714344,0.005228018245506
2021-07-28,000999SZ,16.481553819471266,16.635782434551967,16.362375819149506,16.509593963623047,7753488,0.0060371313609061
2021-07-29,000999SZ,16.58671225052415,16.916202658037225,16.572689569873095,16.846097946166992,7470742,0.0058169756395365
2021-07-30,000999SZ,16.82506576634277,16.82506576634277,16.51660504816197,16.726919174194336,4005246,0.0031186217396278
2021-08-02,000999SZ,16.67784276545097,16.98630168778561,16.558664782942074,16.91619873046875,5091271,0.0039642380075873
2021-08-03,000999SZ,16.82506499654332,17.17558678561619,16.761970761620365,17.119503021240234,6731996,0.0052417626973943
2021-08-04,000999SZ,17.11950400806815,17.210640130432484,17.00032774017636,17.098472595214844,4739816,0.0036905831051166
2021-08-05,000999SZ,17.02836720410033,17.23167085354456,16.902178732031498,16.92321014404297,3553401,0.0027667997441893
2021-08-06,000999SZ,16.986305722983065,16.986305722983065,16.663825784922714,16.790014266967773,3904990,0.0030405589836503
2021-08-09,000999SZ,16.804032780380556,17.077439380346682,16.705886197421567,17.028366088867188,4346300,0.003384178067201
2021-08-10,000999SZ,17.042389498983958,17.210639053000595,16.9652725850726,17.175586700439453,4785384,0.0037260639108977
2021-08-11,000999SZ,17.17558499138583,17.20362687064444,17.02836512527812,17.035375595092773,3577862,0.0027858459167273
2021-08-12,000999SZ,17.035376579726943,17.11950222236519,16.958263145585327,17.014345169067383,3477277,0.0027075269900795
2021-08-13,000999SZ,16.979296283498236,17.140535376680468,16.93022298696718,17.126514434814453,4042927,0.0031479614570312
2021-08-16,000999SZ,17.08445052059912,17.322806517133404,17.07744005011282,17.217649459838867,5194595,0.0040446896134625
2021-08-17,000999SZ,17.231672802969417,17.266725160287354,17.00733771613461,17.021360397338867,4767937,0.0037124790790319
2021-08-18,000999SZ,17.014346725653898,17.24569226407411,16.96527342962537,17.23868179321289,4762148,0.0037079715653234
2021-08-19,000999SZ,17.19661944834169,17.315797456311007,17.000327997022143,17.042390823364258,4312595,0.0033579341995998
2021-08-20,000999SZ,17.000327515760848,17.091461898645196,16.600730676822945,16.74094009399414,6161067,0.0047972178202048
2021-08-23,000999SZ,16.761973014949145,16.90919291622695,16.698878771544372,16.881149291992188,4371010,0.0034034181196687
2021-08-24,000999SZ,17.37888973627407,18.570666324239244,17.37888973627407,18.563655853271484,33020874,0.0257111836621055
2021-08-25,000999SZ,18.248183879584808,19.313771944574807,18.213133264521435,18.970260620117188,32054726,0.0249589077328622
2021-08-26,000999SZ,19.068406846025244,19.45398098714211,18.872113671061168,19.208616256713867,21106393,0.0164341606120897
2021-08-27,000999SZ,19.39789731496007,19.9377018103972,19.21562681847636,19.664295196533203,18063663,0.014064986802087
2021-08-30,000999SZ,19.601201897668307,19.601201897668307,18.970261254714234,19.173564910888672,15334096,0.0119396524316212
2021-08-31,000999SZ,19.25768974672872,19.657283094710248,19.110469864005207,19.59419059753418,12009067,0.0093506709497613
2021-09-01,000999SZ,19.82553449796419,19.82553449796419,19.01232337977642,19.52408599853516,12373454,0.0096343951504316
2021-09-02,000999SZ,19.32779353582204,19.853577115328847,19.292741181303125,19.671306610107425,9533091,0.0074227912189291
2021-09-03,000999SZ,19.52408700774345,19.57316030479033,19.243668167475544,19.48903465270996,7643961,0.0059518498867404
2021-09-06,000999SZ,19.57316166260105,20.40740429371642,19.559140719615005,20.19709014892578,16061327,0.0125058994003046
2021-09-07,000999SZ,20.19708602726253,20.204096497324908,19.748417681546968,19.867595672607425,9799364,0.0076301204981983
2021-09-08,000999SZ,20.028838385038902,20.09894309231655,19.629243291833244,19.88161849975586,7301732,0.0056853786639164
2021-09-09,000999SZ,19.90264888391824,20.028837350500044,19.78347088770208,19.93069076538086,5790779,0.0045088988987894
2021-09-10,000999SZ,19.91667135346289,20.22513033495241,19.62223331378094,19.671306610107425,7472563,0.0058183935325168
2021-09-13,000999SZ,19.699346411779448,20.17605668664329,19.63625217474611,19.783472061157227,5847054,0.0045527165415503
2021-09-14,000999SZ,19.93770292309778,20.470496977701828,19.559139229590865,19.57316017150879,10193505,0.007937012182524
2021-09-15,000999SZ,19.439960609790138,19.643264261184008,19.201604604707665,19.3558349609375,7453130,0.0058032623330184
2021-09-16,000999SZ,19.42593870065968,19.853575656082008,19.334802585609044,19.36284446716309,8091497,0.0063003167471695
2021-09-17,000999SZ,19.257691485412103,19.4750143555386,19.06139829072505,19.19459724426269,5895240,0.0045902358118137
2021-09-22,000999SZ,19.04036652036652,19.93770334557396,18.991293222613944,19.80450439453125,8354776,0.006505314795476
2021-09-23,000999SZ,19.80450095484569,20.183064590624603,19.64326188565425,20.091928482055664,9013868,0.0070185064045844
2021-09-24,000999SZ,20.021826379489035,20.330285329588087,19.839554154539687,20.1550235748291,7496223,0.0058368160190157
2021-09-27,000999SZ,20.15502587304621,20.44946565461539,19.8956401847027,20.01481819152832,9505626,0.0074014060290858
2021-09-28,000999SZ,19.986775025845,20.39338057889805,19.776462647916738,20.232141494750977,7482031,0.0058257656416534
2021-09-29,000999SZ,20.14100572048409,20.309255278034573,19.776462984468363,20.0078067779541,7253805,0.0056480610599252
2021-09-30,000999SZ,19.95873376496614,20.21111071226836,19.790482466764665,19.82553482055664,6665913,0.0051903082098498
2021-10-08,000999SZ,20.06389137764721,21.024320683106755,20.04987043574516,20.582664489746094,12896049,0.0100413055194878
2021-10-11,000999SZ,20.673799132538928,20.68080960357768,19.36985673416197,19.432950973510746,14987419,0.0116697178436261
2021-10-12,000999SZ,19.7484200296938,20.15502560338172,19.43295057765318,19.685327529907227,11464661,0.0089267777889458
2021-10-13,000999SZ,19.685326715410643,19.78347156561612,19.012323275522863,19.59419059753418,8501717,0.0066197280916987
2021-10-14,000999SZ,19.8395552224492,20.119974045157765,19.468002020637208,19.664295196533203,6451859,0.0050236384327988
2021-10-15,000999SZ,19.713368706187527,20.190078971730827,19.524085998788337,20.03584861755371,9043431,0.0070415251690969
2021-10-18,000999SZ,20.04986953653084,20.105953301623742,19.30676138732673,19.53810691833496,7754656,0.0060380408057172
2021-10-19,000999SZ,19.58017046646804,19.832545680445147,19.28573068883832,19.685327529907227,5983923,0.0046592874335457
2021-10-20,000999SZ,19.74140872042342,19.74140872042342,19.4259392817801,19.608211517333984,5055830,0.0039366424309175
2021-10-21,000999SZ,19.53810720011821,19.60821190749541,19.159541780281348,19.3558349609375,6241136,0.0048595622864548
2021-10-22,000999SZ,19.355835069709634,19.475013072920603,19.13851221389596,19.28573036193848,5267512,0.0041014652875131
2021-10-25,000999SZ,19.37686570437669,19.38387617487245,19.054385799848568,19.27872085571289,4717310,0.0036730591625493
2021-10-26,000999SZ,19.271710429545937,19.41191985243031,19.18758651409232,19.25067901611328,4676467,0.0036412574036282
2021-10-27,000999SZ,17.778485478919592,17.876630328104902,17.329817103083716,17.6593074798584,32313121,0.025160102931462
2021-10-28,000999SZ,17.28775657467812,17.666320295434772,16.930224268312227,17.021360397338867,14682928,0.011432630720358
2021-10-29,000999SZ,17.22465765280339,17.22465765280339,16.860114973993976,16.91619873046875,10175610,0.0079230785225114
2021-11-01,000999SZ,16.944240528686247,17.140533695558283,16.775990981072713,16.97228240966797,12878278,0.010027468410123
2021-11-02,000999SZ,16.986303772050423,17.007335183309074,16.635781989349745,16.804033279418945,11997723,0.0093418381227603
2021-11-03,000999SZ,16.8180567868645,16.90919291622695,16.73393112899147,16.881149291992188,6487374,0.0050512916284035
2021-11-04,000999SZ,16.916200721694622,16.95125307361741,16.811043665926263,16.860116958618164,6770185,0.0052714979609998
2021-11-05,000999SZ,16.867127640542183,16.867127640542183,16.68485540825772,16.719907760620117,6029925,0.0046951061665939
2021-11-08,000999SZ,16.73392863823574,16.797022872249272,16.628771581546516,16.76197052001953,5486735,0.0042721598250337
2021-11-09,000999SZ,16.84609702520427,16.909191262438164,16.740939963147774,16.82506561279297,5961351,0.0046417121011175
2021-11-10,000999SZ,16.860118888541038,16.86712935972806,16.6357838105563,16.846097946166992,6142737,0.0047829454542908
2021-11-11,000999SZ,16.79001119505896,16.944239795508157,16.719906495638096,16.937231063842773,7953344,0.0061927460887893
2021-11-12,000999SZ,16.930222631034432,16.937233101820055,16.797023686107593,16.853107452392578,4651465,0.0036217899899577
2021-11-15,000999SZ,16.853106920725732,17.12651353446294,16.811044097338954,17.091461181640625,7709031,0.0060025156177836
2021-11-16,000999SZ,17.105482080146245,17.196618197257173,17.007335492488323,17.119503021240234,10413443,0.0081082634435377
2021-11-17,000999SZ,17.119502201614818,17.21063831436245,16.993313737810404,17.028366088867188,6267567,0.0048801423684773
2021-11-18,000999SZ,17.00032705969525,17.056409086782292,16.89516999963789,16.92321014404297,5504209,0.0042857656800245
2021-11-19,000999SZ,16.9021806441808,17.0704319593069,16.853109082212764,17.021360397338867,5526306,0.0043029711611811
2021-11-22,000999SZ,16.993313758407822,17.063418460606357,16.83207468162796,17.014345169067383,4739352,0.0036902218188218
2021-11-23,000999SZ,16.965273669092113,17.140535443096415,16.93723352352838,17.08445167541504,5595569,0.00435690170566
2021-11-24,000999SZ,17.098473606217745,17.133525963045845,17.00032874537613,17.06342124938965,4177670,0.0032528769725982
2021-11-25,000999SZ,17.028367495254898,17.49105682914156,17.021358762741453,17.350849151611328,9295531,0.0072378188650547
2021-11-26,000999SZ,17.350849349075624,17.378889494279257,17.154556164711675,17.224660873413086,5024169,0.0039119900917358
2021-11-29,000999SZ,17.22465993032517,17.385900751510125,17.070429579626516,17.217649459838867,6850624,0.0053341305219246
2021-11-30,000999SZ,17.119503963881446,17.189608673211527,17.00733642895332,17.126514434814453,6629767,0.0051621636960295
2021-12-01,000999SZ,17.140535791925767,17.477038404862235,17.09847296530871,17.357858657836914,8099942,0.0063068923134621
2021-12-02,000999SZ,18.220143847941323,18.437466701718883,17.77147546068644,17.876630783081055,20071067,0.0156280203222793
2021-12-03,000999SZ,18.17106916204317,18.1850901023928,17.526107644237197,17.62425422668457,10781654,0.0083949651416032
2021-12-06,000999SZ,17.743432476784317,18.234163657855824,17.743432476784317,17.981786727905273,12692525,0.0098828347611533
2021-12-07,000999SZ,17.98879780190254,18.39540335330326,17.91168436455088,18.213132858276367,9899619,0.0077081824755416
2021-12-08,000999SZ,18.38839475023176,18.38839475023176,17.98178745769812,18.12900733947754,7001059,0.005451264366238
2021-12-09,000999SZ,18.12900738218769,18.29024646719197,17.960756088329113,18.10096549987793,8013570,0.006239640115496
2021-12-10,000999SZ,18.093956193970524,18.21313420145826,17.855600178995058,17.9677677154541,8312736,0.0064725810113504
2021-12-13,000999SZ,17.967764764633937,18.121995101936093,17.84157804511795,18.03085899353028,6728055,0.0052386940997911
2021-12-14,000999SZ,18.002819893296415,18.18509213824725,17.932716921976898,18.07993507385254,5499928,0.0042824323467742
2021-12-15,000999SZ,18.157050388314733,18.157050388314733,17.841580931081005,17.99580955505371,5892611,0.0045881887823545
2021-12-16,000999SZ,18.00281899701495,18.121996997395605,17.946735232129935,18.04488182067871,5004884,0.0038969741301073
2021-12-17,000999SZ,18.01683914181393,18.07993337452053,17.84157912257238,17.93972396850586,4192934,0.003264762045883
2021-12-20,000999SZ,18.12199888047601,19.37686803534269,17.939726625659567,19.02634620666504,23865654,0.0185826157481556
2021-12-21,000999SZ,18.89314640364567,19.103460534383466,18.605718829914323,18.9632511138916,9132939,0.0071112191640901
2021-12-22,000999SZ,19.068408676456173,19.85357797512941,18.907167838686288,19.73440170288086,17395277,0.0135445585662027
2021-12-23,000999SZ,19.615220526879003,20.03584876871736,19.56614897027476,19.93770217895508,14430926,0.0112364133305573
2021-12-24,000999SZ,19.95873284665729,21.40989501204578,19.59419012227042,20.84204864501953,25794102,0.0200841714220248
2021-12-27,000999SZ,21.381854028430155,22.92415237426757,21.27669696747551,22.92415237426757,42625469,0.0331896503448814
2021-12-28,000999SZ,22.573627882419743,24.29118792382652,22.44042894418094,23.344776153564453,38911353,0.0302977123962261
2021-12-29,000999SZ,23.204568500998487,23.555090284672065,21.7534063349543,21.879594802856445,31359728,0.024417758482155
2021-12-30,000999SZ,22.089907263091906,22.22310620194765,21.31875898837541,21.823511123657227,21457215,0.0167073226390762
2021-12-31,000999SZ,22.615693206920007,24.003761291503903,22.59466179329251,24.003761291503903,13084158,0.0101877736307648
2022-01-04,000999SZ,26.401330947875977,26.401330947875977,25.7774008148448,26.401330947875977,21738580,0.0169264030665382
2022-01-05,000999SZ,26.401332184420347,26.899073872409545,24.25613507502899,25.71430778503418,60046834,0.0467545219215567
2022-01-06,000999SZ,25.38481651463516,28.287140892284043,24.74686717122459,27.74032592773437,55035727,0.0428527023504738
2022-01-07,000999SZ,27.68424232562879,28.869008378811063,26.48545706954308,26.604633331298828,48856789,0.0380415695574786
2022-01-10,000999SZ,26.06482933619273,27.487947845390007,25.77038958537113,26.28215217590332,29888275,0.0232720347701431
2022-01-11,000999SZ,26.07184289309057,28.266111652132384,25.84750781828656,27.60011863708496,31357756,0.024416223015402
2022-01-12,000999SZ,27.0042301549376,27.410835710889657,26.21204871652708,26.604633331298828,21068392,0.0164045717317244
2022-01-13,000999SZ,26.064830974399985,26.82896880395807,25.223577967160885,25.93864250183105,27124181,0.0211198164947176
2022-01-14,000999SZ,25.58812101750924,26.892063368472755,25.46894301418396,26.24009132385254,24356611,0.0189648916866179
2022-01-17,000999SZ,25.58812152441273,26.21906043090348,25.25862939104497,25.518016815185547,19007024,0.014799519992537
2022-01-18,000999SZ,26.078850112484663,26.77989544228692,24.82398107545366,25.98070526123047,21610800,0.0168269091812963
2022-01-19,000999SZ,25.973696026272,26.03678852712392,24.992233560821003,25.30770301818848,13735213,0.010694707356357
2022-01-20,000999SZ,25.58110729755098,26.709789550532022,25.10439705068271,26.113903045654297,21640847,0.0168503048047887
2022-01-21,000999SZ,25.805443518504788,27.200521970465,25.34275419141385,25.45492172241211,20115353,0.0156625029189441
2022-01-24,000999SZ,25.04130447364674,26.6396847596164,24.908105537057,26.057817459106445,15948173,0.0124177938196921
2022-01-25,000999SZ,26.429373164040097,26.61865413068914,25.532036409833992,25.665233612060547,14996343,0.0116766663757273
2022-01-26,000999SZ,25.588121081900265,26.19802856507533,24.64871973277866,25.18852424621582,16621582,0.0129421331354447
2022-01-27,000999SZ,25.223578977841346,25.377807601106245,23.48498738983665,23.89860343933105,24122588,0.0187826733621073
2022-01-28,000999SZ,24.045823626603752,24.7959405540776,23.63921804307127,24.31222152709961,12256618,0.0095434226384882
2022-02-07,000999SZ,24.46644788910859,25.377805566792023,24.326238480764424,24.95016860961914,13261037,0.010325497679346
2022-02-08,000999SZ,24.97821259686508,25.84049705431565,24.711814698554736,25.32172393798828,10370842,0.0080750928455945
2022-02-09,000999SZ,25.230587736008296,27.852495193481445,25.07635911258773,27.852495193481445,28206763,0.0219627519249333
2022-02-10,000999SZ,26.646696904253663,29.058290163706115,26.4504037222088,27.7473373413086,28760630,0.0223940117444457
2022-02-11,000999SZ,28.315183712039914,28.46240360748268,24.9712028503418,24.9712028503418,20168527,0.0157039060168769
2022-02-14,000999SZ,23.835509848147645,24.838001937467588,23.08539122597618,23.98973846435547,23147438,0.0180233881672908
2022-02-15,000999SZ,24.25613380804364,26.141943399610582,23.84251779116886,25.97369384765625,19160207,0.0149187935237861
2022-02-16,000999SZ,25.97369414518153,26.19802746311596,23.688289451413382,23.814477920532227,23607114,0.0183813076475886
2022-02-17,000999SZ,23.835509677914352,24.46644855611004,22.931160707717048,24.101905822753903,20075880,0.0156317678889538
2022-02-18,000999SZ,23.765406119150686,24.347271731178736,23.59014434548142,23.96870803833008,8964553,0.0069801080562458
2022-02-21,000999SZ,23.96870669861441,24.80995968865168,23.365807969167744,24.62768745422364,12000856,0.0093442775838846
2022-02-22,000999SZ,24.312221353416174,25.06233827553127,23.5761236350553,24.809961318969727,11819341,0.0092029437868923
2022-02-23,000999SZ,24.74686730192982,26.27514293658892,24.60665789020812,25.181514739990234,14119488,0.0109939170351122
2022-02-24,000999SZ,24.99223158646673,26.709789896182585,24.43840615836384,25.889568328857425,19310246,0.0150356190289341
2022-02-25,000999SZ,25.86853598395184,26.49947656435136,25.19553258230724,25.34275245666504,23281454,0.0181277376157536
2022-02-28,000999SZ,25.37079469167283,25.43388892442126,24.46644749883229,25.10439682006836,14451296,0.0112522741103536
2022-03-01,000999SZ,24.88006395262904,25.132440888127142,24.10190521139688,24.39634323120117,9738365,0.0075826245872117
2022-03-02,000999SZ,24.38232423275992,26.085861729977243,24.10190713147718,25.861528396606445,15786096,0.0122915951153694
2022-03-03,000999SZ,25.86853796092816,26.990208065022617,25.377806747175303,26.33823776245117,15436105,0.0120190801334496
2022-03-04,000999SZ,26.345249043317946,27.480941862098728,25.9456539369401,26.42937469482422,13232256,0.0103030878068217
2022-03-07,000999SZ,26.0297794342041,26.75185446213364,25.637194801111416,26.0297794342041,12083215,0.0094084051225812
2022-03-08,000999SZ,25.868535981343488,26.184005402373053,24.06685209130106,24.27716445922852,14193341,0.0110514215108265
2022-03-09,000999SZ,23.94767696640108,24.277167367312856,22.13898238949409,23.26065254211425,20142896,0.0156839488422593
2022-03-10,000999SZ,23.975717250596222,24.8029493023331,23.7093211068812,24.683773040771484,14480999,0.011275401883662
2022-03-11,000999SZ,24.375311830141463,25.525025504672875,24.12994710324769,25.43388938903809,15063987,0.0117293363113456
2022-03-14,000999SZ,26.148955721676305,26.639686947989635,24.92212852503144,25.518016815185547,16627356,0.0129466289696393
2022-03-15,000999SZ,25.5110057469459,25.5110057469459,23.84251892123589,23.877573013305664,16767693,0.0130559001652349
2022-03-16,000999SZ,24.522530979041647,24.788928847580102,23.043326976461064,24.2351016998291,13391458,0.0104270479376582
2022-03-17,000999SZ,24.28417571450668,25.924620581102445,24.10190522151392,25.43388938903809,14802856,0.0115260107694212
2022-03-18,000999SZ,25.43389131851747,25.924622547809943,25.04831715370416,25.41987037658692,9530314,0.0074206289515999
2022-03-21,000999SZ,25.602139717111903,26.00173654392925,24.53655339376294,25.041305541992188,15398290,0.011989636079056
2022-03-22,000999SZ,24.88006492769085,25.70729699435616,24.473459365063444,25.41285896301269,11722564,0.0091275898994916
2022-03-23,000999SZ,25.7213169689692,27.957650086777324,25.454920830459866,26.457414627075195,23519193,0.0183128493451598
2022-03-24,000999SZ,26.387310798583123,26.85000012482016,25.50399497015577,26.506488800048828,16884536,0.013146878127618
2022-03-25,000999SZ,26.42937147085743,27.86651262728349,26.14895266670986,26.56256866455078,17748231,0.0138193806414232
2022-03-28,000999SZ,26.604633339414963,27.845483157697004,26.478446607030563,27.628158569335938,21485614,0.0167294350733147
2022-03-29,000999SZ,27.936623236965737,30.390277862548828,27.102378856459293,30.390277862548828,34247539,0.02666630705184
2022-03-30,000999SZ,30.271099179613906,31.8274167950814,28.434362722961662,30.21501541137696,33262697,0.0258994753338135
2022-03-31,000999SZ,29.98366859631033,32.93506443561876,29.42283097023033,31.79937171936035,33819904,0.0263333357917412
2022-04-01,000999SZ,30.979149676948808,31.88349864714191,30.418315504839,31.18245506286621,24733983,0.0192587264531034
2022-04-06,000999SZ,31.371736771537083,32.3742288773562,29.506958498820527,29.696239471435547,28227537,0.0219789272729691
2022-04-07,000999SZ,29.373759078300093,30.768837442294284,29.17746591143031,29.92057228088379,21208271,0.0165134863128306
2022-04-08,000999SZ,29.408809523744026,29.67520739154996,27.628157044674595,27.90156364440918,24270188,0.0188975997783047
2022-04-11,000999SZ,27.62114909253404,28.70075812603696,26.92711421720304,28.104869842529297,19348979,0.0150657778695749
2022-04-12,000999SZ,27.73331565330804,28.56755817799177,27.24258444968051,28.125900268554688,15535248,0.0120962762695002
2022-04-13,000999SZ,27.887546766371138,28.37827624509343,26.14895522536649,26.22607040405273,22739148,0.0177054795868758
2022-04-14,000999SZ,26.226068789769144,26.878040794799908,25.363784412270807,26.555559158325195,19332874,0.0150532379648807
2022-04-15,000999SZ,26.28916358947754,26.69576914073483,25.742348628036066,26.28916358947754,10033305,0.0078122749746999
2022-04-18,000999SZ,25.81245381493593,26.03678713714112,24.129947814427933,25.567089080810547,22434805,0.0174685077014776
2022-04-19,000999SZ,25.363786478324545,26.49947929230051,25.104399053944267,26.00173759460449,14145761,0.0110143740929222
2022-04-20,000999SZ,25.95967326782091,26.70277966678915,25.2375965421472,25.73533821105957,12158647,0.0094671390617858
2022-04-21,000999SZ,25.72832834701793,25.77740164184126,24.25613471714884,24.431396484375,12738853,0.009918907328969
2022-04-22,000999SZ,24.396344046160017,24.522532518124383,23.491996806969127,23.975717544555664,8422385,0.0065579574788953
2022-04-25,000999SZ,24.90810778377844,25.412859956002126,23.737362606810013,23.89860343933105,18704998,0.0145643522027102
2022-04-26,000999SZ,24.18603064830399,26.008745991432544,23.8705594816478,25.06233596801757,18295794,0.0142457319505852
2022-04-27,000999SZ,25.069348199011863,25.79142322129386,24.32624002586548,25.6582260131836,16434485,0.0127964530020349
2022-04-28,000999SZ,25.272647919786635,25.88255709355033,24.72583471657977,25.2305850982666,11010664,0.0085732801725882
2022-04-29,000999SZ,25.20955355406712,26.1209112056236,25.069345888019274,25.8545150756836,14144839,0.0110136561921381
2022-05-05,000999SZ,25.59513067857142,27.01824924956186,24.60665780587489,26.67473793029785,15555473,0.0121120241473294
2022-05-06,000999SZ,25.938640203431643,27.340729004017952,25.363783395387603,27.17247772216797,12067996,0.0093965550878379
2022-05-09,000999SZ,28.17497639675808,28.181986868061863,26.990210222971537,27.6632137298584,15542774,0.0121021362709115
2022-05-10,000999SZ,27.50897979006233,29.506956899164603,27.25660459416532,29.08633041381836,16769810,0.013057548533955
2022-05-11,000999SZ,29.21953139980951,29.352728608351462,28.322194603057174,29.002206802368164,14262686,0.0111054159033144
2022-05-12,000999SZ,28.51848545085157,28.714778631516342,27.48094099645419,27.87352561950684,10778619,0.008392601986636
2022-05-13,000999SZ,27.691254575965527,28.39229994176098,27.663212691802627,28.21002769470215,8773570,0.0068314021501168
2022-05-16,000999SZ,28.04878562787905,28.44137025062655,27.25660591165148,27.88754653930664,9547313,0.0074338649553191
2022-05-17,000999SZ,27.96466020788965,28.196005743957567,26.990208244642247,27.23557472229004,6904437,0.005376031167147
2022-05-18,000999SZ,27.23557476589508,27.508981388863432,26.927114050644,27.20753288269043,4952116,0.0038558871576824
2022-05-19,000999SZ,26.702780888455177,28.22404784688621,26.57659241325373,28.104869842529297,7667644,0.0059702902818272
2022-05-20,000999SZ,27.957651201941545,28.74282044618144,27.81744004923721,28.31518173217773,8440437,0.0065720133844861
2022-05-23,000999SZ,28.392299394981404,28.74282120199029,27.81043204808388,28.448381423950195,6156421,0.004793600285451
2022-05-24,000999SZ,28.49745218874329,28.581577832138663,27.27763557434082,27.27763557434082,6082905,0.004736358209481
2022-05-25,000999SZ,27.368773295283788,28.462401508817862,27.144438233055123,28.38528633117676,5692720,0.0044325468022724
2022-05-26,000999SZ,28.39930664186326,29.801397273100463,28.39930664186326,29.317676544189453,9318173,0.0072554487018809
2022-05-27,000999SZ,29.093340968345057,29.78036359236251,28.7007563634384,29.03024673461914,6673105,0.0051959081474195
2022-05-30,000999SZ,29.156435716631098,30.390273316438083,28.784882516409144,30.355222702026367,8973902,0.0069873875079059
2022-05-31,000999SZ,30.19398107601684,31.39977856927448,29.724281273727648,30.76182746887207,12264579,0.0095496213458009
2022-06-01,000999SZ,30.64265104735941,30.74079763742273,29.20550976483438,29.338706970214844,10213290,0.0079524174612805
2022-06-02,000999SZ,29.30365763116823,29.68923179921882,27.58609744508548,28.25209045410156,16520225,0.0128632131031512
2022-06-06,000999SZ,27.99270175317737,28.735809909664454,27.88754643087446,28.35724449157715,9471225,0.0073746202320424
2022-06-07,000999SZ,28.357246000713964,29.724282646172743,28.224048788501182,29.59108543395996,12400030,0.0096550881344212
2022-06-08,000999SZ,29.563040470231183,30.17995838431634,28.946120817869225,29.62613296508789,10881416,0.0084726432522583
2022-06-09,000999SZ,29.62613475095625,30.04676299720186,28.97416444582938,29.1984977722168,7984438,0.0062169569423478
2022-06-10,000999SZ,29.163447156639904,29.4088118953396,28.693747353275885,29.1984977722168,8478280,0.0066014792406389
2022-06-13,000999SZ,29.05829017150804,30.278106873997945,28.574569425330203,29.654176712036133,12822707,0.0099841989258784
2022-06-14,000999SZ,29.359740338221187,29.57005098479017,28.588590291714485,29.1984977722168,6985782,0.0054393691707079
2022-06-15,000999SZ,29.14942380506801,29.78036264571754,29.00921440124512,29.00921440124512,6910919,0.0053810782743949
2022-06-16,000999SZ,29.02323761192994,30.42532828328201,28.392298721926096,29.282623291015625,11163937,0.0086926237809203
2022-06-17,000999SZ,29.268601374742463,29.268601374742463,28.076826603545367,28.890039443969727,11218948,0.0087354572299816
2022-06-20,000999SZ,28.735809909664454,29.44386571262493,28.146932108694426,28.35724449157715,12698251,0.0098872932209036
2022-06-21,000999SZ,28.357245814242365,30.06078506026264,28.146933421550056,29.219532012939453,14962612,0.0116504022636355
2022-06-22,000999SZ,29.969649606089177,31.89752037982142,29.584071974788905,31.1894645690918,20630169,0.0160633562921222
2022-06-23,000999SZ,31.01420195315029,31.406784807685,29.934593019211185,31.12636947631836,13607159,0.0105950001253289
2022-06-24,000999SZ,30.845953471561764,32.57052234388602,30.42532869801025,32.04473876953125,11316526,0.0088114348034213
2022-06-27,000999SZ,33.0892974022471,33.68518221229888,30.76182802287224,30.909046173095703,15052715,0.0117205595460111
2022-06-28,000999SZ,30.54450509279395,30.845953601697644,30.06078434140895,30.453367233276367,10697887,0.0083297412858742
2022-06-29,000999SZ,30.23604233517337,31.17544189111741,30.074803254439384,30.551511764526367,11251045,0.008760449053699
2022-06-30,000999SZ,30.57254683931929,32.02370908697459,30.57254683931929,31.5469970703125,10408002,0.0081040268945504
2022-07-01,000999SZ,31.561015728276352,32.409280899445555,30.81090061822474,31.79937171936035,8552336,0.0066591417791072
2022-07-04,000999SZ,31.88349966837688,34.35117497187542,31.764323402495503,34.06374740600586,18329292,0.0142718146408953
2022-07-05,000999SZ,34.10581125898383,34.351176007251865,31.61009399693068,32.149898529052734,19410716,0.0151138484126425
2022-07-06,000999SZ,32.08680192052202,32.121856013330515,29.44386655678141,30.05377578735352,27724011,0.0215868646805421
2022-07-07,000999SZ,30.05377528642105,31.15441398553573,29.45087479852738,30.66368103027344,15626338,0.0121672020638865
2022-07-08,000999SZ,30.516462629332384,30.95812054713514,29.93459529690117,30.32016944885254,9281769,0.0072271033004225
2022-07-11,000999SZ,30.42532571710392,31.44884740564021,30.32016692660353,30.740795135498047,15002482,0.0116814464114254
2022-07-12,000999SZ,30.705743741373688,30.98616257191436,29.56304222175118,29.72428131103516,11489370,0.0089460170627793
2022-07-13,000999SZ,29.09334131802236,29.28262228319829,28.30116162827372,28.392297744750977,18152395,0.0141340765768975
2022-07-14,000999SZ,28.45539039831993,29.54902032554125,28.44837992778292,28.8059139251709,12248154,0.0095368322781448
2022-07-15,000999SZ,28.658695525294785,29.16344769177456,27.90857687733606,27.96466064453125,15290471,0.0119056845121997
2022-07-18,000999SZ,27.971669169325946,28.11187857755897,26.56958204010296,27.466917037963867,15652474,0.0121875524488034
2022-07-19,000999SZ,27.403824428067864,27.656201377841864,26.2891647813968,26.639686584472656,15694203,0.0122200440776754
2022-07-20,000999SZ,26.744842495742635,27.515990776973588,26.63968543786291,27.28464698791504,12275308,0.0095579753127344
2022-07-21,000999SZ,27.20052268080592,27.74733767042561,26.920105584264068,27.537023544311523,8862496,0.006900642979973
2022-07-22,000999SZ,27.438876577398137,27.50897954242744,26.289162919731755,26.62566375732422,14320871,0.0111507207375044
2022-07-25,000999SZ,26.61164605016579,27.382792615030787,26.21204921886893,26.89206314086914,13173201,0.0102571055608289
2022-07-26,000999SZ,26.850000424881312,27.13041751671636,26.56958333304627,26.82195854187012,7372307,0.0057403307765392
2022-07-27,000999SZ,26.80793847600768,26.990208983257144,26.30318630359607,26.87103271484375,8693045,0.006768702626646
2022-07-28,000999SZ,26.835978464463604,26.920104110303093,26.099880801644915,26.34524726867676,9423211,0.007337234886871
2022-07-29,000999SZ,26.18400631403613,26.33823666395581,25.223577077094024,25.391826629638672,12783066,0.0099533330853331
2022-08-01,000999SZ,25.39883715563114,25.95967305465232,24.802948904278832,25.875547409057617,10415056,0.0081095193805928
2022-08-02,000999SZ,25.64420110493681,25.9316303853237,24.92212614539648,25.2305850982666,10786322,0.0083985998063106
2022-08-03,000999SZ,25.25862868781312,26.576591969759573,25.11842101153925,25.86853790283203,14816167,0.0115363751700038
2022-08-04,000999SZ,26.03678754194,26.70979099557264,25.84049609924329,26.324216842651367,11818254,0.0092020974114559
2022-08-05,000999SZ,26.036787563412823,26.415352984174152,25.58812091165692,26.31019592285156,9901533,0.0077096727815078
2022-08-08,000999SZ,26.31019500100517,27.060311868936864,26.219058884385447,26.28916358947754,12343931,0.0096114075312893
2022-08-09,000999SZ,26.085860910551368,26.155967356516022,25.61616284559725,25.7703914642334,9180134,0.0071479668078058
2022-08-10,000999SZ,25.49698544652078,25.81245490031184,25.195535196322464,25.489974975585938,5995046,0.0046679481823761
2022-08-11,000999SZ,25.63719528547543,27.53702424857653,25.489975393430388,27.200523376464844,19641295,0.0152933851207752
2022-08-12,000999SZ,27.095024018052094,27.28855886288032,26.521583951925408,26.965999603271484,7748884,0.0060335465287911
2022-08-15,000999SZ,26.83697592596919,27.08068871614088,26.54308875045782,26.80830383300781,7689597,0.0059873836396509
2022-08-16,000999SZ,26.75812746369,26.87281583464984,26.43556819770817,26.81547164916992,7199071,0.0056054432925529
2022-08-17,000999SZ,26.70078455370217,27.65412806470198,26.57176013879741,27.4892635345459,9498375,0.007395760152095
2022-08-18,000999SZ,27.45342474610346,29.28126360288861,27.288560207979568,28.09854507446289,12539754,0.0097638820272177
2022-08-19,000999SZ,28.08420608142764,29.24542226867481,27.74014275004957,28.9228630065918,11162377,0.0086914091114808
2022-08-22,000999SZ,28.73649547466271,29.130734982389857,27.883504248924247,28.428272247314453,9348742,0.007279250772455
2022-08-23,000999SZ,28.320751504809994,29.711342686324453,27.92651200254012,29.68267059326172,11442190,0.0089092810985774
2022-08-24,000999SZ,28.879855024792462,30.50698916758077,28.385263205663893,29.83319854736328,16196511,0.0126111582935785
2022-08-25,000999SZ,29.682670627000903,30.19876652537404,28.879855575017256,29.41745376586914,7881552,0.0061368463782768
2022-08-26,000999SZ,29.30276812647812,29.890544276758632,29.030385010532065,29.388784408569336,6721094,0.0052332740267345
2022-08-29,000999SZ,28.980209175178725,29.48913529531396,28.550127759837142,29.245424270629883,6208280,0.0048339794793371
2022-08-30,000999SZ,29.13790197181031,29.861870528633524,28.95153337093592,29.18091011047364,4320235,0.0033638829653163
2022-08-31,000999SZ,29.16657479808398,29.302767240611104,28.026864426858925,28.306415557861328,8907369,0.0069355826349461
2022-09-01,000999SZ,28.041199393974264,28.58596917764073,27.86916860805396,28.08420753479004,8185147,0.0063732358452514
2022-09-02,000999SZ,28.098546759249142,28.91569792078269,27.98385837802538,28.29924964904785,5719374,0.004453300519734
2022-09-05,000999SZ,28.34942381409416,28.564464513704795,27.166705298263924,27.45342445373535,6127654,0.0047712013138063
2022-09-06,000999SZ,27.46059415156938,28.048370322337576,27.23838541508837,27.983858108520508,5053096,0.0039345136448614
2022-09-07,000999SZ,27.99102467833809,28.2992479065556,26.879984608329604,26.987504959106445,8489092,0.0066098978342157
2022-09-08,000999SZ,26.994672818003163,27.23838383426955,26.44990482139608,27.05918502807617,7647181,0.005954357089045
2022-09-09,000999SZ,27.01617775694347,27.50360158249591,26.80830507335579,27.09502601623535,5740540,0.0044697810923981
2022-09-13,000999SZ,27.095024597880386,27.23838328447289,26.73662343804231,26.87998390197754,6756053,0.0052604943016928
2022-09-14,000999SZ,26.46424169456532,26.60760216587142,25.804785303900083,26.177520751953125,10497562,0.0081737613785249
2022-09-15,000999SZ,26.43556855469029,26.70078541611637,25.747441874324327,26.019824981689453,10773799,0.0083888489695217
2022-09-16,000999SZ,26.0198249175872,26.07000108043609,24.85861048082685,24.908784866333008,9608846,0.0074817766569984
2022-09-19,000999SZ,24.89444911020687,25.51089734077012,24.729586350551514,25.22417640686035,6776060,0.0052760724372542
2022-09-20,000999SZ,25.231344572181094,26.44273510740532,25.01630388568663,26.06999969482422,9284462,0.0072292001624741
2022-09-21,000999SZ,26.019824293024616,26.14884870868188,25.424880153725468,25.45355224609375,5388502,0.0041956722461562
2022-09-22,000999SZ,25.31019352798896,25.48222609405077,24.944626102450425,25.00197029113769,3668213,0.0028561963003984
2022-09-23,000999SZ,24.994801275235883,25.36753670956239,24.35684897876009,25.10232162475586,7616391,0.0059303829403003
2022-09-26,000999SZ,24.94462536000261,26.514417146565155,24.77259457640392,25.87646484375,10239232,0.0079726167911518
2022-09-27,000999SZ,25.883633390705658,26.844144987372847,25.63992236845148,26.772464752197266,9023179,0.0070257562681428
2022-09-28,000999SZ,26.77963394537532,27.066353121257944,26.371058364371848,26.60043334960937,8238722,0.0064149511755209
2022-09-29,000999SZ,26.7151206141232,27.43908921341055,26.170354380453443,26.31371307373047,7560688,0.0058870106763339
2022-09-30,000999SZ,26.342385738954384,27.88350549950048,26.292209573149627,27.532272338867188,11035388,0.0085925311259355
2022-10-10,000999SZ,27.88350343681456,28.98020742501826,27.245551153260973,28.45694351196289,13301145,0.0103567271420888
2022-10-11,000999SZ,28.23473603296404,28.887024391450023,27.317232583406938,27.89067268371582,10674121,0.0083112362641442
2022-10-12,000999SZ,27.60395177525649,28.801008141485635,27.46059308302866,28.67198371887207,8533487,0.0066444653020144
2022-10-13,000999SZ,28.66481495290955,29.58948640300341,28.39959986841636,29.02321434020996,8666673,0.0067481684840447
2022-10-14,000999SZ,29.05905311482714,31.926253412861225,28.9228624558943,31.43166160583496,21200205,0.0165072058489211
2022-10-17,000999SZ,31.467500089575665,31.696876825421697,30.53566065488651,31.22378730773925,13964576,0.0108732972452343
2022-10-18,000999SZ,31.39582214543601,34.34903717041016,30.822383818756386,34.34903717041016,22534846,0.0175464030510901
2022-10-19,000999SZ,34.32036735085225,34.32036735085225,32.2344812558625,32.97278594970703,17714468,0.0137930916130351
2022-10-20,000999SZ,32.76490875361709,33.75409242763504,32.29898901019373,32.67172622680664,12374671,0.0096353427483212
2022-10-21,000999SZ,32.33483215537414,34.800621635067564,31.969264725358627,34.191341400146484,11890083,0.0092580259314359
2022-10-24,000999SZ,34.40638030238215,37.51729174923682,34.384878009833805,35.69662094116211,20191627,0.0157218924681923
2022-10-25,000999SZ,35.69662235706316,36.14820606534532,34.26302119547903,35.25220489501953,13591090,0.010582488251468
2022-10-26,000999SZ,35.58910098016563,37.89719751289937,35.19486145217997,37.12305450439453,13830407,0.0107688286657303
2022-10-27,000999SZ,36.56394463003471,40.678375581460095,36.09085867038031,39.42397689819336,17188884,0.0133838539061875
2022-10-28,000999SZ,37.99037791920799,39.43114527697672,36.55678036211433,37.77533721923828,22143934,0.0172420255767773
2022-10-31,000999SZ,36.55678014483742,39.337962517192274,34.97981857578453,39.0942497253418,26081155,0.0203076807211354
2022-11-01,000999SZ,37.99754974028537,38.70001250951884,35.947502067606955,37.38109970092773,21253042,0.0165483465471096
2022-11-02,000999SZ,36.70014090927415,39.06557795007367,35.811309568801626,36.27722930908203,23558445,0.0183434122969795
2022-11-03,000999SZ,35.7037902867328,37.10871586554804,35.48158332257676,36.37041473388672,17601903,0.0137054446479995
2022-11-04,000999SZ,36.55677920490266,37.85418605495527,36.20554785007987,36.900840759277344,12439087,0.0096854992525609
2022-11-07,000999SZ,37.05854054966166,37.7968452175645,36.08369287567344,36.27006149291992,11178486,0.008703952130712
2022-11-08,000999SZ,36.45642771931297,38.520811311748815,35.345389444465994,37.72516250610352,15004215,0.0116827957845912
2022-11-09,000999SZ,37.43127328288429,39.85405435168174,37.43127328288429,39.10141372680664,15808267,0.0123088582154609
2022-11-10,000999SZ,40.55651662585673,40.55651662585673,37.115879898085936,37.28074264526367,16673832,0.0129828167753249
2022-11-11,000999SZ,37.66781480605598,38.99389365530301,36.36323824727083,36.6642951965332,23146207,0.0180224296685215
2022-11-14,000999SZ,36.38474760079528,40.33431243896485,36.38474760079528,40.33431243896485,24151111,0.0188048823469935
2022-11-15,000999SZ,41.57437839450914,43.72477844144977,39.30212371938703,42.69975280761719,34931492,0.0271988562871888
2022-11-16,000999SZ,41.57437547791244,41.57437547791244,39.309290762891685,39.99741744995117,22203326,0.0172882702225144
2022-11-17,000999SZ,39.954408931191125,43.280357516029646,39.49565899572758,42.49187850952149,26737817,0.0208189802490015
2022-11-18,000999SZ,41.50269684948786,42.72125731168618,39.77521204167826,40.85757827758789,24737355,0.0192613520078149
2022-11-21,000999SZ,39.423981893756526,41.07262027053562,38.34878187051796,40.4275016784668,19525834,0.015203483230934
2022-11-22,000999SZ,40.43466337072105,40.57802383163058,38.56381824256503,39.00823211669922,16556794,0.0128916869792618
2022-11-23,000999SZ,38.492141486177744,39.06557982688559,36.92951587591605,38.10506820678711,16217667,0.0126276310799001
2022-11-24,000999SZ,38.69283977686525,39.56733504896487,37.81117825893798,39.3809700012207,14683237,0.0114328713183431
2022-11-25,000999SZ,38.71434592016848,39.25911213060258,37.022699548378654,38.38461685180664,11213719,0.0087313857514565
2022-11-28,000999SZ,38.39895453271176,40.4274998597766,38.348780145342005,39.56733703613281,15153151,0.0117987624561547
2022-11-29,000999SZ,39.423979381282216,42.81443845151172,39.14442469149491,41.81808853149414,19042325,0.0148270065604109
2022-11-30,000999SZ,41.81808534180112,42.44886779785156,40.80739945208202,42.44886779785156,12131579,0.0094460629897422
2022-12-01,000999SZ,43.42371803670101,43.83946338767514,38.205418407759296,40.33431243896485,28563327,0.0222403848698183
2022-12-02,000999SZ,39.459819920169416,40.398829260039086,39.259115253894976,40.10493850708008,13967820,0.010875823134761
2022-12-05,000999SZ,40.85757196624123,42.15497871059986,39.33795830105955,40.75005340576172,18497872,0.0144030768037853
2022-12-06,000999SZ,40.75722542928391,41.57437655789788,37.71799766803496,37.94020462036133,24087871,0.018755641516639
2022-12-07,000999SZ,37.63198016730692,39.423978884351484,36.95101973061176,39.02973937988281,17480019,0.0136105415903314
2022-12-08,000999SZ,39.05840865990884,41.28765861826186,38.45629824548818,39.06557846069336,20726920,0.0161386899350322
2022-12-09,000999SZ,38.678506324838935,38.69284237214124,37.18039826846153,37.33092498779297,23684046,0.0184412095381774
2022-12-12,000999SZ,37.73949444570731,39.2447720592612,36.8291573668053,38.06205368041992,21602308,0.0168202970191937
2022-12-13,000999SZ,37.99037404578024,38.549476254010926,36.2055453047233,36.6642951965332,22388015,0.0174320754046356
2022-12-14,000999SZ,36.67863400572535,36.72880839037416,34.58557835773574,35.00132369995117,27223326,0.0211970141880367
2022-12-15,000999SZ,34.77911370259937,35.46724393403839,34.59991489883819,34.92247772216797,12078908,0.0094050515448402
2022-12-16,000999SZ,34.97265226197152,35.137515019972405,34.43505229362851,34.908138275146484,13445679,0.0104692662656571
2022-12-19,000999SZ,34.92247819979066,35.058668865949535,33.01579110013888,33.331180572509766,21046199,0.0163872915016792
2022-12-20,000999SZ,33.00861855871092,33.32401155957989,31.897580364950343,32.11261749267578,18534816,0.0144318426677419
2022-12-21,000999SZ,31.976430320816235,32.23447916781666,31.33847800418576,31.539182662963867,13831901,0.0107699919453089
2022-12-22,000999SZ,31.539181749709574,31.94059105564252,31.073262011237308,31.24529457092285,12923171,0.0100624236377812
2022-12-23,000999SZ,31.25246208598285,31.481838841544647,30.35646446659805,30.48548889160156,13347995,0.0103932061569862
2022-12-26,000999SZ,30.463981405161583,31.969262727900635,30.320620940644964,31.646699905395508,21551309,0.0167805874507678
2022-12-27,000999SZ,31.5320155086757,32.16996425224802,30.614512078227776,31.962093353271484,18524976,0.0144241809066621
2022-12-28,000999SZ,31.82590426143312,32.11262165378119,31.18078213060718,31.77572631835937,16816963,0.0130942634750319
2022-12-29,000999SZ,32.27748567427565,34.126828541413374,31.395820602352654,33.55338668823242,28591084,0.0222619974208643
2022-12-30,000999SZ,33.55338668823242,34.0838204024248,33.20932513100927,33.55338668823242,14972777,0.0116583170808485
2023-01-03,000999SZ,33.86877769254544,35.503079767511664,33.6609068104768,35.2020263671875,21693519,0.016891317028325
2023-01-04,000999SZ,35.18052440911536,35.98333948983376,34.850798881402895,35.52458953857422,11769193,0.0091638968362184
2023-01-05,000999SZ,35.5245889557026,36.04068308673744,35.173357585819,35.28087615966797,12726654,0.0099094087696791
2023-01-06,000999SZ,34.94398023888064,35.101676751264414,33.546221029325416,33.79710006713867,19031324,0.0148184408049598
2023-01-09,000999SZ,33.90461990963873,34.72177095498035,33.65373733404224,34.33469772338867,13397124,0.0104314596793531
2023-01-10,000999SZ,34.19134065958533,34.69310230587604,33.71108486119274,34.15550231933594,9013165,0.0070179590247024
2023-01-11,000999SZ,34.11966353776665,34.15550543597216,33.26667399326689,33.653743743896484,14913999,0.0116125505165447
2023-01-12,000999SZ,33.66090973221894,34.50673293407216,33.05879932462265,33.460205078125,9322138,0.0072585359867062
2023-01-13,000999SZ,33.66090948589855,34.3705420160522,33.12330951513797,34.313194274902344,10954177,0.008529297459365
2023-01-16,000999SZ,34.40637792587808,34.822119693704394,33.68957920037099,33.947628021240234,16886044,0.0131480523080762
2023-01-17,000999SZ,33.97630053075668,34.313195864499065,33.603566856156576,33.933292388916016,7758475,0.0060410144099412
2023-01-18,000999SZ,33.69674898173333,33.92612573546408,33.173485039627856,33.754093170166016,9660140,0.0075217159225298
2023-01-19,000999SZ,33.33835078829846,34.87947049403012,33.18782051889541,34.16983795166016,9734311,0.0075794680039375
2023-01-20,000999SZ,34.37054251827283,35.6607796232027,34.36337271751727,35.28087615966797,12175391,0.0094801765137696
2023-01-30,000999SZ,35.33821909985843,35.66077836470754,34.98698774237004,35.130348205566406,8412656,0.0065503821462179
2023-01-31,000999SZ,35.12317763259509,35.46007293635446,34.76478003717188,34.822120666503906,5446645,0.0042409443777075
2023-02-01,000999SZ,34.83646126793154,34.97981817740779,34.09815665484151,34.6644287109375,8393459,0.006535434704404
2023-02-02,000999SZ,34.89380281181054,35.89732253251131,34.67876566462758,35.151851654052734,12686839,0.0098784074467733
2023-02-03,000999SZ,35.1590234048208,35.1590234048208,34.15550362846168,34.435054779052734,6565813,0.0051123669208162
2023-02-06,000999SZ,34.255854909636085,34.513900203580675,33.546222353245795,33.68958282470703,6431518,0.0050078002333959
2023-02-07,000999SZ,34.040815290923035,34.24151995738643,33.36702460819594,33.582061767578125,6607806,0.0051450641091317
2023-02-08,000999SZ,33.56772397519746,35.445739004404125,33.45303915500804,34.556907653808594,12526982,0.0097539373104991
2023-02-09,000999SZ,34.53540586429881,34.87230119306234,33.97630002863298,34.47806167602539,5195145,0.0040451178623033
2023-02-10,000999SZ,34.41355226340014,34.80062199105335,33.78993597475252,33.85444641113281,4957030,0.0038597133664168
2023-02-13,000999SZ,33.86161349336055,34.70743667290888,33.78276346113164,34.40637969970703,7080751,0.0055133152873735
2023-02-14,000999SZ,34.54974371054079,34.97265534373752,34.19851231641857,34.8723030090332,7038051,0.0054800676046389
2023-02-15,000999SZ,34.94397807559188,37.094377820146846,34.94397807559188,35.70378494262695,16578274,0.0129084120430824
2023-02-16,000999SZ,35.95466623936769,38.07639402675551,35.6966209552582,37.130218505859375,22615613,0.0176092910040509
2023-02-17,000999SZ,37.07287827295932,38.09790393680671,36.133872452569015,37.38827133178711,13194067,0.0102733525432163
2023-02-20,000999SZ,37.23773741317271,37.23773741317271,35.71812356929592,36.59978866577149,12167659,0.0094741561137016
2023-02-21,000999SZ,36.34173731651772,37.15888836897519,36.026344310252085,36.21987915039063,10332478,0.0080452213209942
2023-02-22,000999SZ,36.1983796794079,36.3919145346251,35.5245890318476,35.79697036743164,8238570,0.006414832823114
2023-02-23,000999SZ,35.488749287652446,36.01918305347472,35.40273300130289,35.66078186035156,6533771,0.0050874179219828
2023-02-24,000999SZ,35.71812430725772,36.00484524775664,35.23786850926482,35.5890998840332,4332920,0.0033737599408546
2023-02-27,000999SZ,35.69662243018435,36.39908518790983,35.094508448117665,35.574764251708984,5979551,0.0046558832445781
2023-02-28,000999SZ,35.55326144839488,36.74314979358636,35.09450794482782,36.5066032409668,14073325,0.0109579729419488
2023-03-01,000999SZ,36.70730682275207,37.323753270414414,35.137515055778245,37.19472885131836,19379347,0.0150894234346635
2023-03-02,000999SZ,36.62845952062344,36.88650479832957,36.313066503256,36.83633041381836,8480917,0.0066035324991722
2023-03-03,000999SZ,36.70013965315573,36.986857022578825,36.06218737435705,36.32023620605469,5967214,0.0046462772337609
2023-03-06,000999SZ,36.41341816708509,38.348777265578505,36.05501701748063,38.23408889770508,15320874,0.0119293573294873
2023-03-07,000999SZ,38.23409188284384,39.19460348409071,37.9186988465675,38.26276397705078,15653965,0.0121887133924793
2023-03-08,000999SZ,38.26993298977313,38.70718068069456,37.53879808932843,37.90436553955078,6369665,0.0049596393687546
2023-03-09,000999SZ,38.26992905182584,38.27709885250092,37.560300073954096,37.77533721923828,6593496,0.0051339218529272
2023-03-10,000999SZ,37.59614112161915,38.30577370529684,37.19473178609236,38.07639694213867,8566528,0.0066701921564695
2023-03-13,000999SZ,38.07639306961816,41.19447068527837,36.97252106387343,40.7643928527832,17229309,0.0134153301959895
2023-03-14,000999SZ,40.48483803958064,40.72138457908859,39.42397773075575,39.58884048461914,10875326,0.0084679013696388
2023-03-15,000999SZ,39.91857106323651,42.2051616309708,39.78237684189841,40.979434967041016,13340900,0.0103876817469393
2023-03-16,000999SZ,40.97226405498667,43.49539754808979,40.71421522073173,42.77859878540039,16961932,0.0132071413045016
2023-03-17,000999SZ,42.29118163564888,42.57789904093939,40.929260630447054,41.30199432373047,14210263,0.0110645975597079
2023-03-20,000999SZ,40.040424305434016,40.49200798474816,38.348777958122064,38.993896484375,19800739,0.0154175336811017
2023-03-21,000999SZ,38.83620130103751,39.65335241009369,38.449131593950646,38.88637924194336,13240656,0.0103096283345728
2023-03-22,000999SZ,38.91504744113464,39.35946129067774,38.0620545232649,38.2269172668457,11925570,0.0092856573252814
2023-03-23,000999SZ,38.09073157335317,39.05840942491291,37.42410715755745,38.52081298828125,8920202,0.0069455748483544
2023-03-24,000999SZ,38.55664702356562,38.88637607152586,36.54244150860854,36.7646484375,18445809,0.014362538768511
2023-03-27,000999SZ,36.69297201021946,37.45277894909742,36.3489068810586,36.95818710327149,10008486,0.0077929500510983
2023-03-28,000999SZ,37.05853909015929,39.50282620260504,36.958186761748046,39.001068115234375,15836536,0.0123308694272461
2023-03-29,000999SZ,38.99389879621448,40.12644296187732,38.49214070264445,39.50282669067383,14150216,0.011017842908533
2023-03-30,000999SZ,39.495662166111394,39.89706794752783,38.77885978021459,39.768043518066406,8302200,0.0064643773208284
2023-03-31,000999SZ,39.775208425451495,41.88976631696407,39.56733398177476,41.18013381958008,13921078,0.0108394282123633
2023-04-03,000999SZ,41.1801328095761,41.48835601268639,39.7106934673517,40.03325271606445,10714741,0.0083428643876262
2023-04-04,000999SZ,39.99741785890379,42.98647118564585,39.38097139905656,42.07613754272461,12949015,0.0100825466614953
2023-04-06,000999SZ,42.07613534431555,43.81078981311313,42.07613534431555,42.93629455566406,11078685,0.008626243653321
2023-04-07,000999SZ,43.06532293209618,43.41655431652668,41.71057178299896,41.82526016235352,9056157,0.0070514340686398
2023-04-10,000999SZ,41.789418723278885,41.93277919903922,40.44183736050323,40.95793151855469,9232879,0.0071890358716428
2023-04-11,000999SZ,40.60669483847312,41.567206346209005,40.14077513031296,40.613861083984375,7952917,0.0061924136119619
2023-04-12,000999SZ,40.62820103485148,41.50269635239668,40.28413945947907,40.549354553222656,7344409,0.0057186084380631
2023-04-13,000999SZ,40.319978440264464,41.40234823508745,39.85405867992002,41.11562728881836,6604163,0.0051422275445368
2023-04-14,000999SZ,41.30916189814832,41.48119446486008,40.42750032577906,40.92208862304688,6254847,0.0048702381407399
2023-04-17,000999SZ,40.8862513296822,41.61738620225053,40.21246064748674,41.47402572631836,7816299,0.0060860381571648
2023-04-18,000999SZ,41.47402340373544,41.53136759089698,40.72138627926852,40.96509552001953,5077034,0.0039531525916834
2023-04-19,000999SZ,40.8647482044202,40.96509698084581,39.37380283973815,39.74654006958008,11864890,0.0092384097986225
2023-04-20,000999SZ,39.66052486132964,40.41316203304668,39.280621374877086,39.63901901245117,8350360,0.0065018763466012
2023-04-21,000999SZ,39.61034402019244,40.71421605693601,38.92221733606502,39.54583358764648,9764771,0.0076031852033777
2023-04-24,000999SZ,39.588841667485326,42.96496820513779,39.588841667485326,41.896934509277344,15565113,0.012119530181558
2023-04-25,000999SZ,41.50269444660996,42.90045364125773,40.80740152690702,42.5062141418457,12615733,0.0098230418793604
2023-04-26,000999SZ,42.38436076858463,43.36637464565971,41.21597828248262,42.26967239379883,9461400,0.0073669701504764
2023-04-27,000999SZ,41.93994627501856,43.96849171512145,41.93278002843167,43.473899841308594,11085547,0.0086315866415862
2023-04-28,000999SZ,43.73194604664174,43.76061458593387,41.78941701167941,42.25533676147461,8868659,0.0069054417028933
2023-05-04,000999SZ,43.00080645151645,46.48445510864258,42.94346226515954,46.48445510864258,16515194,0.0128592957942089
2023-05-05,000999SZ,46.8070157792174,48.91440402679433,46.48445649865708,47.28010177612305,19069328,0.0148480320212278
2023-05-08,000999SZ,47.09373442815833,49.43050304539028,46.44861584973267,46.85002517700195,14534228,0.0113168478064789
2023-05-09,000999SZ,46.23357151163452,47.982562048155295,45.337573951300136,46.06154251098633,10907057,0.0084926082132185
2023-05-10,000999SZ,46.18339423649948,46.30524884489149,44.62793864473845,45.43792343139648,8423301,0.0065586707078739
2023-05-11,000999SZ,45.62429123714811,45.66013313011853,43.524069348077774,43.77495193481445,11906481,0.0092707939759671
2023-05-12,000999SZ,43.86813322438227,44.49174944142352,43.452387894793006,44.01149368286133,8322070,0.0064798487834967
2023-05-15,000999SZ,43.81078904099065,44.49174944142352,42.943460044535,44.01149368286133,8212239,0.0063943306045171
2023-05-16,000999SZ,44.42724194796214,45.71748270807443,43.509738434347085,45.55261993408203,12369115,0.0096310166563945
2023-05-17,000999SZ,45.2658967353907,46.33392692220768,43.99716188731417,45.75331878662109,11663340,0.0090814760643095
2023-05-18,000999SZ,45.40925605650756,46.14755713825223,44.79997584190174,45.072357177734375,6200408,0.0048278500704732
2023-05-19,000999SZ,45.07235592062743,48.64918707337706,44.91466296414802,47.73885345458984,15304198,0.0119163728246329
2023-05-22,000999SZ,47.27293402816411,48.44131649097808,45.824996880039016,46.54896545410156,9569504,0.0074511436280957
2023-05-23,000999SZ,46.77834244284823,47.58832374582073,45.695972699083775,46.27658081054688,6840636,0.0053263535229749
2023-05-24,000999SZ,45.98986443168018,46.13322134648112,44.52042495147179,45.45943069458008,7055464,0.00549362596294
2023-05-25,000999SZ,45.48093562756862,45.75331695942889,44.52759030200113,45.35907745361328,7100848,0.005528963500018
2023-05-26,000999SZ,45.11536422467154,49.172451171613,44.857318941963726,48.19043731689453,14120837,0.0109949674127236
2023-05-29,000999SZ,48.17610176852555,49.31581214676925,47.52381342237932,48.498661041259766,9929449,0.0077314091354005
2023-05-30,000999SZ,48.49866333204117,48.68503194755522,46.706664523008136,46.97904586791992,11212320,0.0087302964421323
2023-05-31,000999SZ,46.97904305434593,48.14025926524108,46.470115181341605,46.82135009765625,11159025,0.0086887991294545
2023-06-01,000999SZ,46.82134820114066,47.21558768626698,44.94333329656816,45.76765060424805,12182359,0.009485602037266
2023-06-02,000999SZ,45.70314016632098,45.846500625373366,45.02934600877475,45.57411575317383,8116408,0.0063197133051227
2023-06-05,000999SZ,46.11171862929928,46.11171862929928,44.871655911674495,45.66730117797852,10998859,0.0085640883951951
2023-06-06,000999SZ,45.430759104330605,46.5059590827136,45.01501729289636,45.38058471679688,10004705,0.0077900060349761
2023-06-07,000999SZ,45.35907770583896,46.1403904758274,44.0903429013753,44.50608825683594,9799671,0.0076303595389149
2023-06-08,000999SZ,44.47741940942146,45.15837634724203,44.04733797583245,44.26237869262695,8953259,0.0069713141609576
2023-06-09,000999SZ,44.13335169923516,45.14403767743885,43.8107924201209,44.21936798095703,14094450,0.0109744215906085
2023-06-12,000999SZ,44.29104855591769,44.43440902655529,42.63524045208192,43.88247299194336,12948556,0.0100821892683718
2023-06-13,000999SZ,43.72477480282817,43.91114340753296,43.12983064976718,43.28035736083984,5842447,0.0045491293735325
2023-06-14,000999SZ,43.15133636884728,45.18704430398749,42.95779796411613,44.534759521484375,9777383,0.0076130053386154
2023-06-15,000999SZ,44.53475704324812,44.65860864307309,43.34726150218256,44.35262680053711,6180881,0.0048126456793547
2023-06-16,000999SZ,44.1413583431661,45.38713622217049,43.97379865332693,44.1850700378418,7462998,0.0058109458958574
2023-06-19,000999SZ,44.15592841535167,46.53820671650664,43.92279937968261,46.05009460449219,10573375,0.0082327919773811
2023-06-20,000999SZ,46.18850851821061,47.106450391012494,45.605689600482485,45.8315315246582,7812524,0.0060830988128481
2023-06-21,000999SZ,45.561982000484576,46.02823645395264,44.71689286814508,44.81159973144531,6077575,0.0047322080888961
2023-06-26,000999SZ,44.330774408899,44.330774408899,41.89021389194485,42.60416793823242,10669341,0.0083075143924001
2023-06-27,000999SZ,42.60416799118206,44.33077446399452,42.596884515354674,44.19235229492188,8400670,0.0065410494360246
2023-06-28,000999SZ,44.185067534586,44.79702761254052,43.791662304792645,44.12678527832031,4398621,0.0034249169901134
2023-06-29,000999SZ,44.075787888684346,44.82617015536919,43.63138747705099,44.56389999389648,5017769,0.0039070068324969
2023-06-30,000999SZ,44.520188189529314,45.89710111458171,44.07578777900186,44.19235229492188,7467216,0.0058142301751496
2023-07-03,000999SZ,44.14135424026109,44.19234940622511,42.58959464276168,42.89557647705078,9410026,0.0073269685942046
2023-07-04,000999SZ,42.77901321874602,43.34726160048064,42.45846081155285,42.5385971069336,5581131,0.0043456597842707
2023-07-05,000999SZ,42.53859377560935,42.88100380834992,41.16896809598637,41.34381484985352,10586797,0.0082432428063662
2023-07-06,000999SZ,41.4385247072989,41.50409043833712,40.39673480919884,40.57886505126953,8755276,0.0068171578150361
2023-07-07,000999SZ,40.4404473024441,40.87027713897884,39.83577069589485,40.25102996826172,5607694,0.0043663426460149
2023-07-10,000999SZ,40.79742177763556,40.935840322193314,39.99604441114029,40.19274520874024,6304334,0.0049087704141706
2023-07-11,000999SZ,40.3384534749044,40.36030751480453,39.69734864958471,40.0761833190918,5508071,0.0042887727655215
2023-07-12,000999SZ,40.265599237822,41.65708265186281,39.89405166990465,40.85570526123047,10377187,0.0080800332799493
2023-07-13,000999SZ,40.97955305302558,41.21268207111681,38.98339306128947,39.51521682739258,22117110,0.0172211394914922
2023-07-14,000999SZ,39.51521935961052,39.9086246028497,39.04896490638452,39.44965362548828,6376394,0.0049648787986637
2023-07-17,000999SZ,39.49336006172913,40.156318854737655,38.76483554332663,39.93047332763672,9099058,0.0070848382568599
2023-07-18,000999SZ,39.92319672855479,40.56429798162313,39.58807373046875,39.58807373046875,8448051,0.0065779419057119
2023-07-19,000999SZ,39.79934143743644,40.59343535738519,39.63178176030879,39.83576965332031,6219304,0.0048425631433761
2023-07-20,000999SZ,39.63178252977989,39.77748817047421,38.910541414760566,39.08538818359375,6355391,0.0049485251433833
2023-07-21,000999SZ,39.16552898740714,39.59535883086033,38.83040600615195,39.25294876098633,4843311,0.0037711678574496
2023-07-24,000999SZ,39.05624652716384,39.72648885245662,39.05624652716384,39.48607635498047,5984495,0.0046597328123402
2023-07-25,000999SZ,39.63178197440244,40.17817631293172,38.17473281354776,38.393287658691406,15232993,0.0118609301724287
2023-07-26,000999SZ,38.233010033418005,38.50985073655572,37.715756841867645,37.956172943115234,6626666,0.0051597491512014
2023-07-27,000999SZ,37.9561749103482,38.378717655781344,37.67933419286209,37.868751525878906,5511277,0.0042912690669465
2023-07-28,000999SZ,37.81046951096388,38.06545257754302,37.36606911015861,37.51905822753906,10277940,0.0080027561659361
2023-07-31,000999SZ,37.57733971687063,37.66476310011283,36.44084296039214,36.50640869140625,16521251,0.012864011981898
2023-08-01,000999SZ,36.41169804288901,36.71767988274999,35.94544361403116,36.3825569152832,10483755,0.0081630107753512
2023-08-02,000999SZ,36.389843394910656,36.42626799739112,35.39176159752416,35.49375915527344,11730869,0.0091340564569883
2023-08-03,000999SZ,35.588466517427584,36.53554954939017,35.420906840534755,36.433555603027344,14051238,0.0109407752471347
2023-08-04,000999SZ,36.31699124489865,37.00909122026841,36.25142551409423,36.68125534057617,8678794,0.0067576063098626
2023-08-07,000999SZ,36.717678215358845,37.65019064356319,36.142142777697394,37.08922576904297,15454749,0.01203359699052
2023-08-08,000999SZ,36.89252429505489,39.01253216105697,36.571971911838666,38.50984954833984,18295195,0.0142452655486658
2023-08-09,000999SZ,38.5098518992308,38.72112688021106,37.59190999500022,38.3204345703125,10512664,0.0081855203130603
2023-08-10,000999SZ,38.509851535829256,38.59727491758196,37.95617373089716,38.29858016967773,5341398,0.0041589954581578
2023-08-11,000999SZ,38.35686492919922,38.96154155272826,38.29858267089111,38.35686492919922,7229471,0.0056291137739378
2023-08-14,000999SZ,37.8978938277546,38.58999383648704,37.26407607714006,38.53171157836914,5842495,0.0045491667479768
2023-08-15,000999SZ,38.49528049958106,39.28937440100117,38.174731716591694,39.1218147277832,8010666,0.0062373789616163
2023-08-16,000999SZ,39.26751739035116,39.26751739035116,38.45156943686053,38.54627990722656,6349376,0.0049438416583329
2023-08-17,000999SZ,38.33501026187936,38.76484010345529,38.02902841076533,38.26215744018555,3791963,0.0029525522895883
2023-08-18,000999SZ,37.7376184555281,37.77404667407794,35.027504231399696,35.10035705566406,24184986,0.0188312585824182
2023-08-21,000999SZ,34.79437217426578,35.50832617726365,34.51753146608569,34.896366119384766,9059098,0.0070537240319869
2023-08-22,000999SZ,34.96921784419293,35.39176056221364,34.12412879531663,34.60495376586914,6904105,0.005375772660574
2023-08-23,000999SZ,34.80166152299243,34.80166152299243,33.7307268360989,33.78900909423828,5635684,0.0043881366188426
2023-08-24,000999SZ,33.861862677271006,34.45925583661397,33.46117394998302,34.13141632080078,5974690,0.0046520983034593
2023-08-25,000999SZ,33.98571289050784,34.21883830589925,33.43203144846971,33.69430160522461,5603776,0.0043632919569996
2023-08-28,000999SZ,35.40633772688752,35.40633772688752,34.01485063665041,34.43739700317383,9463162,0.0073683421040357
2023-08-29,000999SZ,34.21883867918321,35.10035602036362,33.96385560819643,34.685096740722656,6187168,0.0048175409529227
2023-08-30,000999SZ,34.75066262949718,34.96193400815873,33.920144066503966,34.38640213012695,8490305,0.0066108423175683
2023-08-31,000999SZ,34.38640141867742,35.02750263005952,34.10956069912907,34.663238525390625,7080340,0.0055129952686943
2023-09-01,000999SZ,34.663236922524284,34.663236922524284,33.88371719383145,34.102272033691406,6708630,0.0052235691293668
2023-09-04,000999SZ,34.21883633848977,34.42282422645977,33.78900652382763,34.32811737060547,6959478,0.0054188879752359
2023-09-05,000999SZ,34.255264009823584,35.02750024633348,34.04398903707594,34.182411193847656,7283966,0.0056715454477229
2023-09-06,000999SZ,34.05856146270474,34.2188376666162,33.36646509233972,33.59959411621094,8540589,0.006649995162501
2023-09-07,000999SZ,33.58502044925159,33.94928455458041,33.31546681772584,33.32275390625,5237246,0.0040778991431186
2023-09-08,000999SZ,33.293613654592804,33.41746164724849,32.943920104268145,33.06776809692383,4686697,0.0036492228320679
2023-09-11,000999SZ,33.1843314213755,34.21883785774722,33.118765689463046,34.04399108886719,9524153,0.0074158317859482
2023-09-12,000999SZ,34.05127794575744,35.136779542586375,33.97113803748152,34.94007873535156,11946975,0.0093023239915328
2023-09-13,000999SZ,34.89636468060414,35.45004607413598,34.15326958106731,34.459251403808594,6850831,0.0053342916992156
2023-09-14,000999SZ,34.45925174737452,34.99835897045884,34.298975552912054,34.60495376586914,6707408,0.0052226176383058
2023-09-15,000999SZ,34.604955738345545,35.15135008055817,34.31354807191122,35.063926696777344,9085398,0.0070742021129218
2023-09-18,000999SZ,35.04935458331022,35.80702387591478,34.83079974635538,35.59574890136719,10860712,0.0084565224086204
2023-09-19,000999SZ,35.72688582552745,35.80702573436057,35.12220922280945,35.68317413330078,6780204,0.0052792990976114
2023-09-20,000999SZ,35.68317443136201,35.80702603345633,35.04935669519864,35.085784912109375,5359268,0.004172909652314
2023-09-21,000999SZ,35.11492445917801,35.30434178521244,34.78708858592056,35.07121276855469,4974317,0.0038731736168017
2023-09-22,000999SZ,35.15134955405909,35.4791854319093,34.53938948959437,35.46461486816406,4332738,0.00337361822942
2023-09-25,000999SZ,35.34076443471251,36.5646880916965,35.173204769666626,35.95272445678711,7413192,0.0057721652380991
2023-09-26,000999SZ,36.00372323278029,36.49911875296738,35.821589392163666,35.95272445678711,4625457,0.0036015392702256
2023-09-27,000999SZ,36.28056716918945,36.64482765732746,35.92359015665334,36.28056716918945,7057194,0.0054949730002031
2023-09-28,000999SZ,36.40441733277835,37.33692987416518,36.23685764273422,36.5136947631836,9070176,0.0070623497422757
2023-10-09,000999SZ,36.57197215854289,36.68125318724847,35.40633434647229,35.85073471069336,6042871,0.0047051863656731
2023-10-10,000999SZ,35.82159192231093,35.82159192231093,35.100354435191825,35.2169189453125,6129951,0.0047729898366926
2023-10-11,000999SZ,35.165917764832535,35.82887656446414,34.961929886048225,34.983787536621094,8398336,0.0065392321036709
2023-10-12,000999SZ,35.17320700755165,35.67588964750715,34.89636629795492,35.02021789550781,6946591,0.0054088537155778
2023-10-13,000999SZ,34.94736516862953,35.24605991808473,34.53210229673042,34.96921920776367,6155199,0.0047926487943901
2023-10-16,000999SZ,35.09306757046231,35.45733166691007,34.065848237732226,34.320831298828125,8072138,0.0062852431666061
2023-10-17,000999SZ,34.24069291605836,34.44467718479524,33.621445796275864,33.91285705566406,6655880,0.0051824961723585
2023-10-18,000999SZ,33.80357928777535,33.978426060274536,32.4193828978272,32.798213958740234,10235349,0.0079695933543354
2023-10-19,000999SZ,32.60879797631195,32.630652014943195,29.862255813942664,30.41593360900879,30347305,0.0236294512527116
2023-10-20,000999SZ,30.27751624388764,30.700058985135176,29.876825735705832,29.98610496520996,8440372,0.0065719627732595
2023-10-23,000999SZ,30.12452441561213,30.36493871328297,29.51984783697872,30.15366554260254,8834907,0.006879161239482
2023-10-24,000999SZ,30.16823572852373,30.70734476468146,29.833114578745807,30.59078025817871,7804577,0.006076911006415
2023-10-25,000999SZ,30.59806877650175,31.078893775465897,30.2920869326295,30.35765266418457,9012083,0.0070171165424373
2023-10-26,000999SZ,30.022535167309183,31.47230095537305,29.854971864568466,31.326595306396484,8952737,0.006970907713876
2023-10-27,000999SZ,31.25373940307761,33.16247599096885,30.911332968131067,32.9366340637207,11494043,0.0089496556206579
2023-10-30,000999SZ,32.79092906724942,32.82007019474114,31.30473517800672,32.36109924316406,23953540,0.0186510467983855
2023-10-31,000999SZ,32.13525554898795,32.53594422360488,30.99875525197989,31.428585052490234,12957062,0.010088812331354
2023-11-01,000999SZ,31.24645248885396,31.836558505944254,31.108033941609136,31.4941520690918,7303442,0.0056867101284943
2023-11-02,000999SZ,31.45772690841948,31.552433763353484,31.020610009874243,31.188173294067383,5567286,0.0043348795929952
2023-11-03,000999SZ,31.03518209293806,31.95312401199933,31.03518209293806,31.45044136047364,9371287,0.0072968050817583
2023-11-06,000999SZ,31.596146739402474,32.12068342617431,31.195458039175843,31.92398262023925,14159987,0.0110254509438492
2023-11-07,000999SZ,31.9094127120045,32.47037762641496,31.71999537769893,31.89484214782715,10577056,0.0082356581300778
2023-11-08,000999SZ,31.7199938840636,32.24453416974863,31.486868481038574,31.66899871826172,10580476,0.0082383210592336
2023-11-09,000999SZ,31.60343170075132,31.87298895158447,31.23917119951154,31.443159103393555,8528964,0.0066409435392741
2023-11-10,000999SZ,31.29745204401078,32.31010081614363,31.20274157221186,31.836559295654297,9927084,0.0077295676653849
2023-11-13,000999SZ,31.86570173786509,32.09883076995847,31.25374164145522,31.77827835083008,6887346,0.0053627235290764
2023-11-14,000999SZ,31.778277839633493,32.44852379612013,31.567006464115074,32.055118560791016,8706703,0.0067793372133155
2023-11-15,000999SZ,32.09154624428346,32.63793697612488,31.734565619151088,32.455806732177734,8589617,0.0066881700428081
2023-11-16,000999SZ,32.302816175198046,32.41209359412423,31.94583917882623,32.142539978027344,5771697,0.0044940409999148
2023-11-17,000999SZ,32.033258757281345,33.11147682814275,31.909410775706665,33.03862762451172,11095800,0.0086395699786138
2023-11-20,000999SZ,33.03862993242396,34.82351502843595,33.03862993242396,34.61224365234375,18523497,0.0144230293065974
2023-11-21,000999SZ,34.80894244291518,34.80894244291518,34.02942271679184,34.27711868286133,7976888,0.0062110782537144
2023-11-22,000999SZ,34.09498639671387,35.042069352178146,33.759863457161906,34.53938674926758,11141897,0.0086754626819163
2023-11-23,000999SZ,34.75066176259523,35.03478595661001,34.546677477684064,34.96193313598633,7073840,0.0055079341460298
2023-11-24,000999SZ,34.889084043115034,36.42626953125,34.765232441229266,36.42626953125,15418821,0.0120056222189676
2023-11-27,000999SZ,36.77596310177815,36.8269618828424,35.12220948605995,35.75602722167969,15053689,0.0117213179357765
2023-11-28,000999SZ,35.435475224734816,35.80702642221658,34.60495666930895,35.53018569946289,12425076,0.009674589807999
2023-11-29,000999SZ,35.69774634186383,35.9745870720526,34.96922171736025,35.450050354003906,11360817,0.0088459212932574
2023-11-30,000999SZ,35.44276055892243,35.697743616103736,35.12949524720425,35.39176177978516,8363609,0.00651219247186
2023-12-01,000999SZ,35.25334200359659,35.96001250882117,35.17320571281752,35.748741149902344,11576298,0.0090137021813918
2023-12-04,000999SZ,35.51561239085116,36.164000648151095,35.1149237084545,35.94544219970703,11314573,0.0088099141307192
2023-12-05,000999SZ,35.9308728070708,36.57197399722493,35.64674862125448,36.18585586547852,12549491,0.0097714635889692
2023-12-06,000999SZ,36.134860572524936,36.49912105102314,34.98378965674697,35.144065856933594,17334846,0.0134975049194735
2023-12-07,000999SZ,35.114923944830565,35.7705956817415,35.042071128192134,35.471900939941406,12431901,0.0096799039867967
2023-12-08,000999SZ,35.28248571954741,36.34613329302785,35.24606111547473,35.632179260253906,24342934,0.0189542423058975
2023-12-11,000999SZ,35.8580196079722,36.90709657071239,35.348049883734255,36.28784942626953,10739028,0.0083617750778036
2023-12-12,000999SZ,36.258707246499846,36.57197254730516,35.61760608176259,35.748741149902344,7953920,0.0061931945821208
2023-12-13,000999SZ,35.624891083326105,36.19314306961292,35.450047931149825,36.011009216308594,7075036,0.0055088653926
2023-12-14,000999SZ,35.974585806836814,36.28785113145743,35.493760799938926,35.581180572509766,6210668,0.0048358388579406
2023-12-15,000999SZ,35.48647292454865,35.69046081930624,34.68509552226465,34.692378997802734,8530993,0.0066425233881797
2023-12-18,000999SZ,34.495677858255775,36.4044144865254,34.495677858255775,35.76331329345703,10720359,0.0083472387548768
2023-12-19,000999SZ,35.74145523784316,35.7633128896697,35.04207179758908,35.31891250610352,6318590,0.0049198706241253
2023-12-20,000999SZ,35.32619847062208,35.661321457173834,34.84537345057875,34.95465087890625,4550975,0.0035435450335642
2023-12-21,000999SZ,34.9546470387244,36.3898420781178,34.84536962240232,36.22228240966797,9289569,0.0072331766476199
2023-12-22,000999SZ,36.14943046999713,36.73224939255476,35.705030093177754,35.843448638916016,6314670,0.0049168183778414
2023-12-25,000999SZ,35.87987974914739,35.95272895911513,34.99836239964892,35.799739837646484,5183956,0.004036405723612
2023-12-26,000999SZ,35.79245438314712,36.25142533501599,34.96921933740015,35.34076690673828,5593945,0.0043556372036281
2023-12-27,000999SZ,35.34076694411159,35.807024984768624,35.18049074263574,35.76331329345703,3759423,0.0029272155308955
2023-12-28,000999SZ,35.84345172119869,35.96001623830093,35.26791622442401,35.377197265625,7641532,0.0059499585841324
2023-12-29,000999SZ,35.28248542932413,36.40441525036032,35.28248542932413,36.22956848144531,8026270,0.0062495287705482
2024-01-02,000999SZ,36.22956686749208,38.53170866331375,36.08386123322047,38.02902603149414,14044950,0.0109358791949325
2024-01-03,000999SZ,37.78861416895244,38.97610968873548,37.672049659599246,38.12373352050781,11116394,0.0086556051724835
2024-01-04,000999SZ,37.94888673934127,38.10187946421575,37.17665047806016,37.57733917236328,6467228,0.0050356052626805
2024-01-05,000999SZ,37.635621826754566,37.67933351820655,36.615685972376696,36.80510330200195,6033261,0.0046977036904722
2024-01-08,000999SZ,36.58654245617663,37.118366194371255,36.07657636869855,36.57197189331055,7545343,0.0058750625336743
2024-01-09,000999SZ,36.42626867799238,37.59191017167124,36.09843279820288,37.2276496887207,7467189,0.0058142091520246
2024-01-10,000999SZ,37.14750906286421,37.5409142787049,35.95272646462745,36.28784942626953,7144709,0.0055631151771239
2024-01-11,000999SZ,36.20042579591795,36.331560866962654,35.056641984391554,36.09114837646485,7915667,0.0061634094859229
2024-01-12,000999SZ,36.09843510535542,36.65211656633687,35.9163048522397,36.06929397583008,6191890,0.0048212176638799
2024-01-15,000999SZ,35.98915414990282,36.97266175576784,35.63217715461099,36.81238555908203,5967436,0.0046464500905657
2024-01-16,000999SZ,36.81967452182062,36.93623903443603,36.14214509866115,36.77596282958984,6225345,0.0048472668729171
2024-01-17,000999SZ,36.63754454373436,37.55548647442155,36.58654576267665,36.84881591796875,6287759,0.0048958645513761
2024-01-18,000999SZ,36.64482857860198,37.0673749463539,35.333485007800924,36.87067413330078,8378866,0.006524072094705
2024-01-19,000999SZ,36.56468964432232,37.33692588928326,36.46269570083984,37.23493194580078,4843672,0.0037714489444161
2024-01-22,000999SZ,37.14022735276405,37.88332251628044,36.42626970489687,36.55012130737305,9391219,0.0073123248197505
2024-01-23,000999SZ,36.484552191215016,37.81046993275389,35.340768310266,37.293216705322266,8982526,0.0069941024497303
2024-01-24,000999SZ,37.402493448971086,38.254869640527424,36.33884588484733,37.99259948730469,7025467,0.0054702692711604
2024-01-25,000999SZ,37.956176316259565,38.90325940358882,37.395211384887446,38.72841262817383,9335437,0.0072688910436778
2024-01-26,000999SZ,38.46613867296664,40.76099334196788,38.33500721716792,40.54243850708008,11973808,0.0093232170845262
2024-01-29,000999SZ,40.17817749449835,42.98300208895573,39.94504846579847,41.36567306518555,17108410,0.0133211940930637
2024-01-30,000999SZ,41.015982686725344,41.015982686725344,39.03439319010271,39.2092399597168,12199904,0.0094992631752889
2024-01-31,000999SZ,39.15824347706828,39.201955172037295,37.67933654986991,38.10188293457031,10729215,0.0083541343398487
2024-02-01,000999SZ,37.7667569320178,39.82119920627216,37.395209360789416,39.66092300415039,9138132,0.0071152626117819
2024-02-02,000999SZ,39.36950847300141,40.28745030552559,38.42242551522774,39.93047332763672,10476073,0.008157029306996
2024-02-05,000999SZ,39.6172096533633,41.984917144361646,39.39865120507847,41.16168212890625,9376157,0.0073005970305854
2024-02-06,000999SZ,41.00869617636905,42.96842804800008,39.63178326549957,40.64443206787109,15438770,0.0120211551937421
2024-02-07,000999SZ,40.63714631217483,43.34726028884332,40.57886405808508,42.47303009033203,12207419,0.0095051146117233
2024-02-08,000999SZ,42.47303098180738,42.6697317870714,40.36759354071111,40.877559661865234,12804871,0.0099703112052869
2024-02-19,000999SZ,40.36030526442055,40.629862493726826,39.61721014388637,40.09075164794922,9616608,0.0074878204160941
2024-02-20,000999SZ,40.039757060777525,41.41666990265515,40.0324699725551,41.329246520996094,9332684,0.0072667474635708
2024-02-21,000999SZ,41.06697963228529,41.6862268283872,40.724573166721534,40.7609977722168,9741720,0.0075852369051408
2024-02-22,000999SZ,40.76099624894714,40.85570672279896,40.06889986771886,40.49872970581055,8859444,0.0068982665882235
2024-02-23,000999SZ,40.43315808141752,40.506010898414495,39.66820892220173,40.09075164794922,7913058,0.0061613780291488
2024-02-26,000999SZ,40.017901247118246,40.36030770126006,38.99068188469279,39.10724639892578,11820142,0.0092035674729314
2024-02-27,000999SZ,38.90325887599296,39.55893066207185,38.830406053891394,39.5516471862793,6961544,0.005420496633609
2024-02-28,000999SZ,39.52250282649253,39.74105766209527,39.12181414410764,39.22380447387695,9545890,0.0074327569587726
2024-02-29,000999SZ,39.15824103391852,40.12717812602483,38.99068135340934,40.05432891845703,9627506,0.0074963059722169
2024-03-01,000999SZ,40.03975995296175,40.03975995296175,39.21652485595856,39.52250671386719,8508802,0.006625244715403
2024-03-04,000999SZ,39.19466843567146,40.12717729177167,39.16552730811614,39.959617614746094,8994416,0.0070033604110351
2024-03-05,000999SZ,39.80662953904084,41.13983074019358,39.64635333330904,40.92127227783203,13304237,0.0103591346792086
2024-03-06,000999SZ,40.72457243061398,40.74642647094906,39.70463652832326,40.29474258422852,10629351,0.0082763768084995
2024-03-07,000999SZ,40.10532206269243,40.26559825949169,39.04167455131413,39.0489616394043,10009494,0.0077937349144284
2024-03-08,000999SZ,38.97610972246539,39.26751738326551,38.46613999360388,39.21652221679688,8590604,0.0066889385548189
2024-03-11,000999SZ,39.18737854645102,39.77748453085101,38.77211931488582,39.75563049316406,8251483,0.0064248873272627
2024-03-12,000999SZ,39.83577067003975,40.855706548293895,39.34765857715031,39.82848358154297,11023344,0.0085831532549553
2024-03-13,000999SZ,39.4496539110766,39.69006642171223,38.895972453620594,38.976112365722656,7844116,0.0061076974262662
2024-03-14,000999SZ,38.97610936295172,39.29665814815863,37.883320709734754,39.19466781616211,17124361,0.0133336140880824
2024-03-15,000999SZ,38.96882250228041,39.136382177635845,38.53899268154124,38.844974517822266,8196945,0.0063824221722046
2024-03-18,000999SZ,38.48070991088069,38.89596916241768,37.970743803420696,38.57542037963867,8989813,0.0069997763575544
2024-03-19,000999SZ,38.49528308327737,39.16552904680424,38.11645202107566,39.005252838134766,7883010,0.0061379816270221
2024-03-20,000999SZ,38.655559233323146,39.58078826645793,38.480712460494345,39.25294876098633,5498204,0.0042810899813167
2024-03-21,000999SZ,39.26751643559562,39.70463333549911,39.12181441512941,39.29665756225586,6700148,0.0052169647536067
2024-03-22,000999SZ,39.28937670456186,39.835771059425866,38.70655413252816,39.72649002075195,7487044,0.0058296689351791
2024-03-25,000999SZ,39.72648913208718,39.87219477183624,37.75218674557529,37.7958984375,13188507,0.0102690233367525
2024-03-26,000999SZ,37.59191095457223,38.742981908392224,37.52634522238286,38.11645126342773,6254108,0.0048696627300247
2024-03-27,000999SZ,38.123735356865545,39.31851802245139,37.95617567301678,38.75755310058594,7461338,0.0058096533629923
2024-03-28,000999SZ,38.43699991372412,38.99068134871983,38.26215675761325,38.41514587402344,4865911,0.003788764991637
2024-03-29,000999SZ,38.25486816324314,38.65555685322029,37.92703229079228,37.80318069458008,2858570,0.0022257805254029
2024-04-01,000999SZ,37.74490534225205,38.1018823728182,37.59191260569849,38.08002471923828,7215761,0.0056184386982869
2024-04-02,000999SZ,38.08002142256966,38.08002142256966,36.86338478844954,37.009090423583984,9298123,0.0072398370850464
2024-04-03,000999SZ,37.016377057140815,37.70847707666153,36.66668711581778,37.03823471069336,7768723,0.0060489938537975
2024-04-08,000999SZ,36.79053313063131,37.7011915725108,36.66668514328047,37.24950408935547,8990642,0.0070004218453527
2024-04-09,000999SZ,37.51906033498355,38.18930271167297,37.33693007903037,38.10188293457031,6875848,0.0053537707924
2024-04-10,000999SZ,37.88332323318044,39.595359144783096,37.82504097510877,38.65555953979492,11148870,0.008680892098584
2024-04-11,000999SZ,38.65556053750592,40.16360858478085,38.48800084764271,40.03976058959961,12546826,0.0097693885286767
2024-04-12,000999SZ,39.92319461869575,40.49873010466212,39.51521881649952,39.850341796875,7377488,0.00574436488062
2024-04-15,000999SZ,39.63178325762455,41.80279011817059,39.56621752452554,41.190826416015625,12072453,0.0094000254607172
2024-04-16,000999SZ,40.8775587594823,42.61144859109933,40.81199303012003,41.38024139404297,10226769,0.0079629126724182
2024-04-17,000999SZ,41.41667304470742,42.31275735544117,40.06890122780154,41.90478515625,7671822,0.0059735434157491
2024-04-18,000999SZ,41.72993639474223,43.172415007266565,41.72993639474223,42.11605453491211,7633510,0.0059437123801301
2024-04-19,000999SZ,41.89749518505409,43.67509673234802,41.68622381763572,43.165130615234375,9667442,0.0075274015098677
2024-04-22,000999SZ,44.52018458977722,45.51826637022325,43.638670928661135,43.71880722045898,14195886,0.0110534031350082
2024-04-23,000999SZ,43.63867040304831,44.206918752532175,42.822722480246014,43.44925308227539,10022714,0.0078040284592938
2024-04-24,000999SZ,43.449254003992245,43.47111165557794,42.473029865980514,42.82272338867188,8654607,0.0067387734831108
2024-04-25,000999SZ,43.026709477351424,44.36719403260033,42.81543450981098,44.075782775878906,8613640,0.006706875173542
2024-04-26,000999SZ,43.64595599145492,44.600326116679085,43.64595599145492,44.2797737121582,7050420,0.0054896985317524
2024-04-29,000999SZ,43.864517000283634,44.21421055282673,43.05585246644537,43.12142181396485,9499933,0.007396973264266
2024-04-30,000999SZ,43.20884176439001,44.29434332812672,43.1287018585572,43.68966674804688,7703800,0.00599844258199
2024-05-06,000999SZ,44.06850115181763,44.44733580146707,42.8882891253601,44.1632080078125,9913282,0.0077188209553824
2024-05-07,000999SZ,43.8717964897158,44.28705935204471,43.55853118377904,43.96650695800781,8093553,0.0063019176192
2024-05-08,000999SZ,44.04664652621277,44.65132314443059,43.87908684146634,44.3671989440918,5845251,0.0045513126639866
2024-05-09,000999SZ,44.14863890551312,44.8407388857841,44.039361482453536,44.35262680053711,6707604,0.00522277025062
2024-05-10,000999SZ,44.35991757171264,45.07387165073449,44.23606596160543,44.5274772644043,5013114,0.0039033822900348
2024-05-13,000999SZ,44.44733600673954,46.807756457720814,44.17049529994794,46.1739387512207,11159707,0.0086893301580171
2024-05-14,000999SZ,45.89710147827003,47.10645472768792,45.59112323439064,46.1520881652832,9077892,0.0070683576841957
2024-05-15,000999SZ,45.92624050766581,46.88061063927058,45.91167355656163,46.538204193115234,4999497,0.0038927796273698
2024-05-16,000999SZ,46.55277741914175,46.94617905516339,45.809678615745305,46.297794342041016,6208181,0.0048339023945457
2024-05-17,000999SZ,46.2977916470691,46.91703519460065,44.665892100378784,45.02286911010742,11305247,0.008802652587647
2024-05-20,000999SZ,44.93544758317932,45.7368286321287,44.67318103454021,45.532840728759766,6337276,0.0049344201838344
2024-05-21,000999SZ,45.45998725833084,45.89710057505739,44.80431547682344,45.015586853027344,6377205,0.0049655102710454
2024-05-22,000999SZ,45.0738669730907,45.26328430025275,43.28169487253518,43.638671875,11507424,0.0089600745256385
2024-05-23,000999SZ,43.57310512430427,44.03207609946699,43.347263181055375,43.645957946777344,7450045,0.0058008602463384
2024-05-24,000999SZ,43.62410470835888,45.2122890417956,43.56582244930907,44.28706359863281,6775722,0.0052758092588757
2024-05-27,000999SZ,44.26520357688322,46.32692934837968,44.24334953732639,45.693115234375,8024170,0.0062478936386104
2024-05-28,000999SZ,45.6129771673233,46.14480096775088,45.22685901260674,45.780540466308594,5492165,0.0042763878090442
2024-05-29,000999SZ,45.39442044784329,45.89709948565503,45.0082986961444,45.27056884765625,4287285,0.0033382269665784
2024-05-30,000999SZ,45.01558752523709,45.59112301800347,44.27249234672083,44.4400520324707,4282136,0.0033342177787939
2024-05-31,000999SZ,44.512903662019774,44.7168915600603,44.07578673764722,44.323486328125,4186964,0.0032601135993742
2024-06-03,000999SZ,44.228775602715885,45.82424681800461,44.0976405368632,45.04472351074219,6369880,0.0049598067751196
2024-06-04,000999SZ,45.34342103771641,46.54548712953016,45.1394331449294,46.39249801635742,6063717,0.0047214177753754
2024-06-05,000999SZ,46.33421407337696,47.67470227859565,46.21764956745925,46.552772521972656,6695856,0.0052136228553796
2024-06-06,000999SZ,46.70576645372077,47.61642494384554,46.23950838189105,47.09188461303711,6971013,0.0054278695213798
2024-06-07,000999SZ,47.49257231159076,47.52900052908351,46.75676061429052,47.09917068481445,5922207,0.0046112332417975
2024-06-11,000999SZ,47.02631327679009,47.96610917162965,46.5527717854093,47.427001953125,7294072,0.0056794143255148
2024-06-12,000999SZ,47.42700403789165,47.49985685613995,46.268649646996224,46.49449157714844,7002450,0.0054523474464882
2024-06-13,000999SZ,46.52363512713538,46.5527762559522,43.78437985685949,44.54204559326172,16358664,0.0127374161741047
2024-06-14,000999SZ,44.79564691608849,45.52936027086752,44.32607081685301,45.04999923706055,11617157,0.009045516398461
2024-06-17,000999SZ,45.31413625577159,47.2217917145986,45.12826355033496,46.64460372924805,9791411,0.0076239280199597
2024-06-18,000999SZ,46.59569263323731,47.06526875401366,46.15546385380347,46.69351959228516,5633126,0.0043861448724156
2024-06-19,000999SZ,46.44894475165999,46.54677543475069,45.304353748441024,45.76414489746094,6018282,0.0046860405279504
2024-06-20,000999SZ,45.764146612237184,45.87175850173968,42.066232485604544,43.064083099365234,21044689,0.0163861157639525
2024-06-21,000999SZ,43.04451854521884,43.19126271482124,41.64557139395048,42.08580017089844,14388216,0.0112031578614801
2024-06-24,000999SZ,41.82166250462296,42.72168245612008,41.54774403796892,41.70426940917969,10300879,0.0080206172571363
2024-06-25,000999SZ,41.67491730901714,42.41841560283332,41.34230043691182,41.87057495117188,8212992,0.006394916916112
2024-06-26,000999SZ,41.69448215481601,42.18362437912076,41.08794684159864,41.51839065551758,6675949,0.0051981225832438
2024-06-27,000999SZ,41.410784961448485,41.8803610768589,40.69663398749472,41.56731033325195,7961992,0.0061994797178359
2024-06-28,000999SZ,41.400997500071824,41.84122624761044,41.16621132262391,41.65535354614258,7001875,0.005451899731791
2024-07-01,000999SZ,41.440129906786034,43.905407169066514,41.087946907623255,43.63148498535156,12099778,0.0094213016417646
2024-07-02,000999SZ,43.4260458505876,43.96410154814973,42.40862913368458,42.84885787963867,7942890,0.0061846062462762
2024-07-03,000999SZ,42.68255299685102,42.96625266043317,40.99990249352659,41.20534133911133,7515451,0.0058517875984916
2024-07-04,000999SZ,41.14664609073487,41.49882536465169,40.79446308495896,40.96076965332031,5584011,0.0043479022509282
2024-07-08,000999SZ,41.04881643753284,41.44013172754227,39.992271125482034,40.794464111328125,9144793,0.0071204490945617
2024-07-09,000999SZ,40.755332077590666,41.64557082237408,40.50097974987792,41.0488166809082,7571794,0.0058956581883819
2024-07-10,000999SZ,40.69663099537434,40.94120210407697,40.10966182723161,40.2172737121582,6351414,0.0049454285149468
2024-07-11,000999SZ,40.54989393392673,41.04881739506072,39.825961750080175,40.62815475463867,6719414,0.0052319659211843
2024-07-12,000999SZ,40.5009770938994,40.99011931130467,40.08031448838216,40.2172737121582,5391292,0.0041978446357307
2024-07-15,000999SZ,39.92378973466307,41.45969602210245,39.50312712275455,40.99011993408203,8073322,0.0062861650695653
2024-07-16,000999SZ,40.88250939052611,41.86079387233707,40.80424484068885,40.94120407104492,5339656,0.0041576390772837
2024-07-17,000999SZ,40.86294271282271,41.44991190140538,40.20749017810827,41.22490692138672,5872137,0.0045722470245955
2024-07-18,000999SZ,41.15642597107677,42.60428649019083,40.82380911318171,42.33036804199219,11297904,0.0087969350763046
2024-07-19,000999SZ,42.07601454291195,43.27930775737036,42.05645213702248,43.03473663330078,7972270,0.0062074825207198
2024-07-22,000999SZ,43.09342974860081,44.19889223414153,42.78037901971727,43.484745025634766,8489127,0.0066099250864146
2024-07-23,000999SZ,43.58257167153856,43.75866317177581,42.41841451495589,42.43798065185547,6262954,0.004876550528654
2024-07-24,000999SZ,42.34015005228883,43.51409214560566,42.26188923639253,42.56515502929688,6634853,0.0051661238298559
2024-07-25,000999SZ,42.26188906060049,42.28145519745794,40.393365907092985,41.11729431152344,12243824,0.0095334607918159
2024-07-26,000999SZ,41.1075158104215,41.18577663113521,40.03140060369865,40.89229202270508,8040977,0.0062609801445523
2024-07-29,000999SZ,40.79446498064821,40.79446498064821,39.56182440315264,39.70856857299805,9212098,0.0071728550731672
2024-07-30,000999SZ,39.532477380588574,39.708568893078805,38.837896265687846,39.43465042114258,6603367,0.005141607751669
2024-07-31,000999SZ,39.4248647042245,40.52054230209965,39.08246662109452,40.383583068847656,10243161,0.0079756760451439
2024-08-01,000999SZ,40.41293469970302,41.97818843256992,40.12923129441487,40.89229202270508,10088149,0.0078549783918404
2024-08-02,000999SZ,40.30531992600502,41.80209393435477,40.256406450071445,41.127079010009766,8237836,0.00641426130557
2024-08-05,000999SZ,41.69448502913697,42.6629883420447,40.59880741608139,41.42056655883789,14268201,0.0111097100712366
2024-08-06,000999SZ,41.35208710074904,41.919490181679656,40.59880757266207,41.28360748291016,10908720,0.0084939030819863
2024-08-07,000999SZ,41.283604791956506,41.2933859944991,39.92378999513541,40.18792724609375,10231147,0.0079663215331913
2024-08-08,000999SZ,40.05096564604721,40.990121591931306,39.943357486992426,40.66728591918945,9712304,0.007562332599864
2024-08-09,000999SZ,40.657505987538215,41.41078551562921,40.559675296439806,40.755332946777344,7380260,0.0057465232547778
2024-08-12,000999SZ,40.51075910042671,43.41626512368734,40.51075910042671,42.70211791992188,16127547,0.0125574605607422
2024-08-13,000999SZ,42.653200676121024,42.6727668130124,41.69448235959807,42.17384338378906,7710070,0.0060033246187756
2024-08-14,000999SZ,41.87057341632913,42.20319027624176,40.99990085910872,41.52817535400391,6146542,0.0047859081576352
2024-08-15,000999SZ,41.41078369084241,42.03688515884563,41.21512604912662,41.47926330566406,5276679,0.0041086030277386
2024-08-16,000999SZ,41.48904475461288,42.15427850127865,41.03903478829756,41.73361587524414,4656670,0.0036258427812606
2024-08-19,000999SZ,41.75318344538033,42.41841721487204,41.66513768965763,41.9488410949707,5516397,0.0042952556743376
2024-08-20,000999SZ,41.87057638015352,42.72168286093567,41.36186798593338,41.557525634765625,5739695,0.0044691231464518
2024-08-21,000999SZ,41.528175740156016,41.96840448999549,41.18577394278796,41.38143157958984,3628510,0.0028252821845292
2024-08-22,000999SZ,41.41078535749163,42.35971880043714,40.92164309944534,41.9488410949707,6434084,0.005009798208897
2024-08-23,000999SZ,41.96840380055957,42.34014919933138,41.43034437522861,41.802093505859375,5341922,0.004159403462508
2024-08-26,000999SZ,42.67276796881939,43.51409321864075,42.359717233796445,42.9271240234375,14233329,0.0110825575374586
2024-08-27,000999SZ,42.96625092632687,43.15212735880469,41.88035832983712,42.32058334350586,8547531,0.0066554004415068
2024-08-28,000999SZ,42.06623358483592,44.00323645091921,41.95862169252143,43.81736373901367,10933173,0.0085129430254503
2024-08-29,000999SZ,43.719532904406975,44.7467346135522,43.56300753388586,44.48259735107422,7874626,0.0061314535574192
2024-08-30,000999SZ,44.45324626714459,44.69781739176285,43.631487139152895,43.954322814941406,9137186,0.0071145260237757
2024-09-02,000999SZ,44.02280212666859,45.001086618372334,43.79779714139983,44.49237823486328,8069589,0.0062832584278873
2024-09-03,000999SZ,44.49237934921025,45.979372261665965,44.28694049645328,45.24565887451172,9354791,0.00728396073107
2024-09-04,000999SZ,45.186959586545335,45.95002403209899,44.98152073775978,45.27500534057617,6257260,0.0048721169851999
2024-09-05,000999SZ,44.9717402445785,45.53914332139743,44.76629766069132,45.11848068237305,6373520,0.0049626410038117
2024-09-06,000999SZ,45.11847817817186,45.34348315578917,44.29671908381082,44.41411590576172,6486121,0.0050503159996806
2024-09-09,000999SZ,44.24780501503067,44.53150839982624,43.6021374303788,43.9054069519043,7050009,0.0054893785130731
2024-09-10,000999SZ,43.53366052740268,43.95432316363194,39.600956364519824,39.98248672485352,26950034,0.020984219674924
2024-09-11,000999SZ,39.3466021883066,39.35638339089183,37.14546215258429,37.80091094970703,26445338,0.0205912460804174
2024-09-12,000999SZ,37.72265161554306,37.91830552980712,36.20630765698219,36.43131637573242,18679612,0.0145445857934853
2024-09-13,000999SZ,36.059567766729344,36.57805736471845,35.501945892551824,35.61933898925781,17488208,0.0136169178262544
2024-09-18,000999SZ,35.58020625228824,36.6367553045371,35.45303195411175,36.55849075317383,10955207,0.0085300994526487
2024-09-19,000999SZ,36.6661035247514,36.77371541952721,35.903042789954696,36.26500701904297,11304597,0.0088021464753806
2024-09-20,000999SZ,36.68566895287766,37.409601128899176,36.06934866954873,37.21394348144531,11123880,0.0086614340285245
2024-09-23,000999SZ,36.949803530138624,38.03569984927392,36.86175778178011,37.17480850219727,7977534,0.0062115812514438
2024-09-24,000999SZ,37.213940970693656,38.6324541542058,36.80305956557599,38.6226692199707,12363555,0.0096266874499307
2024-09-25,000999SZ,39.11181243955957,39.87487312760975,38.788980506868754,39.24877166748047,13705249,0.0106713763595078
2024-09-26,000999SZ,39.11181137869424,39.90422311684779,38.47592873318641,39.81617736816406,18031580,0.0140400058792492
2024-09-27,000999SZ,40.25640940429209,42.84886113760917,40.24662446927191,42.34015274047852,18289487,0.0142408211043321
2024-09-30,000999SZ,43.97388945240027,46.57612609863281,43.97388945240027,46.57612609863281,23640770,0.0184075133621113
2024-10-08,000999SZ,51.23275787342503,51.23275787342503,47.83811321905836,50.6947021484375,27278979,0.0212403475202903
2024-10-09,000999SZ,49.10988064242383,51.408847630869886,47.5250608620136,48.37616729736328,23415347,0.0182319912922029
2024-10-10,000999SZ,48.52290980803609,50.303387303185325,47.22179336090052,48.963138580322266,17312932,0.0134804419283857
2024-10-11,000999SZ,48.47399628910484,48.718567414409975,45.78371391074842,46.45873260498047,13970919,0.0108782361223206
2024-10-14,000999SZ,46.49786113886736,46.938089910694245,45.59784118922948,45.930458068847656,15263237,0.0118844791868696
2024-10-15,000999SZ,45.92067144039444,46.35111899335392,45.16739195457444,45.460880279541016,9472379,0.0073755187759739
2024-10-16,000999SZ,44.70760034523386,45.36304913887014,44.189107046357535,44.55107498168945,9578405,0.0074580742516091
2024-10-17,000999SZ,44.60977089698226,45.12826421022882,43.504312119000005,43.58257293701172,10983137,0.008551846707421
2024-10-18,000999SZ,43.58257460457276,45.44131668467438,43.41626802752267,44.58042526245117,13292478,0.0103499787189914
2024-10-21,000999SZ,44.707600659825054,46.615256107099135,44.433678472800565,45.86197662353516,12100081,0.0094215375679442
2024-10-22,000999SZ,45.95002308181477,48.131597017840775,45.54892659549356,47.55440902709961,14007264,0.0109065355843579
2024-10-23,000999SZ,47.75006553730066,47.9359382400684,46.967434988710274,47.329402923583984,8846579,0.006888249458519
2024-10-24,000999SZ,47.31962036855308,47.78919648220335,46.977222285222425,47.11418151855469,5747043,0.0044748445509654
2024-10-25,000999SZ,46.95765356227521,47.12396012734928,46.00871645234269,46.409812927246094,9053116,0.007049066241867
2024-10-28,000999SZ,45.97937154752638,46.14567812140586,45.00108704651517,45.930458068847656,13703641,0.010670124315624
2024-10-29,000999SZ,45.94023812677362,46.14567697121917,44.80542828316028,45.17717742919922,9933122,0.0077342690590231
2024-10-30,000999SZ,45.17717797616034,45.52936098910753,44.3162865813849,44.89347457885742,9006343,0.0070126471818074
2024-10-31,000999SZ,44.8054272626614,45.04999837624782,44.00323430864664,44.02280044555664,10952120,0.0085276958087002
2024-11-01,000999SZ,44.042369135024,45.67610247717504,43.84671148644336,44.99130630493164,13698080,0.010665794330526
2024-11-04,000999SZ,44.99130415473489,45.255437676057326,44.24780587203309,44.9326057434082,9234440,0.0071902513197165
2024-11-05,000999SZ,44.90325771861581,45.36304887215342,44.17932558406744,45.35326766967773,12617510,0.0098244255124335
2024-11-06,000999SZ,45.34348312224602,46.37068478833173,44.80542741687577,45.20652389526367,14456446,0.0112562840767724
2024-11-07,000999SZ,44.80542801499464,47.92615786514776,44.65868758349426,47.82832717895508,20540157,0.0159932698654639
2024-11-08,000999SZ,47.97507221939767,48.85552602007369,47.33918580902679,47.79898071289063,14156773,0.0110229484133501
2024-11-11,000999SZ,47.681587290843886,47.72071583390778,46.05763520012952,47.54462432861328,15715355,0.01223651374946
2024-11-12,000999SZ,47.36853232188685,49.6772842718778,47.153312275806734,48.6207389831543,18575001,0.0144631320853225
2024-11-13,000999SZ,48.67943476130016,49.285973834292975,47.642455586436064,48.0533332824707,10173021,0.0079210626384224
2024-11-14,000999SZ,48.053333187038376,49.23706025819985,47.39788436889648,47.39788436889648,9248334,0.0072010696640705
2024-11-15,000999SZ,47.07504709402264,48.22942305350139,47.006567480482296,47.05548095703125,9759080,0.0075987539958264
2024-11-18,000999SZ,47.42722982212469,47.9065908459965,46.23372159555901,46.536991119384766,10328697,0.008042277304872
2024-11-19,000999SZ,46.73265018175503,47.00656864268886,45.63697260616054,46.22394180297852,7699384,0.0059950041331152
2024-11-20,000999SZ,46.27285443568944,47.48592881398134,46.07719679637022,46.78156280517578,8064728,0.0062794734867685
2024-11-21,000999SZ,46.625039736691335,46.66417201285453,45.51957719216644,46.43916702270508,9997723,0.0077845696106001
2024-11-22,000999SZ,46.31198576814076,46.70330103882154,44.59020678723508,44.69781494140625,9649083,0.0075131065635603
2024-11-25,000999SZ,44.6978172460579,45.96959007541449,44.3162868899946,44.61955642700195,9988681,0.0077775291996566
2024-11-26,000999SZ,44.71738282735947,45.62718769520147,44.52172518436544,44.639122009277344,7434216,0.0057885352446989
2024-11-27,000999SZ,44.67825206381999,45.28479115080617,43.82714557964166,45.24565887451172,8716786,0.0067871881825196
2024-11-28,000999SZ,45.24565687804011,45.45109572173205,44.766295844233134,45.04999923706055,7005710,0.005454885794163
2024-11-29,000999SZ,45.400001525878906,45.52000045776367,44.72999954223633,45.11000061035156,9842800,0.0076639412557454
2024-12-02,000999SZ,45.29999923706055,45.59999847412109,44.369998931884766,44.97999954223633,12939628,0.0100752376217335
2024-12-03,000999SZ,44.86000061035156,44.88999938964844,44.08000183105469,44.43999862670898,11993972,0.0093389174656658
2024-12-04,000999SZ,44.45000076293945,45.59999847412109,44.2599983215332,45.02000045776367,13665532,0.0106404513427591
2024-12-05,000999SZ,44.84000015258789,44.900001525878906,44.29999923706055,44.59000015258789,7049136,0.0054886987653676
2024-12-06,000999SZ,44.54999923706055,45.06999969482422,44.54999923706055,44.79999923706055,7830480,0.0060970799695502
2024-12-09,000999SZ,44.79999923706055,45.0,44.15999984741211,44.45000076293945,8467373,0.0065929866768079
2024-12-10,000999SZ,45.09000015258789,45.4900016784668,44.70000076293945,44.86000061035156,12330851,0.0096012229952198
2024-12-11,000999SZ,44.56999969482422,45.95000076293945,44.56999969482422,45.25,10322880,0.0080377479894043
2024-12-12,000999SZ,45.36000061035156,46.47999954223633,45.0,46.40999984741211,10988295,0.0085558629029139
2024-12-13,000999SZ,46.20000076293945,46.45000076293945,45.209999084472656,45.2400016784668,7530983,0.005863881345757
2024-12-16,000999SZ,45.25,45.75,44.900001525878906,45.290000915527344,5915702,0.0046061682259617
2024-12-17,000999SZ,45.04999923706055,46.060001373291016,44.900001525878906,45.31999969482422,6156249,0.004793466360359
2024-12-18,000999SZ,45.5,45.84999847412109,44.869998931884766,44.900001525878906,6382794,0.0049698620579026
2024-12-19,000999SZ,44.75,45.36000061035156,44.52000045776367,45.16999816894531,6810567,0.0053029407695288
2024-12-20,000999SZ,45.15999984741211,46.900001525878906,45.09999847412109,46.400001525878906,11084389,0.0086306849831177
2024-12-23,000999SZ,46.400001525878906,47.0,46.15999984741211,46.2400016784668,7028113,0.005472329537402
2024-12-24,000999SZ,46.040000915527344,46.58000183105469,46.02999877929688,46.54999923706055,5509449,0.0042898457235263
2024-12-25,000999SZ,46.560001373291016,46.9900016784668,46.209999084472656,46.66999816894531,5392583,0.0041988498525553
2024-12-26,000999SZ,46.43000030517578,46.43000030517578,45.709999084472656,45.84999847412109,6739188,0.0052473626349641
2024-12-27,000999SZ,45.7599983215332,45.79999923706055,44.84999847412109,45.09000015258789,8818578,0.0068664469207145
2024-12-30,000999SZ,45.13999938964844,46.02999877929688,44.77999877929688,45.11000061035156,9407272,0.0073248242354633
2024-12-31,000999SZ,45.0,45.22999954223633,44.310001373291016,44.34000015258789,8362554,0.0065113710127198
2025-01-02,000999SZ,44.310001373291016,44.59000015258789,42.90999984741211,43.09999847412109,10927195,0.0085082883498674
2025-01-03,000999SZ,43.150001525878906,43.93000030517578,42.810001373291016,43.02000045776367,9841035,0.0076625669662834
2025-01-06,000999SZ,43.400001525878906,44.25,43.11000061035156,43.72999954223633,10739944,0.0083624883067821
2025-01-07,000999SZ,43.7400016784668,43.83000183105469,42.150001525878906,43.15999984741211,13361036,0.0104033603263197
2025-01-08,000999SZ,42.86000061035156,43.84999847412109,42.810001373291016,43.52999877929688,7581403,0.0059031400849486
2025-01-09,000999SZ,43.5,44.400001525878906,43.18000030517578,43.70000076293945,5693784,0.0044333752691209
2025-01-10,000999SZ,43.77999877929688,43.880001068115234,42.61000061035156,42.619998931884766,5601693,0.0043616700618442
2025-01-13,000999SZ,42.47999954223633,43.0,42.29999923706055,42.560001373291016,3795365,0.0029552012033275
2025-01-14,000999SZ,42.650001525878906,43.459999084472656,42.2599983215332,43.400001525878906,7090801,0.0055211405616472
2025-01-15,000999SZ,43.290000915527344,43.900001525878906,43.09999847412109,43.470001220703125,4810959,0.0037459774819969
2025-01-16,000999SZ,44.119998931884766,44.34999847412109,43.75,43.97999954223633,6190232,0.0048199266882833
2025-01-17,000999SZ,43.790000915527344,45.15999984741211,43.77999877929688,44.83000183105469,6529789,0.0050843174003751
2025-01-20,000999SZ,44.93000030517578,45.18999862670898,43.630001068115234,43.81999969482422,8221981,0.0064019160594399
2025-01-21,000999SZ,43.900001525878906,44.2400016784668,43.5099983215332,44.16999816894531,5523651,0.0043009038872312
2025-01-22,000999SZ,44.0,44.130001068115234,43.560001373291016,43.84000015258789,3295138,0.0025657073253113
2025-01-23,000999SZ,44.20000076293945,44.27000045776367,43.720001220703125,43.90999984741211,5198733,0.0040479116020141
2025-01-24,000999SZ,43.7599983215332,44.43000030517578,43.650001525878906,44.18000030517578,5846399,0.0045522065361125
2025-01-27,000999SZ,44.18000030517578,44.970001220703125,44.150001525878906,44.22999954223633,6039731,0.004702741454109
2025-02-05,000999SZ,44.65999984741211,44.65999984741211,44.06999969482422,44.29999923706055,4526072,0.003524154704685
2025-02-06,000999SZ,44.34999847412109,44.77999877929688,43.93000030517578,44.0,6018878,0.004686504593967
2025-02-07,000999SZ,44.0099983215332,44.93999862670898,43.81999969482422,44.77999877929688,7320824,0.0057002443491335
2025-02-10,000999SZ,44.7400016784668,44.79999923706055,43.68000030517578,43.81999969482422,11154921,0.0086856036144675
2025-02-11,000999SZ,43.880001068115234,45.06999969482422,43.209999084472656,44.88999938964844,13856532,0.0107891704856704
2025-02-12,000999SZ,44.79999923706055,44.880001068115234,44.20000076293945,44.459999084472656,6000160,0.0046719301179617
2025-02-13,000999SZ,44.459999084472656,44.81999969482422,44.04999923706055,44.5,5748565,0.0044760296323032
2025-02-14,000999SZ,44.45000076293945,44.790000915527344,44.29999923706055,44.52999877929688,6076849,0.0047316428004262
2025-02-17,000999SZ,44.790000915527344,44.869998931884766,43.5099983215332,43.790000915527344,10659478,0.0082998347227324
2025-02-18,000999SZ,43.72999954223633,43.88999938964844,43.02000045776367,43.20000076293945,6324599,0.00492454943737
2025-02-19,000999SZ,43.20000076293945,43.290000915527344,42.310001373291016,42.72999954223633,8473829,0.0065980135395651
2025-02-20,000999SZ,42.68999862670898,43.02000045776367,42.31999969482422,42.43000030517578,8315242,0.0064745322687962
2025-02-21,000999SZ,42.36000061035156,42.43000030517578,41.41999816894531,41.61000061035156,17296768,0.0134678560842705
2025-02-24,000999SZ,41.650001525878906,42.27999877929688,41.52999877929688,41.91999816894531,9596499,0.0074721628598386
2025-02-25,000999SZ,41.84000015258789,42.04999923706055,41.29999923706055,41.29999923706055,7984729,0.0062171835249163
2025-02-26,000999SZ,41.2400016784668,41.54999923706055,41.11000061035156,41.5,6071397,0.004727397686462
2025-02-27,000999SZ,41.560001373291016,41.77000045776367,40.869998931884766,41.06999969482422,13417952,0.0104476770736388
2025-02-28,000999SZ,41.06999969482422,41.75,40.959999084472656,40.97999954223633,12227246,0.0095205525931186
2025-03-03,000999SZ,41.209999084472656,42.130001068115234,41.0099983215332,42.060001373291016,15760679,0.0122718045684826
2025-03-04,000999SZ,42.060001373291016,42.5,41.70000076293945,42.2400016784668,8899287,0.0069292897128885
2025-03-05,000999SZ,42.20000076293945,42.20000076293945,41.59000015258789,41.7400016784668,5518680,0.0042970332963442
2025-03-06,000999SZ,41.7400016784668,41.79999923706055,41.369998931884766,41.650001525878906,9771682,0.0076085663447215
