Date,Stock,Open,High,Low,Close,Volume,Turnover
2020-03-12,601985SS,4.123165066507717,4.140899092528313,4.096563816070557,4.096563816070557,24392790,0.001185958255192
2020-03-13,601985SS,4.034494876861572,4.061095704093612,3.963558351013573,4.034494876861572,42870667,0.00208433809475
2020-03-16,601985SS,4.0610958307947485,4.078829857106896,3.954691672921861,3.972425699234009,34948506,0.001699168860853
2020-03-17,601985SS,3.963558758789351,4.016761264352021,3.936957928820585,4.007894039154053,30440383,0.0014799874680205
2020-03-18,601985SS,3.999026669973728,4.025627496172272,3.963558197021485,3.963558197021485,33391866,0.001623486248968
2020-03-19,601985SS,3.9458243598529648,3.972425610130778,3.8748882561955,3.928090333938599,42242890,0.0020538160710057
2020-03-20,601985SS,3.9458239214611774,3.972425168783521,3.90148907300725,3.9369571208953857,29609447,0.0014395880135614
2020-03-23,601985SS,3.901489662264989,3.901489662264989,3.839420357679933,3.848287582397461,28134412,0.0013678729725616
2020-03-24,601985SS,3.866021444495458,3.901489496231079,3.830553392759837,3.901489496231079,25446409,0.0012371843818826
2020-03-25,601985SS,3.945824186091733,3.963558211225151,3.9192233597978623,3.954691410064697,21943862,0.0010668933028855
2020-03-26,601985SS,3.936957558302046,3.954691584216412,3.91922353238768,3.928090333938599,16269293,0.0007910002234056
2020-03-27,601985SS,3.954691410064697,3.981292236358568,3.93695738493128,3.954691410064697,17159526,0.0008342826513441
2020-03-30,601985SS,3.919223256392811,3.928090057319322,3.874887983322757,3.883755207061768,19128854,0.0009300298290463
2020-03-31,601985SS,3.91922352209889,3.936957547966701,3.8837554703632686,3.901489496231079,12902985,0.0006273329773826
2020-04-01,601985SS,3.892622207259765,3.936957482599435,3.874888181686402,3.874888181686402,13243522,0.0006438896183551
2020-04-02,601985SS,3.857154205782677,3.910356283187866,3.857154205782677,3.910356283187866,12746575,0.0006197284462611
2020-04-03,601985SS,3.919223482375496,3.919223482375496,3.8837554309993614,3.892622232437134,8341149,0.0004055401007566
2020-04-07,601985SS,3.928090422047369,3.981292500983813,3.928090422047369,3.972425699234009,24517379,0.0011920156743333
2020-04-08,601985SS,3.9724256844739374,3.990159710720192,3.945824433698286,3.981292486190796,18070312,0.0008785643499696
2020-04-09,601985SS,3.981292222091351,4.007893471102405,3.963558197021485,3.963558197021485,12069084,0.0005867893669566
2020-04-10,601985SS,3.981291969349314,3.981291969349314,3.9280898975171104,3.9369571208953857,12081009,0.0005873691510728
2020-04-13,601985SS,3.919223557056612,3.963558410715321,3.910356332637351,3.945824384689331,10478246,0.0005094440752219
2020-04-14,601985SS,3.93695737082294,3.9724254209626726,3.928090146881752,3.963558197021485,13914730,0.0006765232231437
2020-04-15,601985SS,3.972425635134582,3.999026885579833,3.945824384689331,3.945824384689331,19252350,0.0009360341073877
2020-04-16,601985SS,3.9458241719516174,3.9724254209626726,3.928090146881752,3.963558197021485,11843699,0.0005758313256113
2020-04-17,601985SS,3.963558410715321,3.972425635134582,3.945824384689331,3.945824384689331,13592591,0.0006608610784538
2020-04-20,601985SS,3.945824448359517,3.981292500983813,3.928090422047369,3.972425699234009,18835614,0.0009157727309959
2020-04-21,601985SS,3.9724256844739374,3.990159710720192,3.9280904074520313,3.981292486190796,22862281,0.0011115461119646
2020-04-22,601985SS,3.9724254351981134,3.981292236358568,3.945824186091733,3.954691410064697,13564199,0.0006594806817554
2020-04-23,601985SS,3.9546915590984537,3.9724255849001833,3.8926222573861367,3.910356283187866,22882021,0.0011125058552312
2020-04-24,601985SS,3.901489662264989,3.91035646416997,3.830553555774952,3.848287582397461,23797862,0.0011570333239789
2020-04-27,601985SS,3.848287582397461,3.8660216090199695,3.830553555774952,3.848287582397461,17748030,0.0008628952527322
2020-04-28,601985SS,3.8394204624448105,3.8571544895512218,3.741883101953269,3.768484354019165,23182911,0.0011271348902619
2020-04-29,601985SS,3.768484154903565,3.79508540556393,3.750750128734168,3.7773513793945312,11344060,0.0005515392705956
2020-04-30,601985SS,3.786218004162601,3.848287304261584,3.777351202898469,3.839420080184937,19333399,0.0009399746459905
2020-05-06,601985SS,3.821686080020457,3.866021355070731,3.795085253240308,3.857154130935669,21328130,0.0010369568975631
2020-05-07,601985SS,3.857154561142495,3.857154561142495,3.8128197039598617,3.8216865062713614,17301249,0.0008411731120828
2020-05-08,601985SS,3.830553555774952,3.8660216090199695,3.7950855025299326,3.848287582397461,29808677,0.0014492744193879
2020-05-11,601985SS,3.848287318635166,3.866021344042182,3.821686069118383,3.830553293228149,22647622,0.0011011095602991
2020-05-12,601985SS,3.830553028239054,3.84828705241927,3.803951780562486,3.812819004058838,16699656,0.0008119241338144
2020-05-13,601985SS,3.795085415400637,3.812819441616,3.786218190886687,3.803952217102051,17204873,0.0008364873868007
2020-05-14,601985SS,3.786217861805312,3.795085085548562,3.750749812457311,3.7596166133880615,17214087,0.0008369353642303
2020-05-15,601985SS,3.768483837131311,3.795085085548562,3.7596166133880615,3.7596166133880615,10849148,0.0005274770386003
2020-05-18,601985SS,3.7596166133880615,3.786217861805312,3.741882588714061,3.7596166133880615,15126803,0.0007354532586273
2020-05-19,601985SS,3.768484354019165,3.786218381125576,3.75961712905968,3.768484354019165,11404356,0.0005544708146689
2020-05-20,601985SS,3.7684836116254927,3.7684836116254927,3.741882364800059,3.7507495880126953,11420636,0.0005552623354582
2020-05-21,601985SS,3.759617017716649,3.759617017716649,3.7064149379730233,3.7064149379730233,20794490,0.0010110117406827
2020-05-22,601985SS,3.706414839408529,3.7152820638696,3.617744708860484,3.6354787349700928,29522281,0.001435350071232
2020-05-25,601985SS,3.635478510696268,3.653212535711859,3.617744485680677,3.626611709594727,12834600,0.0006240081524945
2020-05-26,601985SS,3.626611933321555,3.644345959431164,3.617744708860484,3.6354787349700928,19546478,0.0009503343792993
2020-05-27,601985SS,3.6266116837331226,3.6354784847714345,3.608877658843994,3.608877658843994,15589825,0.0007579650239168
2020-05-28,601985SS,3.61774468421936,3.63547871020818,3.6000106582305413,3.61774468421936,17175088,0.0008350392635385
2020-05-29,601985SS,3.617744648893984,3.617744648893984,3.5734097957611084,3.5734097957611084,27901952,0.0013565709502837
2020-06-01,601985SS,3.573409659782167,3.644345760345459,3.5645424358055005,3.644345760345459,30295414,0.0014729391893161
2020-06-02,601985SS,3.635478807827262,3.7064149136872993,3.626612006001028,3.68868088722229,31843973,0.00154822890934
2020-06-03,601985SS,3.688680877737615,3.6975481023535903,3.653212824898795,3.6620800495147705,19467526,0.0009464957951864
2020-06-04,601985SS,3.6709465607274505,3.6709465607274505,3.617744485680677,3.626611709594727,16863250,0.0008198779453628
2020-06-05,601985SS,3.635478522230391,3.6620797712444286,3.608877696028863,3.653212547302246,16004807,0.0007781411222088
2020-06-08,601985SS,3.653212547302246,3.6709465723741017,3.6443457461725735,3.653212547302246,15721797,0.0007643813987085
2020-06-09,601985SS,3.662079796861281,3.6709465980529785,3.644345771665373,3.6709465980529785,14581882,0.0007089596284039
2020-06-10,601985SS,3.670946586650438,3.670946586650438,3.626611735204636,3.644345760345459,18082154,0.0008791400986911
2020-06-11,601985SS,3.644345934608855,3.6709467621858174,3.6088778826312167,3.61774468421936,20103834,0.0009774325894376
2020-06-12,601985SS,3.5822764101040483,3.617744459882306,3.5734096090657363,3.608877658843994,29488560,0.0014337105827469
2020-06-15,601985SS,3.591143806995984,3.617744634205199,3.5822765827178955,3.5822765827178955,23426330,0.0011389697304962
2020-06-16,601985SS,3.6000106582305413,3.61774468421936,3.591143856642397,3.61774468421936,13947204,0.00067810208347
2020-06-17,601985SS,3.617744485680677,3.635478510696268,3.600010460665086,3.626611709594727,16590615,0.0008066226461984
2020-06-18,601985SS,3.6266117464694654,3.6886806232488873,3.6266117464694654,3.6709465980529785,29095664,0.0014146082883955
2020-06-19,601985SS,3.6709465980529785,3.6886806232488873,3.653212572857071,3.6709465980529785,25397536,0.0012348082150806
2020-06-22,601985SS,3.6709465723741017,3.688680597445957,3.653212547302246,3.653212547302246,20498556,0.0009966236624722
2020-06-23,601985SS,3.653212535711859,3.6620797596259087,3.626611709594727,3.626611709594727,16607500,0.0008074435816116
2020-06-24,601985SS,3.635478522230391,3.653212547302246,3.6266117211007183,3.653212547302246,14807309,0.0007199197117561
2020-06-29,601985SS,3.644345734610318,3.653212535711859,3.6088776845791353,3.626611709594727,16042708,0.0007799838390046
2020-06-30,601985SS,3.626611709594727,3.644345734610318,3.617744485680677,3.626611709594727,17343124,0.0008432090416315
2020-07-01,601985SS,3.6266113157407935,3.6798133850097656,3.617744092789735,3.6798133850097656,31975791,0.0015546377967729
2020-07-02,601985SS,3.6709466983344727,3.7596168267362673,3.662079896900556,3.741882801055908,53353838,0.0025940216195965
2020-07-03,601985SS,3.768483978821822,3.8748881308664935,3.768483978821822,3.839420080184937,74131405,0.0036042105773358
2020-07-06,601985SS,3.857154172461554,4.034494851759369,3.839420146813025,4.01676082611084,136569808,0.0066399165986174
2020-07-07,601985SS,4.061095546312004,4.132031646591471,3.963558197021485,3.963558197021485,111918805,0.0054414042305523
2020-07-08,601985SS,3.945824325254704,4.052228902620441,3.928090299495836,4.034494876861572,94179694,0.0045789426125817
2020-07-09,601985SS,4.034494065968386,4.149764998826457,4.01676004377388,4.123164176940918,96192570,0.004676807059776
2020-07-10,601985SS,4.123164980002016,4.132031781420019,4.01676082611084,4.01676082611084,76467461,0.0037177877818209
2020-07-13,601985SS,4.016760456214867,4.105430576292047,4.016760456214867,4.087696552276611,66642496,0.0032401057147542
2020-07-14,601985SS,4.087696591675201,4.149765464921225,4.052228543302475,4.132031440734863,88440149,0.0042998904511112
2020-07-15,601985SS,4.123165031085273,4.140899056953515,4.025627677403678,4.052228927612305,59127869,0.00287475046325
2020-07-16,601985SS,4.043361739238542,4.114297843342503,3.945824384689331,3.945824384689331,66577247,0.0032369333597185
2020-07-17,601985SS,3.9658821198915937,3.984116043683216,3.902063603986434,3.9294142723083496,43973959,0.0021379792836131
2020-07-20,601985SS,3.9385316406875663,4.093519782992958,3.9385316406875663,4.084403038024902,56717172,0.0027575442720798
2020-07-21,601985SS,4.102636297295077,4.111753475515495,4.029700610455678,4.047934532165527,38189327,0.0018567350276814
2020-07-22,601985SS,4.05705127565496,4.093519119074659,4.011466688745828,4.047934532165527,37776314,0.00183665466062
2020-07-23,601985SS,4.02970027923584,4.057050942187044,3.94764742092033,4.02970027923584,49845419,0.0024234450485801
2020-07-24,601985SS,4.011467146736166,4.029701070527788,3.902063603986434,3.9294142723083496,45233822,0.0021992328312909
2020-07-27,601985SS,3.911180348516728,3.984116043683216,3.902063603986434,3.9294142723083496,29679536,0.0014429956855885
2020-07-28,601985SS,3.9385313602157854,3.9658820279033047,3.9020635134784096,3.911180257797241,23202844,0.0011281040170366
2020-07-29,601985SS,3.920297235775233,3.974999003075645,3.8929461347595256,3.965881824493408,30138585,0.0014653142867444
2020-07-30,601985SS,3.974999003075645,3.993232925509116,3.9476479020599378,3.965881824493408,23304503,0.0011330465976215
2020-07-31,601985SS,3.965881918934056,4.002349764669417,3.938531251998042,3.956765174865722,32046589,0.0015580799398222
2020-08-03,601985SS,3.974998518602483,4.038817021975925,3.956764598391364,4.02970027923584,45563675,0.0022152700245907
2020-08-04,601985SS,4.047934199446959,4.057050942187044,4.002349181553687,4.02970027923584,37772190,0.0018364541549851
2020-08-05,601985SS,4.02970057010532,4.038817313503464,3.984115548921656,3.993232727050781,32968471,0.0016029011172362
2020-08-06,601985SS,3.993232727050781,4.01146664857805,3.929413784339848,3.993232727050781,41851119,0.002034768473269
2020-08-07,601985SS,3.9841156539986406,3.9841156539986406,3.920297144335541,3.9476478099823,31777261,0.0015449854243955
2020-08-10,601985SS,3.947647604022995,4.102636150371772,3.929413682966137,4.066168308258057,72564083,0.0035280086150165
2020-08-11,601985SS,4.093519522184719,4.367028809497327,4.066168854292075,4.175572395324707,157676736,0.0076661188290036
2020-08-12,601985SS,4.157338218264371,4.312326775973404,4.111753629646479,4.266741752624512,128680121,0.0062563262250467
2020-08-13,601985SS,4.248508089346462,4.248508089346462,4.13910454831383,4.175572395324707,74082435,0.0036018296944702
2020-08-14,601985SS,4.148222022907293,4.148222022907293,4.08440306872696,4.139104843139648,53049818,0.0025792404064288
2020-08-17,601985SS,4.148221727432063,4.18468957444294,4.111753880421186,4.175572395324707,46683950,0.0022697369135499
2020-08-18,601985SS,4.1846889004761545,4.257624582751223,4.157337802257525,4.202922821044922,53163991,0.0025847914078464
2020-08-19,601985SS,4.193806025280628,4.284975636426316,4.139104258593215,4.212039947509766,74639479,0.003628912735414
2020-08-20,601985SS,4.1846890028825925,4.212039667039582,4.1117533188226645,4.129987239837647,43590381,0.0021193300230894
2020-08-21,601985SS,4.257624863426333,4.330560550509536,4.221157019884732,4.284975528717041,112582627,0.0054736787338329
2020-08-24,601985SS,4.275858968721214,4.394379682683938,4.248507867525583,4.321443557739258,71719534,0.0034869473072094
2020-08-25,601985SS,4.357912100752473,4.357912100752473,4.221157455977684,4.230274200439453,50194743,0.0024404289065781
2020-08-26,601985SS,4.239391441377585,4.248508185972136,4.148221821776881,4.1664557456970215,41515420,0.0020184470520495
2020-08-27,601985SS,4.175572248552723,4.221157273079513,4.129987658756945,4.193806171417236,29157895,0.0014176339106462
2020-08-28,601985SS,4.193805643395059,4.212039563963827,4.139103881688758,4.202922821044922,35340147,0.001718210138092
2020-08-31,601985SS,4.193806207468212,4.303209745595753,4.184689463323092,4.248507976531982,51909932,0.0025238200460814
2020-09-01,601985SS,4.230273527662181,4.294092467669008,4.202922863895656,4.257624626159668,32736836,0.001591639205809
2020-09-02,601985SS,4.26674189955324,4.294093001450633,4.193806207468212,4.248507976531982,34667937,0.0016855278168518
2020-09-03,601985SS,4.339677756175901,4.531133718613318,4.339677756175901,4.403496265411377,154811802,0.007526827992331
2020-09-04,601985SS,4.284975806317944,4.348794754015732,4.239391216303252,4.312326908111572,74715890,0.0036326277781065
2020-09-07,601985SS,4.348795019261306,4.357912198658936,4.221157550811768,4.221157550811768,59994775,0.0029168987508045
2020-09-08,601985SS,4.248507830231155,4.275858931186691,4.175572140657728,4.266741752624512,42631262,0.002072698412037
2020-09-09,601985SS,4.230273196201535,4.312326050533828,4.2029225345780565,4.2393903732299805,41491408,0.0020172796075045
2020-09-10,601985SS,4.266742109892276,4.275859289217866,4.157338566371433,4.1664557456970215,44155283,0.0021467951138098
2020-09-11,601985SS,4.148222022907293,4.166455947711523,4.08440306872696,4.139104843139648,30863486,0.0015005584029421
2020-09-14,601985SS,4.148221821776881,4.184689669617162,4.139104642451292,4.1664557456970215,22183673,0.001078552724999
2020-09-15,601985SS,4.175572159112752,4.184689337715227,4.129987570293388,4.148221492767334,18006519,0.0008754627845081
2020-09-16,601985SS,4.129987476669621,4.193805986516213,4.093519197817434,4.15733814239502,24402100,0.001186410900066
2020-09-17,601985SS,4.157337903994636,4.1664550818676105,4.1117533188226645,4.129987239837647,17189106,0.0008357208076677
2020-09-18,601985SS,4.129987138769853,4.202922821044922,4.120869961119991,4.202922821044922,27406453,0.0013324801788102
2020-09-21,601985SS,4.202923497948379,4.2120402423355845,4.166455650937501,4.175572395324707,19428200,0.0009445837960119
2020-09-22,601985SS,4.148221788126731,4.166455711898959,4.111753940582275,4.111753940582275,23685861,0.0011515879234921
2020-09-23,601985SS,4.129987249322545,4.139103992485489,4.047934387201199,4.066168308258057,28350037,0.001378356490387
2020-09-24,601985SS,4.057051623332963,4.066168802334698,3.9841159302431786,4.002349853515625,30141282,0.0014654454127621
2020-09-25,601985SS,4.01146664857805,4.020583391976195,3.974998805523512,3.993232727050781,18948301,0.0009212514842628
2020-09-28,601985SS,3.993232963066212,4.038817552213119,3.984115784398226,4.020583629608154,21086521,0.0010252100581044
2020-09-29,601985SS,4.02970027923584,4.047934199446959,4.020583101764806,4.02970027923584,15274387,0.000742628676574
2020-09-30,601985SS,4.038817700060517,4.047934879062251,3.965882006970733,4.002349853515625,17894369,0.0008700101397585
2020-10-09,601985SS,4.038817209307285,4.0844022293149145,4.029700466144341,4.066168308258057,18933765,0.0009205447553812
2020-10-12,601985SS,4.08440254674302,4.157338236638806,4.075285368140545,4.148221492767334,26839043,0.0013048931511033
2020-10-13,601985SS,4.148221692603996,4.148221692603996,4.102636666857613,4.120870590209961,17240465,0.0008382178418335
2020-10-14,601985SS,4.129987658756945,4.221157273079513,4.0844026342301545,4.193806171417236,43309354,0.0021056667114886
2020-10-15,601985SS,4.175572064455617,4.184689242851412,4.148221398730218,4.15733814239502,20297936,0.0009868696759394
2020-10-16,601985SS,4.157337945789467,4.193805788186053,4.148221202555807,4.184689044952393,25998687,0.0012640357036568
2020-10-19,601985SS,4.166455765506877,4.202923613520548,4.102636814117432,4.102636814117432,37833633,0.0018394414652958
2020-10-20,601985SS,4.102636993531189,4.148222022907293,4.093519813763545,4.139104843139648,18060849,0.000878104266356
2020-10-21,601985SS,4.129987239837647,4.139103982979653,4.093518963076714,4.129987239837647,15103994,0.0007343443029957
2020-10-22,601985SS,4.120870311358669,4.120870311358669,4.075285288696935,4.09351921081543,15928290,0.0007744209258798
2020-10-23,601985SS,4.093518878524098,4.111753233893414,4.057051037247386,4.075284957885742,19611400,0.0009534908358524
2020-10-26,601985SS,4.0844022293149145,4.0844022293149145,4.047934387201199,4.066168308258057,14235869,0.0006921367486204
2020-10-27,601985SS,4.05705127565496,4.084402375585228,4.029700610455678,4.047934532165527,17370705,0.0008445500081481
2020-10-28,601985SS,4.047934914280341,4.057051658630371,4.002349888337113,4.057051658630371,18016911,0.0008759680353706
2020-10-29,601985SS,4.047935042096924,4.129987917493205,4.047935042096924,4.102636814117432,43188716,0.0020998013868583
2020-10-30,601985SS,4.102636349868461,4.139104193755479,4.020583483757174,4.038817405700684,34503508,0.0016775334082605
2020-11-02,601985SS,4.066168199413689,4.202922821044922,4.047934278844923,4.202922821044922,78391248,0.0038113207919391
2020-11-03,601985SS,4.212039563963827,4.221156741613689,4.166454979907388,4.202922821044922,38933790,0.0018929302329258
2020-11-04,601985SS,4.202923350214999,4.2120400942817495,4.166455504485972,4.193806171417236,23501235,0.0011426115526537
2020-11-05,601985SS,4.202923532323115,4.230274200439453,4.166455685013975,4.230274200439453,36445968,0.001771974284945
2020-11-06,601985SS,4.212040130489469,4.248507976531982,4.184689463323092,4.248507976531982,36925684,0.001795297699378
2020-11-09,601985SS,4.24850768517544,4.294092706967935,4.239390941655532,4.284975528717041,45817640,0.0022276176030464
2020-11-10,601985SS,4.294092467669008,4.330560309178349,4.221156784650328,4.257624626159668,33547558,0.0016310558714945
2020-11-11,601985SS,4.248507448416851,4.303209210680863,4.230273527662181,4.257624626159668,32881346,0.0015986651682946
2020-11-12,601985SS,4.2485077919680405,4.284975636426316,4.202923203760696,4.212039947509766,25562316,0.0012428196890157
2020-11-13,601985SS,4.193806414211714,4.212040338131854,4.139104642451292,4.1664557456970215,24030092,0.0011683241638379
2020-11-16,601985SS,4.184689447447012,4.312326908111572,4.175572268605464,4.312326908111572,48058313,0.002336557361128
2020-11-17,601985SS,4.303209398591846,4.303209398591846,4.25762481208008,4.294092655181885,27384125,0.0013313946090201
2020-11-18,601985SS,4.284975528717041,4.3032094504878415,4.257624863426333,4.284975528717041,29116871,0.0014156393560478
2020-11-19,601985SS,4.266741752624512,4.294092853580048,4.248507830231155,4.266741752624512,22168561,0.0010778179914506
2020-11-20,601985SS,4.257625008793334,4.303209597411225,4.239391086399977,4.266741752624512,29014445,0.0014106594845265
2020-11-23,601985SS,4.257625139255332,4.3396780099052,4.2302740374617045,4.312326908111572,54805335,0.0026645922615581
2020-11-24,601985SS,4.303209729270025,4.348794754015732,4.294092985159492,4.312326908111572,36731356,0.0017858496249341
2020-11-25,601985SS,4.321443467151841,4.339677824054031,4.266741700638261,4.275858879089356,40659845,0.0019768496687987
2020-11-26,601985SS,4.275858630826636,4.385262157501665,4.266741452904898,4.36702823638916,65492767,0.0031842067954923
2020-11-27,601985SS,4.376145455657438,4.522016825935695,4.3487943563647775,4.421730041503906,96162412,0.0046753408015473
2020-11-30,601985SS,4.421730082260106,4.585835810066723,4.394379417446323,4.476431846618652,119687006,0.0058190880503999
2020-12-01,601985SS,4.467315526739311,4.485549449920654,4.4034965782391,4.485549449920654,61330094,0.0029818209098263
2020-12-02,601985SS,4.503782946163415,4.531133610977198,4.449081181804869,4.476431846618652,49936598,0.0024278780998116
2020-12-03,601985SS,4.458197978690134,4.467315156891506,4.394379470204458,4.412613391876221,47570555,0.0023128429509832
2020-12-04,601985SS,4.403496265411377,4.412613443719867,4.339677756175901,4.403496265411377,33635761,0.0016353442319478
2020-12-07,601985SS,4.403496426595144,4.421730349148563,4.321443557739258,4.321443557739258,36022359,0.0017513787487015
2020-12-08,601985SS,4.312326813828051,4.348794658934888,4.312326813828051,4.321443557739258,30218242,0.0014691871474025
2020-12-09,601985SS,4.339677824054031,4.367028489945324,4.275858879089356,4.275858879089356,28990365,0.001409488733875
2020-12-10,601985SS,4.284975289926193,4.294092467669008,4.239390705404998,4.257624626159668,27560751,0.0013399820261536
2020-12-11,601985SS,4.257624626159668,4.294092467669008,4.202922863895656,4.257624626159668,37559919,0.0018261337060005
2020-12-14,601985SS,4.275858211881904,4.294092131207866,4.230273196201535,4.2393903732299805,23298157,0.0011327380600952
2020-12-15,601985SS,4.239390705404998,4.284975289926193,4.202922863895656,4.257624626159668,24088179,0.0011711483080694
2020-12-16,601985SS,4.275859323004426,4.284976067671016,4.212040371414137,4.221157550811768,20037017,0.0009741839994757
2020-12-17,601985SS,4.230273944972165,4.321443557739258,4.212040022418746,4.321443557739258,32182585,0.0015646919583273
2020-12-18,601985SS,4.330560435079996,4.48554898336613,4.330560435079996,4.421730041503906,81578312,0.0039662733357287
2020-12-21,601985SS,4.421729802026931,4.458197642621429,4.376145218649285,4.394379138946533,49884420,0.0024253412465103
2020-12-22,601985SS,4.394379094166102,4.458197597190662,4.321442978989402,4.339677333831787,49440886,0.0024037769724458
2020-12-23,601985SS,4.33056079437011,4.549367867941083,4.33056079437011,4.49466609954834,82402133,0.0040063268644866
2020-12-24,601985SS,4.494665768071501,4.531133610977198,4.394379417446323,4.476431846618652,54262124,0.0026381817701891
2020-12-25,601985SS,4.449081621580237,4.6405380331254005,4.430847698325032,4.60407018661499,120409847,0.0058542320110187
2020-12-28,601985SS,4.604069855629676,4.677005543407169,4.5220169895145,4.585835933685303,97516614,0.0047411810371701
2020-12-29,601985SS,4.567601984451343,4.576718728003565,4.439964096872323,4.467315196990967,76417763,0.0037153715041681
2020-12-30,601985SS,4.4581983119928426,4.512900081097729,4.403496542887957,4.430847644805908,56332563,0.0027388448851473
2020-12-31,601985SS,4.439964424601786,4.540251219464684,4.439964424601786,4.485549449920654,50331853,0.0024470950868867
2021-01-04,601985SS,4.494665953436035,4.512899875640869,4.421730264616699,4.512899875640869,59586847,0.0028970656124417
2021-01-05,601985SS,4.439964388957881,4.4581983119928426,4.3305608507481095,4.430847644805908,89455051,0.0043492341877281
2021-01-06,601985SS,4.421730342648844,4.594952824017194,4.385262497595612,4.567602157592773,101471324,0.0049334559254215
2021-01-07,601985SS,4.531133784477366,4.631420573673572,4.48554919646527,4.576718807220459,83411322,0.004055392839539
2021-01-08,601985SS,4.594952729371497,4.631420573673572,4.522017040767345,4.576718807220459,72844880,0.0035416607441982
2021-01-11,601985SS,4.549367490497381,4.549367490497381,4.4126132982270025,4.421730041503906,69394866,0.0033739237783231
2021-01-12,601985SS,4.403496304384016,4.476431992573492,4.385262382336648,4.458198070526123,58988906,0.0028679941915396
2021-01-13,601985SS,4.42173004084253,4.877578507624873,4.394379376284936,4.7864089012146,221119235,0.0107506432076852
2021-01-14,601985SS,4.731707852871294,5.178439209199382,4.70435674944684,4.932281017303467,245891776,0.0119550646576724
2021-01-15,601985SS,4.895812782005833,4.895812782005833,4.713473556034501,4.740824222564697,132533445,0.0064436718057584
2021-01-18,601985SS,4.7225901545856,4.804643021112256,4.704356232549786,4.759057998657227,85172183,0.0041410045157431
2021-01-19,601985SS,4.749941662429428,4.749941662429428,4.631420941665071,4.649654865264893,81925038,0.0039831308810111
2021-01-20,601985SS,4.640538120830496,4.686122712464536,4.613187018065249,4.649654865264893,49283781,0.0023961386509712
2021-01-21,601985SS,4.631420271218942,4.704355955060033,4.613186350258669,4.677005290985107,60790855,0.0029556035339717
2021-01-22,601985SS,4.658771974008196,4.658771974008196,4.53113407600779,4.5402512550354,67854800,0.0032990469812761
2021-01-25,601985SS,4.512900135607944,4.622304109870195,4.485549468090647,4.60407018661499,63727806,0.0030983957805144
2021-01-26,601985SS,4.558485213222846,4.658772009638436,4.558485213222846,4.5949530601501465,61353736,0.0029829703652625
2021-01-27,601985SS,4.585835933685303,4.640537699518423,4.5493676550655655,4.585835933685303,54434612,0.0026465680010189
2021-01-28,601985SS,4.540250949891584,4.74082409297752,4.512899849378004,4.640537738800049,92571064,0.0045007322878075
2021-01-29,601985SS,4.6587716994158495,4.768175232912688,4.585836010417957,4.695239543914795,94121665,0.0045761212882645
2021-02-01,601985SS,4.795526520664426,4.85022828954606,4.6496547022490535,4.731707572937012,110271233,0.0053613005763814
2021-02-02,601985SS,4.695239505096214,4.731707349293656,4.61318663828647,4.640537738800049,66758344,0.0032457381533538
2021-02-03,601985SS,4.631420587337788,4.631420587337788,4.512899875640869,4.512899875640869,69878747,0.0033974496917787
2021-02-04,601985SS,4.485549448117899,4.503783371291914,4.184689498381141,4.3032097816467285,125632100,0.0061081338425046
2021-02-05,601985SS,4.294092706967935,4.321443372258642,4.221157019884732,4.284975528717041,47809879,0.00232447869554
2021-02-08,601985SS,4.27585839607628,4.348794076522033,4.2485072985436485,4.339677333831787,34039053,0.0016549519716386
2021-02-09,601985SS,4.348794499753402,4.412613443719867,4.339677756175901,4.403496265411377,38916519,0.0018920905304963
2021-02-10,601985SS,4.394379138946533,4.430846979541031,4.376145218649285,4.394379138946533,30718812,0.0014935244669056
2021-02-18,601985SS,4.449081181804869,4.503782946163415,4.412613338899171,4.476431846618652,48144262,0.0023407361338751
2021-02-19,601985SS,4.458198045343699,4.585835933685303,4.449081301737007,4.585835933685303,48869128,0.0023759785484003
2021-02-22,601985SS,4.585836189252654,4.795526520664426,4.585836189252654,4.731707572937012,105408993,0.0051249022936624
2021-02-23,601985SS,4.713473184788196,4.777291691486136,4.640537500144282,4.667888164520264,63359412,0.0030804847541225
2021-02-24,601985SS,4.658771462374481,4.759057812278448,4.658771462374481,4.72258996963501,70799082,0.0034421956552701
2021-02-25,601985SS,4.74082420788641,4.850228177861485,4.713473541440895,4.804643154144287,81502551,0.0039625898955247
2021-02-26,601985SS,4.740823985167936,4.777291828536075,4.631420455063519,4.713473320007324,67629918,0.003288113395395
2021-03-01,601985SS,4.713473279474385,4.72259002287253,4.60406975031077,4.658771514892578,64273881,0.0031249455173097
2021-03-02,601985SS,4.677005476639185,4.831994028319269,4.649654376747589,4.713473320007324,74116853,0.0036035030705467
2021-03-03,601985SS,4.722590378189003,4.813760427415748,4.677005788306644,4.795526504516602,58846703,0.0028610803935787
2021-03-04,601985SS,4.759058898688745,4.868462886325062,4.722591047720332,4.768176078796387,65531021,0.0031860666748703
2021-03-05,601985SS,4.7681751770406295,4.82287694314807,4.677005566861562,4.759057998657227,54908110,0.0026695891011848
2021-03-08,601985SS,4.895812551344656,5.087268946959786,4.895812551344656,4.950514316558838,178582215,0.0086825267675294
2021-03-09,601985SS,4.923164001775561,5.014333616955827,4.740824336684011,4.850228309631348,128848677,0.0062645212851305
2021-03-10,601985SS,4.8775787914443445,4.941397737010559,4.777292001192008,4.813760280609131,78784667,0.0038304485141389
2021-03-11,601985SS,4.777292089827392,4.886696060646583,4.740824244464664,4.859344959259033,75361082,0.0036639965054469
2021-03-12,601985SS,4.850227714268351,5.2604911495854285,4.804642694908248,5.105502605438232,225113390,0.0109448358807975
2021-03-15,601985SS,5.078152597626247,5.260491829160162,5.014333649223867,5.141971111297607,164077352,0.0079773117422995
2021-03-16,601985SS,5.141970489604172,5.233140094348206,5.03256696391133,5.1602044105529785,138083579,0.0067135149534558
2021-03-17,601985SS,5.114620823967838,5.114620823967838,4.950515068662645,4.977866172790527,111644091,0.0054280478520439
2021-03-18,601985SS,4.977865074722724,5.0872685976388174,4.950513976628224,4.99609899520874,88748782,0.0043148959447089
2021-03-19,601985SS,4.95051435602333,5.078152243938245,4.90492976868028,5.005216121673584,97910879,0.0047603498912242
2021-03-22,601985SS,5.059918658121457,5.224023965971665,5.023450811932522,5.205790042877197,143713425,0.0069872336358681
2021-03-23,601985SS,5.224024403809093,5.233141148754912,5.014334053282579,5.032567977905273,109976944,0.0053469924767765
2021-03-24,601985SS,4.996100137661919,5.187556563910706,4.9778662130063696,5.151088714599609,108865232,0.0052929419141391
2021-03-25,601985SS,5.114620005248539,5.123736748677775,4.886695768014855,4.895812511444092,115001286,0.0055912720311779
2021-03-26,601985SS,4.895812215170177,5.032566836180771,4.877578294684162,4.99609899520874,79557172,0.0038680070993572
2021-03-29,601985SS,4.95963195468903,5.087269418690994,4.950514775609091,5.014333724975586,63904357,0.003106979551207
2021-03-30,601985SS,4.986981971734935,4.99609914962521,4.859344524387885,4.914046287536621,74622568,0.0036280905359012
2021-03-31,601985SS,4.904930184402474,5.078152674342081,4.86846233754477,5.014333724975586,91005358,0.0044246088941365
2021-04-01,601985SS,4.977865270618644,5.050800955432973,4.94139742821148,4.968748092651367,53354686,0.0025940628486892
2021-04-02,601985SS,5.005216438072292,5.014333616955827,4.841111130747812,4.850228309631348,78850935,0.0038336704121528
2021-04-06,601985SS,4.85022768818692,4.886695529586516,4.795525926087525,4.868461608886719,42022651,0.0020431082241311
2021-04-07,601985SS,4.868461651424122,4.959631255719693,4.859344473629083,4.923163414001465,53431306,0.0025977880527971
2021-04-08,601985SS,4.904929450286315,4.9140461932707336,4.85022768818692,4.868461608886719,39060201,0.0018990762362734
2021-04-09,601985SS,4.841110946758223,4.8775787914443445,4.8046431020721,4.813760280609131,47049441,0.0022875067983662
2021-04-12,601985SS,4.795526738754814,4.868462433913954,4.777292380233995,4.822877407073975,43388173,0.0021094988292462
2021-04-13,601985SS,4.804642822496654,4.831993921785224,4.75905780192603,4.7864089012146,34585297,0.001681509925081
2021-04-14,601985SS,4.777292445603995,4.95963212072792,4.768175700949871,4.932281017303467,77900137,0.0037874433615727
2021-04-15,601985SS,4.886696119012333,4.886696119012333,4.777292146886442,4.795526504516602,57257099,0.0027837950979529
2021-04-16,601985SS,4.786409268533578,4.886696060646583,4.768175345852214,4.859344959259033,47721082,0.002320161455274
2021-04-19,601985SS,4.813760463559241,4.868462232667401,4.813760463559241,4.850228309631348,40026007,0.0019460329640038
2021-04-20,601985SS,4.859344627766838,4.868461805851073,4.822876784891855,4.841110706329346,28728943,0.0013967786019471
2021-04-21,601985SS,4.822876795812192,4.83199397391707,4.777291774749756,4.777291774749756,32613907,0.0015856624945614
2021-04-22,601985SS,4.795526130959514,4.813760052438292,4.768175031375856,4.777291774749756,22237500,0.0010811697513827
2021-04-23,601985SS,4.786409509629072,4.804643433228894,4.649654865264893,4.649654865264893,58253307,0.0028322299470001
2021-04-26,601985SS,4.649654336763453,4.731707201001655,4.631420415236184,4.658771514892578,42750383,0.0020784899813211
2021-04-27,601985SS,4.69523916904504,4.704355912076393,4.594952387314375,4.622303485870361,37842871,0.0018398906095865
2021-04-28,601985SS,4.649654324398306,4.786408952854635,4.631420402919528,4.777291774749756,53977066,0.0026243224745403
2021-04-29,601985SS,4.768176078796387,4.795527184388234,4.731708227827973,4.768176078796387,32021854,0.001556877343586
2021-04-30,601985SS,4.7681751770406295,4.77729192069304,4.695239488897376,4.759057998657227,30800580,0.0014974999627226
2021-05-06,601985SS,4.713474302343766,4.804643929764801,4.713474302343766,4.768176078796387,33022211,0.0016055139137483
2021-05-07,601985SS,4.768174686572348,4.914046047854103,4.768174686572348,4.886695384979248,67016412,0.0032582852164409
2021-05-10,601985SS,4.877578589854636,4.904929689604311,4.850227924835944,4.895812511444092,41376546,0.002011695107449
2021-05-11,601985SS,4.886695529586516,4.932280113970532,4.859344431171339,4.868461608886719,33106196,0.0016095971983608
2021-05-12,601985SS,4.868462137965219,4.877578881940397,4.813760369921128,4.859344959259033,34201240,0.0016628373759542
2021-05-13,601985SS,4.850227499856291,4.9049292598316585,4.822876402503135,4.831993579864502,33161292,0.0016122759225259
2021-05-14,601985SS,4.859345288272785,4.904930315428143,4.841111364356849,4.877579212188721,33669312,0.0016369754551666
2021-05-17,601985SS,4.8684618464254,4.9322803546230025,4.841110746675725,4.895812511444092,39737548,0.0019320083144113
2021-05-18,601985SS,4.914046433033547,4.9322803546230025,4.877578589854636,4.895812511444092,33053627,0.0016070413349472
2021-05-19,601985SS,4.914046287536621,4.950514129635779,4.877578445437464,4.914046287536621,41158324,0.0020010853255272
2021-05-20,601985SS,4.996098905940565,5.14197026722232,4.886695384979248,4.886695384979248,102013023,0.0049597929045403
2021-05-21,601985SS,4.831993921785224,4.877578507624873,4.74994105865049,4.7864089012146,67160887,0.003265309477254
2021-05-24,601985SS,4.795526520664426,4.84111111070028,4.722590394091232,4.731707572937012,58483219,0.002843408087523
2021-05-25,601985SS,4.731707463981574,4.804643154144287,4.686122440264375,4.804643154144287,44192525,0.0021486057905442
2021-05-26,601985SS,4.795526504516602,4.85022827321404,4.768175402802376,4.795526504516602,36864856,0.0017923402898834
2021-05-27,601985SS,4.777291774749756,4.804642874333413,4.768175031375856,4.777291774749756,28349211,0.001378316330917
2021-05-28,601985SS,4.777291774749756,4.804642874333413,4.740823931792199,4.777291774749756,29402483,0.0014295255867407
2021-05-31,601985SS,4.786409193823046,4.795526372386923,4.704356325672159,4.749941349029541,36978588,0.001797869850228
2021-06-01,601985SS,4.731707241691394,4.740823985167936,4.686122220115728,4.713473320007324,37473111,0.0018219131693494
2021-06-02,601985SS,4.7043561935424805,4.722590115427103,4.686122271657858,4.7043561935424805,30050373,0.0014610254887181
2021-06-03,601985SS,4.713473649976467,4.759058240012322,4.695239727015922,4.731707572937012,34245503,0.0016649894081838
2021-06-04,601985SS,4.749941215619531,4.749941215619531,4.686122271657858,4.7043561935424805,24383263,0.0011854950599487
2021-06-07,601985SS,4.704356101345261,4.713473279474385,4.649654336763453,4.658771514892578,31294356,0.0015215069632919
2021-06-08,601985SS,4.658771514892578,4.677005436419847,4.640537593365309,4.658771514892578,23996510,0.0011666914334234
2021-06-09,601985SS,4.649654482483912,4.667888404582634,4.631420560385191,4.640537738800049,29568900,0.0014376166503277
2021-06-10,601985SS,4.6405377908523295,4.658771713155578,4.62230386854908,4.631420612335205,23637140,0.0011492191468105
2021-06-11,601985SS,4.631420941665071,4.6678887888647145,4.622304197230674,4.649654865264893,31809069,0.0015465319043259
2021-06-15,601985SS,4.6496545915970415,4.658771770225852,4.558484978963963,4.567602157592773,38799184,0.0018863857951269
2021-06-16,601985SS,4.558484885069421,4.640537752114589,4.503783118616307,4.576718807220459,48284103,0.0023475350932546
2021-06-17,601985SS,4.567602357387209,4.594953025007993,4.53113407600779,4.5402512550354,25731800,0.0012510598677293
2021-06-18,601985SS,4.549367573350256,4.558484751524176,4.503782986673604,4.531133651733398,28134675,0.0013678857594147
2021-06-21,601985SS,4.522017296283341,4.531134040508503,4.467315526739311,4.485549449920654,31402487,0.0015267642074239
2021-06-22,601985SS,4.476432031231201,4.540250976313619,4.476432031231201,4.512899875640869,23697525,0.0011521550179938
2021-06-23,601985SS,4.522016795232434,4.686122085681242,4.522016795232434,4.667888164520264,61138029,0.0029724828606616
2021-06-24,601985SS,4.677005673589499,4.722590262353764,4.62230390623378,4.686122417449951,46943874,0.0022823742138965
2021-06-25,601985SS,4.677005436419847,4.677005436419847,4.631420415236184,4.658771514892578,30422450,0.0014791155796719
2021-06-28,601985SS,4.686122179817991,4.731707201001655,4.640537593365309,4.658771514892578,33253894,0.0016167781588977
2021-06-29,601985SS,4.649654149695384,4.658771327457701,4.594952387314375,4.622303485870361,25990973,0.0012636606550469
2021-06-30,601985SS,4.613186359405518,4.631420280401944,4.585835695276362,4.613186359405518,17165293,0.0008345630383461
2021-07-01,601985SS,4.667888404582634,4.695239505096214,4.61318663828647,4.640537738800049,36936000,0.0017957992551804
2021-07-02,601985SS,4.649654830541097,4.6952398565657365,4.585836315783835,4.5949530601501465,42448370,0.0020638063469141
2021-07-05,601985SS,4.594952767728707,4.631420612335205,4.55848492312221,4.631420612335205,25077221,0.0012192347518354
2021-07-06,601985SS,4.631420455063519,4.7225900634838665,4.59495261169538,4.713473320007324,50741691,0.0024670210879465
2021-07-07,601985SS,4.713473320007324,4.749941163375463,4.667888298431658,4.713473320007324,40678895,0.0019777758648083
2021-07-08,601985SS,4.695239722952207,4.722590390003845,4.522017237611449,4.549367904663086,112670680,0.0054779598014043
2021-07-09,601985SS,4.540250976313619,4.540250976313619,4.4855492096991165,4.512899875640869,56498144,0.0027468953030722
2021-07-12,601985SS,4.549368147454161,4.5858364300209455,4.4855496311071255,4.522017478942871,63906678,0.0031070923964006
2021-07-13,601985SS,4.53113407600779,4.5402512550354,4.485549485062808,4.5402512550354,58906994,0.0028640116945559
2021-07-14,601985SS,4.549367720050537,4.567602076986367,4.4855492096991165,4.512899875640869,57914316,0.002815748471331
2021-07-15,601985SS,4.51289968952435,4.51289968952435,4.412613338899171,4.476431846618652,60094678,0.0029217559560511
2021-07-16,601985SS,4.5045265454944365,4.523256367961087,4.448337078094482,4.448337078094482,42972331,0.0020892809184309
2021-07-19,601985SS,4.448336757288903,4.513891354471605,4.401511981222092,4.495161533355713,44009037,0.0021396847483703
2021-07-20,601985SS,4.476431969674417,4.579445768458953,4.4577021474813945,4.523256301879883,62363387,0.0030320588023913
2021-07-21,601985SS,4.532622052365511,4.5419867414578565,4.467067442502104,4.5045270919799805,43412243,0.0021106690937056
2021-07-22,601985SS,4.50452676551041,4.570081370622689,4.495162077096778,4.551351547241211,44253911,0.0021515903295597
2021-07-23,601985SS,4.523256301879883,4.551351258446511,4.504526479686859,4.523256301879883,36068375,0.0017536160104117
2021-07-26,601985SS,4.52325624940204,4.57008102761844,4.495161739715544,4.532621383666992,48171681,0.0023420692240791
2021-07-27,601985SS,4.541986190427739,4.541986190427739,4.438971943584061,4.448337078094482,56946394,0.0027686888653457
2021-07-28,601985SS,4.429608001185201,4.457702962891001,4.32659373700296,4.34532356262207,42257478,0.0020545253280864
2021-07-29,601985SS,4.3734177188765,4.4108773632157865,4.335958074537213,4.392147541046143,35896526,0.0017452608472591
2021-07-30,601985SS,4.3827821601062,4.513891354471605,4.364052338990308,4.495161533355713,40976463,0.001992243386813
2021-08-02,601985SS,4.48579705927872,4.626270961585485,4.429607587666858,4.598176002502441,94205598,0.0045802020446779
2021-08-03,601985SS,4.5888111775451605,4.6356355125538,4.570081354230863,4.616905689239502,80930909,0.003934797111308
2021-08-04,601985SS,4.607541137714864,4.626270961585485,4.579446178631821,4.598176002502441,47635919,0.0023160208972285
2021-08-05,601985SS,4.5888113256624585,4.719920093094465,4.5888113256624585,4.663730621337891,73366797,0.0035670359380434
2021-08-06,601985SS,4.682460646923645,4.72928543201458,4.635635861832711,4.70119047164917,62775024,0.0030520722694155
2021-08-09,601985SS,4.701190010264666,4.804204259422144,4.645000541602642,4.766744613647461,94727054,0.0046055548250659
2021-08-10,601985SS,4.766745205985981,4.822934681630377,4.738650244886655,4.81356954574585,77145602,0.0037507584636139
2021-08-11,601985SS,4.813568810639123,4.851028455348051,4.748014655675593,4.7854743003845215,75301510,0.003661100161684
2021-08-12,601985SS,4.813568810639123,4.82293394509345,4.766744478030057,4.7854743003845215,54112878,0.0026309255471103
2021-08-13,601985SS,4.75737947892669,4.813568947588713,4.719919833152007,4.766744613647461,62622120,0.0030446381972552
2021-08-16,601985SS,4.766744750334823,4.813569085618773,4.729285103485978,4.7480149269104,44654700,0.0021710763753602
2021-08-17,601985SS,4.729285143591833,4.804204437924863,4.654365402704584,4.673095226287842,74077723,0.003601600600738
2021-08-18,601985SS,4.682460769242258,4.822934681630377,4.67309563335773,4.81356954574585,98282700,0.0047784275356595
2021-08-19,601985SS,4.804204655358114,4.804204655358114,4.738650046572671,4.77610969543457,68162611,0.0033140125098806
2021-08-20,601985SS,4.7761093695364,4.822934150695801,4.738649723230562,4.822934150695801,90344646,0.0043924855966086
2021-08-23,601985SS,4.841664165181452,4.888488501637048,4.785474693502202,4.794839382171631,88170350,0.0042867730360352
2021-08-24,601985SS,4.785474304620948,4.991502350702441,4.757379347787285,4.916583061218262,158715138,0.0077166051171284
2021-08-25,601985SS,4.897853777381963,4.982138210596103,4.832299168598271,4.97277307510376,117109211,0.0056937576859585
2021-08-26,601985SS,4.925948483115638,5.0289622888902645,4.925948483115638,4.94467830657959,85456333,0.0041548196651464
2021-08-27,601985SS,4.991502557826028,5.066421850419001,4.944678223232524,4.954042911529541,95630755,0.0046494920565665
2021-08-30,601985SS,4.972773150171113,5.01023279959749,4.860394201891983,4.897853851318359,113914597,0.00553843806711
2021-08-31,601985SS,4.935313232389541,5.18816607554596,4.916583408694778,5.13197660446167,200990008,0.0097719760305692
2021-09-01,601985SS,5.150706305387908,5.319274714622907,5.150706305387908,5.21626091003418,188933512,0.0091857986822671
2021-09-02,601985SS,5.244355419761674,5.384829317351244,5.188165950036688,5.34736967086792,195906315,0.0095248108772509
2021-09-03,601985SS,5.3660992043594815,5.544032738824604,5.291179915438207,5.319274425506592,236240757,0.0114858397082482
2021-09-06,601985SS,5.319274856036866,5.57212769988861,5.291180343694574,5.525303363800049,223685290,0.0108754027825648
2021-09-07,601985SS,5.478478634158003,5.534668105940408,5.431654297616447,5.51593828201294,137884009,0.0067038120170968
2021-09-08,601985SS,5.525303246995666,6.0684685707092285,5.525303246995666,6.0684685707092285,324467442,0.0157753517076536
2021-09-09,601985SS,6.0778329142231895,6.6771881205317705,5.956089292631491,6.583539009094238,722575920,0.0351310726377329
2021-09-10,601985SS,6.508619101747543,6.864486162379582,6.424335126953559,6.4711594581604,407331544,0.0198041391413983
2021-09-13,601985SS,6.508619855262808,6.948771388200184,6.508619855262808,6.761472702026367,401961634,0.0195430583427632
2021-09-14,601985SS,6.724012211406122,6.724012211406122,6.265131358570905,6.3494157791137695,356789651,0.0173468320749913
2021-09-15,601985SS,6.349416294421367,6.480525056364249,6.218307085924277,6.274496555328369,232860644,0.0113215012739883
2021-09-16,601985SS,6.424336152330444,6.555444925811484,6.124658509248104,6.199577808380127,227601911,0.0110658258136083
2021-09-17,601985SS,6.152753474449475,6.602269716142874,6.13402364965201,6.461795806884766,351247415,0.017077372921839
2021-09-22,601985SS,6.4430655958236605,7.107975006103516,6.433700460709247,7.107975006103516,499444643,0.024282605531277
2021-09-23,601985SS,7.295273233171955,7.782249541174157,7.276543409522196,7.370192527770996,629779150,0.0306193667018127
2021-09-24,601985SS,7.22971849779442,7.454476824125251,7.014325306398055,7.126704692840576,347811694,0.0169103308703768
2021-09-27,601985SS,7.370192440191147,7.491936515745015,6.705283038694439,6.920676231384277,412510580,0.0200559397963515
2021-09-28,601985SS,6.770837459736026,7.30463808271796,6.742742502082576,7.210988521575928,425023085,0.0206642879434016
2021-09-29,601985SS,7.023689799883633,7.070514577171193,6.639728233720662,6.817661762237549,366050468,0.0177970857102242
2021-09-30,601985SS,6.742742485526369,6.90194620321187,6.368146028094839,6.752107620239258,369209524,0.0179506765270932
2021-10-08,601985SS,6.836392170114695,6.883216504863627,6.405605789720935,6.667823314666748,321349800,0.015623774406876
2021-10-11,601985SS,6.695917766237437,6.770837053411723,6.2932259278443805,6.4711594581604,224471629,0.0109136339659772
2021-10-12,601985SS,6.3868762392508245,6.508619872040266,6.021644001219814,6.171483039855957,300388509,0.0146046529328285
2021-10-13,601985SS,6.162117675692718,6.171482810627101,5.731331292903785,5.871805191040039,251564484,0.0122308672567967
2021-10-14,601985SS,5.8530757058213405,6.031009260864818,5.768791272760157,5.890535354614258,197695012,0.009611775917871
2021-10-15,601985SS,5.937359809875488,6.077833261787752,5.862440516441158,5.937359809875488,255420499,0.0124183436718109
2021-10-18,601985SS,6.002914229322605,6.1995776064145245,5.890535284285575,6.162117958068848,236939098,0.0115197924981459
2021-10-19,601985SS,6.06846838180537,6.152752807535258,5.946724310540909,6.096563339233398,189079637,0.0091929031647818
2021-10-20,601985SS,6.0216437349554095,6.293226394372181,6.002913911773363,6.208942413330078,211956576,0.0103051619371721
2021-10-21,601985SS,6.208942194511248,6.368145909225001,6.134022904423408,6.23703670501709,173003246,0.0084112816848222
2021-10-22,601985SS,6.237037035588553,6.246402170622995,6.021643841892788,6.059103488922119,164724485,0.0080087748395326
2021-10-25,601985SS,6.0965637479168375,6.443065715616511,6.0497389645826205,6.3681464195251465,228325203,0.0111009917014922
2021-10-26,601985SS,6.38687581972199,6.695918118868277,6.340051039495013,6.489889621734619,210047487,0.0102123435322481
2021-10-27,601985SS,6.480525215576066,6.770837704573301,6.4243357447915255,6.649093627929688,208926305,0.0101578325456626
2021-10-28,601985SS,6.649093301114163,6.817662151736524,6.396240471734816,6.564809322357178,223422216,0.0108626123316969
2021-10-29,601985SS,6.471160347892691,6.611634253935594,6.115293684886036,6.414970874786377,239076864,0.0116237289988647
2021-11-01,601985SS,6.31195629923523,6.546079315317621,6.255766828961962,6.330686569213867,172905685,0.0084065383457726
2021-11-02,601985SS,6.311956412544873,6.789567588272853,6.302591723941658,6.508619785308838,302347467,0.0146998959292908
2021-11-03,601985SS,6.555444389347684,6.967500947407472,6.443065449846162,6.733377933502197,289697446,0.0140848618625316
2021-11-04,601985SS,6.892581794537156,6.930041441799243,6.602269304978878,6.714648246765137,225914759,0.0109837978109828
2021-11-05,601985SS,6.639728559070513,6.658458381592473,6.190212371989287,6.23703670501709,270433821,0.0131482795735161
2021-11-08,601985SS,6.23703699492664,6.23703699492664,5.927994685672324,6.134023189544678,192800952,0.009373830571791
2021-11-09,601985SS,6.218307101643997,6.358780998786447,6.077833204501547,6.208942413330078,158762136,0.0077188901229058
2021-11-10,601985SS,6.124658318229363,6.162117966627065,5.94672476506316,6.031009197235107,149976376,0.0072917333851921
2021-11-11,601985SS,6.040373424377341,6.152752807535258,6.002913778842768,6.096563339233398,112509305,0.0054701138758898
2021-11-12,601985SS,6.077833259107283,6.124658040760195,5.984184142355671,6.0684685707092285,111188518,0.0054058982512728
2021-11-15,601985SS,6.087198046838838,6.096563181256907,5.871804867319296,5.9186296463012695,131675505,0.0064019594380686
2021-11-16,601985SS,5.890535279022254,5.909265103178357,5.750061374574366,5.768791198730469,152990994,0.0074383017401589
2021-11-17,601985SS,5.796885542991574,5.853075009496235,5.73133094212571,5.787520408630371,92550142,0.0044997150766309
2021-11-18,601985SS,5.806250383460644,5.871804986050116,5.750060915478609,5.83434534072876,90857440,0.0044174172373727
2021-11-19,601985SS,5.824980239276448,6.115293162000685,5.768790770974589,6.096563339233398,168452665,0.0081900360174397
2021-11-22,601985SS,6.180847983597121,6.321321892746789,6.096563995350719,6.199577808380127,161016337,0.0078284876017023
2021-11-23,601985SS,6.23703740175384,6.517985217521988,6.23703740175384,6.405606269836426,182894487,0.0088921860388565
2021-11-24,601985SS,6.386875955385398,6.396240643697189,6.199577277053287,6.340051174163818,142240847,0.006915638052275
2021-11-25,601985SS,6.3494165242473,6.583539545182529,6.321321565251213,6.443065643310547,162969387,0.0079234433558536
2021-11-26,601985SS,6.40560584903437,6.40560584903437,6.218307168641696,6.265131950378418,115663266,0.005623456977868
2021-11-29,601985SS,6.143388198162074,6.499255307722966,6.049739076318217,6.414970874786377,164052134,0.0079760856629834
2021-11-30,601985SS,6.4243351906208765,6.5554439444752095,6.368145724683305,6.396240234375,142846754,0.0069450967738287
2021-12-01,601985SS,6.368146274006985,6.6865532751193815,6.302591668147912,6.649093627929688,196008047,0.0095297570070383
2021-12-02,601985SS,6.620998653669251,6.658458298244264,6.527349095677532,6.583539009094238,106343043,0.0051703150696615
2021-12-03,601985SS,6.5929039543034085,6.798932454062131,6.50861952744264,6.742742538452148,169566170,0.0082441737543262
2021-12-06,601985SS,6.752108105771513,6.948771483341885,6.583539687805865,6.620999336242676,163214996,0.0079353846721646
2021-12-07,601985SS,6.64909391341535,6.705283386612444,6.508620007145499,6.677188873291016,129326305,0.0062877431826466
2021-12-08,601985SS,6.649093286989923,6.705282754893285,6.555444173817653,6.630363464355469,112128761,0.0054516121260586
2021-12-09,601985SS,6.602268953680886,6.686552932258831,6.489889571319966,6.630363464355469,125692415,0.0061110663103429
2021-12-10,601985SS,6.5648100665479445,6.695918840130197,6.443065982087301,6.461795806884766,136400121,0.0066316665502035
2021-12-13,601985SS,6.452430007739832,6.808297088853988,6.4430653195811445,6.752107620239258,203008391,0.0098701082237701
2021-12-14,601985SS,6.752107673238547,6.761472361470741,6.630363600340594,6.742742538452148,110126370,0.0053542574513137
2021-12-15,601985SS,6.70528337680366,6.939406404726181,6.649093903688764,6.808297634124756,147046725,0.0071492960589051
2021-12-16,601985SS,6.836392047866689,7.089244879962898,6.789567267400864,7.014325141906738,167558463,0.0081465606198444
2021-12-17,601985SS,7.098609924316406,7.398287551915613,6.986230981424537,7.098609924316406,234111316,0.0113823079624785
2021-12-20,601985SS,6.930041298970614,7.0143252802961,6.770837578110837,6.8644866943359375,160674381,0.0078118619700664
2021-12-21,601985SS,6.883216138604024,7.388921784930577,6.798932161919056,7.248447895050049,221790448,0.0107832770555699
2021-12-22,601985SS,7.248448657694747,7.360828049355666,7.136069712588061,7.276543617248535,161807185,0.0078669380091466
2021-12-23,601985SS,7.239083523834243,7.660505211907442,7.173528919941735,7.538761138916016,232329926,0.0112956981824485
2021-12-24,601985SS,7.726059913635254,8.053832509638926,7.623046102972501,7.726059913635254,294563453,0.0143214432938263
2021-12-27,601985SS,7.726059966703787,8.35350975666053,7.726059966703787,7.913358211517334,298099093,0.0144933433284426
2021-12-28,601985SS,7.922722832620247,7.922722832620247,7.510666720784855,7.857168674468994,195780683,0.0095187027482703
2021-12-29,601985SS,7.857169186011191,7.857169186011191,7.39828781630583,7.520031452178955,193830271,0.0094238752516032
2021-12-30,601985SS,7.5106669146546015,8.007007467272535,7.473206820602958,7.894628524780273,218137161,0.0106056571163897
2021-12-31,601985SS,7.857168316186714,8.15684547476553,7.726059112754291,7.772883892059326,182580055,0.008876898602442
2022-01-04,601985SS,7.791613719193392,7.988277089178246,7.566855837241682,7.641775131225586,212400795,0.0103267595153976
2022-01-05,601985SS,7.576220955521989,7.5949503324223535,7.004960670325989,7.117339611053467,261880347,0.0127324163983373
2022-01-06,601985SS,7.023690240893679,7.342097674711535,6.920675992325395,7.220353603363037,179088425,0.0087071382993944
2022-01-07,601985SS,7.220354063897778,7.314003183772061,6.930041569010386,6.958136081695557,220447899,0.0107180033796374
2022-01-10,601985SS,6.920676314983938,7.061150215661882,6.864486844023604,6.911311626434326,133002674,0.0064664853505036
2022-01-11,601985SS,6.892581921060673,7.033055824149211,6.88321678579613,6.958136081695557,110278492,0.0053616535032493
2022-01-12,601985SS,6.948771392985242,7.0236906888846695,6.855122273110959,6.958136081695557,90832271,0.0044161935403981
2022-01-13,601985SS,6.920675802195786,6.976865268992756,6.742742267394957,6.7802019119262695,142531781,0.00692978303442
2022-01-14,601985SS,6.780201998256076,6.93004102484336,6.658458375256285,6.901946067810059,118753419,0.0057736977850965
2022-01-17,601985SS,6.87385190943839,7.033055632155725,6.7802023455663925,6.986230850219727,125981008,0.00612509747491
2022-01-18,601985SS,6.836391912322678,7.192258539901269,6.58353908523974,6.901946067810059,287433407,0.0139747860679166
2022-01-19,601985SS,6.780202525988326,6.901946605018173,6.724013054102449,6.761472702026367,167157953,0.0081270881388044
2022-01-20,601985SS,6.789567333655257,7.0236903451606105,6.724012729674244,6.939405918121338,222281114,0.0108071328503864
2022-01-21,601985SS,6.920676164070998,7.0517853733403495,6.855122005990533,6.8644866943359375,146961730,0.0071451636688874
2022-01-24,601985SS,6.855122017950455,7.145434502031872,6.798932548117362,7.061150074005127,154346514,0.0075042060559046
2022-01-25,601985SS,7.033055607616815,7.061150119437017,6.714648163293091,6.724012851715088,145732761,0.0070854121631791
2022-01-26,601985SS,6.724012715433556,6.939405903424471,6.686553069396371,6.742742538452148,133293247,0.0064806127811127
2022-01-27,601985SS,6.733377645089957,6.827026757329932,6.55544410855691,6.705282688140869,116215946,0.0056503278445659
2022-01-28,601985SS,6.695918288946931,6.742742623809063,6.386875981950863,6.602269172668457,141545731,0.0068818420593395
2022-02-07,601985SS,6.742742029266619,6.836391583841738,6.68655256445405,6.817661762237549,125930662,0.0061226496920071
2022-02-08,601985SS,6.808297512266285,7.117339832143935,6.76147272889818,7.089245319366455,175833276,0.0085488755164807
2022-02-09,601985SS,7.079880508883938,7.323368679082137,7.042420859092561,7.239084243774414,160760172,0.0078160330609777
2022-02-10,601985SS,7.220353807057108,7.285908411914328,7.164164337131297,7.257813453674316,127415194,0.0061948264696737
2022-02-11,601985SS,7.239084042211497,7.37955794829497,7.164164744714774,7.201624393463135,107844070,0.0052432938212482
2022-02-14,601985SS,7.136069229061962,7.229718343638719,6.892581531162393,6.948770999908447,146072545,0.0071019321938842
2022-02-15,601985SS,6.9300410040710005,6.995595159361887,6.658458355297978,6.705282688140869,198250608,0.0096387885581942
2022-02-16,601985SS,6.742742675113294,6.8270271036823305,6.695918339894885,6.724012851715088,93291299,0.0045357495467569
2022-02-17,601985SS,6.6959189753439485,6.714648800519632,6.611634538776239,6.639729499816895,102313371,0.0049743955879574
2022-02-18,601985SS,6.602269304978878,6.752107894027223,6.574174346255203,6.714648246765137,79949944,0.0038871033649262
2022-02-21,601985SS,6.733377850219955,6.780202184489333,6.686553069396371,6.742742538452148,88039058,0.0042803897223084
2022-02-22,601985SS,6.695918204482955,6.742742538754433,6.508619527734429,6.611633777618408,119429573,0.0058065718605131
2022-02-23,601985SS,6.620999186911321,6.667823523124133,6.527349621377253,6.574174404144287,112057596,0.0054481521397581
2022-02-24,601985SS,6.546079379229773,6.630363808739686,6.424335749059497,6.517984867095947,172638468,0.0083935464655048
2022-02-25,601985SS,6.54607891032847,6.798932180746113,6.471159621265843,6.7802019119262695,184819959,0.0089858009723487
2022-02-28,601985SS,6.742743097732818,7.042420737441435,6.72401327316067,6.930041790008545,191638745,0.009317324981988
2022-03-01,601985SS,6.995595878330356,7.04242066253983,6.9019467564656445,7.004961013793945,160129522,0.0077853713542342
2022-03-02,601985SS,6.958135891747284,7.042420320610396,6.911311556365502,6.986230850219727,131650929,0.0064007645722874
2022-03-03,601985SS,7.033055061063757,7.379556990280309,7.02368992681533,7.267178058624268,244999499,0.0119116828520623
2022-03-04,601985SS,7.192259185141404,7.379557873540114,7.145434847957401,7.276543617248535,230941507,0.011228194343211
2022-03-07,601985SS,7.285909029290759,7.548127024384646,7.210989283153756,7.239084243774414,242411193,0.011785841451072
2022-03-08,601985SS,7.285908472190843,7.304638295654399,6.948771203292615,6.986230850219727,236774065,0.0115117687235499
2022-03-09,601985SS,7.16416448478588,7.538761405232674,6.995595624980002,7.304638385772705,365602994,0.01777532987646
2022-03-10,601985SS,7.37955799115483,7.791614129779992,7.267179044257059,7.716694831848144,330947351,0.016090399784214
2022-03-11,601985SS,7.585586361029903,7.697965305764836,7.407652362034912,7.669869899749756,261671755,0.0127222748194377
2022-03-14,601985SS,7.548126467742311,7.623045761800085,7.3795576095581055,7.3795576095581055,180736517,0.0087872672355561
2022-03-15,601985SS,7.30463792148028,7.323367743984416,6.883216245305922,6.901946067810059,241220287,0.0117279405384721
2022-03-16,601985SS,7.023690450018061,7.548126396587117,6.836392216639265,7.454476833343506,227837892,0.0110772990241356
2022-03-17,601985SS,7.56685563519722,7.772884134705953,7.304638113255094,7.342097759246826,272922731,0.0132692884192009
2022-03-18,601985SS,7.314003382847771,7.632410399086874,7.276543733878464,7.520031452178955,169603528,0.0082459900708893
2022-03-21,601985SS,7.538761039945972,7.576220685520142,7.360827500191566,7.482571125030518,132743294,0.0064538744990089
2022-03-22,601985SS,7.398287499242521,7.463841658852278,7.276543422032658,7.435747146606445,131512019,0.0063940108773952
2022-03-23,601985SS,7.529396252071066,7.538761387173056,7.304638368273946,7.370192527770996,102032914,0.0049607599893081
2022-03-24,601985SS,7.295273569779951,7.314003394293915,7.136069838134131,7.192259311676025,133950190,0.0065125528328263
2022-03-25,601985SS,7.1828944159480645,7.220354063897778,6.901946609770987,6.958136081695557,139234912,0.0067694918579356
2022-03-28,601985SS,6.93940634358778,7.164164680621411,6.798932885315273,7.145434856414795,136835797,0.0066528487744915
2022-03-29,601985SS,7.323367854617396,7.613680331094311,7.323367854617396,7.482571125030518,220455029,0.0107183500346268
2022-03-30,601985SS,7.510666954055978,7.557490843842061,7.407652253066317,7.491936683654785,139138096,0.0067647847401998
2022-03-31,601985SS,7.426381790994441,7.716694272722403,7.417017102708614,7.594950199127197,157522223,0.0076586065285294
2022-04-01,601985SS,7.473206436914075,7.538761039945972,7.426381656669263,7.482571125030518,101219299,0.0049212026682392
2022-04-06,601985SS,7.445111725635068,7.604315447866591,7.426381902228667,7.585586071014404,112363826,0.0054630408013867
2022-04-07,601985SS,7.538761596434756,7.866533296126767,7.520031325710859,7.604315757751465,157108938,0.007638512937042
2022-04-08,601985SS,7.613680157108288,7.688599446544589,7.4638411316814945,7.576220512390137,126799657,0.0061648995450977
2022-04-11,601985SS,7.632409358843498,7.707328646571142,7.417016629903611,7.463840961456299,144158687,0.0070088819239329
2022-04-12,601985SS,7.41701696855282,7.510666529042444,7.257813251585499,7.482571125030518,96828119,0.0047077069520446
2022-04-13,601985SS,7.4263820830626015,7.520031202374986,7.31400313988774,7.360827922821045,84637284,0.0041149981472734
2022-04-14,601985SS,7.398287827883877,7.435747476911806,7.145434973668234,7.192259311676025,176062203,0.0085600057670788
2022-04-15,601985SS,7.173528943982009,7.2484482363649745,7.0892449633282775,7.136069297790527,98600079,0.004793858252895
2022-04-18,601985SS,7.070515476700156,7.154799461364746,6.81766262959793,7.154799461364746,138621984,0.0067396917808867
2022-04-19,601985SS,7.182893960437159,7.576220685520142,7.098609534618177,7.482571125030518,181503177,0.0088245416414738
2022-04-20,601985SS,7.463841592095992,7.557490709668208,7.285908491985889,7.3795576095581055,116381176,0.0056583611971469
2022-04-21,601985SS,7.473206692317821,7.473206692317821,6.8738518960934,6.920676231384277,282439477,0.013731985121024
2022-04-22,601985SS,6.836392471597994,7.107975143402851,6.752108040157097,7.089245319366455,133799786,0.0065052403086988
2022-04-25,601985SS,6.958136519709283,7.079880606486739,6.770838268170317,6.836392879486084,144538781,0.0070273617951181
2022-04-26,601985SS,6.827026878327932,6.845756701107883,6.414970330614817,6.489889621734619,197372479,0.0095960946172111
2022-04-27,601985SS,6.424335888548499,6.695918560028076,6.386876240520573,6.695918560028076,117723052,0.005723602152349
2022-04-28,601985SS,6.695918423134094,6.827027188551395,6.5367146989931175,6.714648246765137,170038136,0.0082671203698577
2022-04-29,601985SS,6.714648522089078,6.733378346488109,6.527349831544529,6.677188873291016,194743481,0.0094682748032012
2022-05-05,601985SS,6.602269089089807,6.808297142294324,6.564809443052623,6.742742538452148,157935564,0.0076787028426927
2022-05-06,601985SS,6.602269363115353,6.630363875532194,6.508619797581283,6.574174404144287,108443033,0.0052724149309861
2022-05-09,601985SS,6.480525136904325,6.592904077109157,6.480525136904325,6.527349472045898,66238626,0.0032204698731582
2022-05-10,601985SS,6.461794940948353,6.602268831381745,6.3962403396649865,6.583539009094238,118248281,0.005749138373028
2022-05-11,601985SS,6.564809715523414,6.620999186911321,6.508619797581283,6.574174404144287,153380085,0.0074572190384045
2022-05-12,601985SS,6.555444391252115,6.724012800553368,6.527349433091468,6.602269172668457,131187663,0.0063782409439099
2022-05-13,601985SS,6.658458775872007,6.761472582565634,6.602269304978878,6.714648246765137,129408673,0.0062917478499914
2022-05-16,601985SS,6.724012645996644,6.733377780686332,6.527349283055206,6.555444240570068,113902901,0.0055378694167936
2022-05-17,601985SS,6.53671447057179,6.5741741165248735,6.443065355689083,6.546079158782959,86389418,0.0042001855236048
2022-05-18,601985SS,6.555444580348318,6.620999186911321,6.471160149989345,6.574174404144287,111635059,0.0054276087233111
2022-05-19,601985SS,6.47116022107918,6.499255180358887,6.386876236348518,6.499255180358887,141583279,0.0068836676135531
2022-05-20,601985SS,6.480525096346669,6.742742621850218,6.471159961444437,6.733377933502197,183213736,0.0089077076740205
2022-05-23,601985SS,6.724012851715088,6.7895674568859175,6.667823381520469,6.724012851715088,78537028,0.0038184085008253
2022-05-24,601985SS,6.724012591811125,6.827026839796546,6.55544418774296,6.564809322357178,103003800,0.0050079637026411
2022-05-25,601985SS,6.55544465664624,6.695918560028076,6.527349697348181,6.695918560028076,105852490,0.0051464647688161
2022-05-26,601985SS,6.705283252888041,6.967501235799263,6.6771887401269066,6.892581939697266,162770208,0.0079137594296069
2022-05-27,601985SS,6.883215914575127,6.939405379387694,6.761471850870809,6.817661762237549,77590941,0.0037724104953581
2022-05-30,601985SS,6.798932605545596,6.845756940858243,6.724012865247773,6.789567470550537,89207231,0.0043371853743368
2022-05-31,601985SS,6.798932552337647,6.827027063994526,6.724012812626141,6.798932552337647,120668755,0.0058668199142448
2022-06-01,601985SS,6.789567680097892,6.789567680097892,6.611634128688129,6.695918560028076,133450832,0.0064882744398095
2022-06-02,601985SS,6.649093507530589,6.667823330786284,6.57417421450781,6.602269172668457,103318799,0.0050232787061494
2022-06-06,601985SS,6.60226921207,6.60226921207,6.480525136904325,6.527349472045898,210153758,0.0102175103446438
2022-06-07,601985SS,6.527349335806417,6.611633762477956,6.480525001642167,6.546079158782959,158654997,0.0077136811090332
2022-06-08,601985SS,6.54607965573927,6.54607965573927,6.293226803083122,6.480525493621826,259044168,0.0125945236071374
2022-06-09,601985SS,6.41497039794717,6.5835392512902455,6.38687588675946,6.546079158782959,203747286,0.009906032717236
2022-06-10,601985SS,6.517984730617896,6.574174200263232,6.46179526097256,6.536714553833008,169123392,0.0082226462363868
2022-06-13,601985SS,6.4898897595861404,6.53671454080772,6.302591527808238,6.340051174163818,218569508,0.0106266774873172
2022-06-14,601985SS,6.293225990212362,6.414970056354191,6.2183067022956005,6.396240234375,150479273,0.0073161838416041
2022-06-15,601985SS,6.386876371629593,6.555444791215612,6.311956627481569,6.480525493621826,227553849,0.0110634890769882
2022-06-16,601985SS,6.480525483354195,6.546079645367776,6.396241050417606,6.414970874786377,113589259,0.0055226203895574
2022-06-17,601985SS,6.377511024475098,6.386876159640599,6.2838619055912055,6.377511024475098,132443868,0.0064393166425063
2022-06-20,601985SS,6.368145600728387,6.396240109873228,6.311955689330363,6.3494157791137695,123046069,0.0059824030502241
2022-06-21,601985SS,6.368146265473736,6.5086197189697454,6.358781130411753,6.452430248260498,154244623,0.0074992521956623
2022-06-22,601985SS,6.45242981951871,6.471159641843927,6.31195592880249,6.31195592880249,114050287,0.005545035208136
2022-06-23,601985SS,6.293226189289601,6.340050968995903,6.218306899002874,6.302591323852539,143037708,0.0069543808070476
2022-06-24,601985SS,6.30259151330752,6.311956201597764,6.218307085924277,6.274496555328369,117792194,0.0057269637819814
2022-06-27,601985SS,6.274496978476606,6.311956627272256,6.2370373296809545,6.283862113952637,102871135,0.0050015136347347
2022-06-28,601985SS,6.283861917625915,6.45243033193976,6.255766958629828,6.443065643310547,201020189,0.0097734434070399
2022-06-29,601985SS,6.424335807194156,6.461795454747713,6.35878120069832,6.377511024475098,101536253,0.0049366127223091
2022-06-30,601985SS,6.386875834092144,6.4898896363365495,6.3213212309377225,6.424335479736328,135916701,0.0066081630502051
2022-07-01,601985SS,6.4430654901693805,6.564809565335056,6.414970531841066,6.527349472045898,140255428,0.0068191085428148
2022-07-04,601985SS,6.546079655943561,6.695918697690047,6.517985142622133,6.677188873291016,148820304,0.0072355260742615
2022-07-05,601985SS,6.68655342474398,6.742742896785869,6.611634128688129,6.695918560028076,181131140,0.0088064534952885
2022-07-06,601985SS,6.705283386403184,6.827027468270205,6.452430533747037,6.480525493621826,233901084,0.0113720866480694
2022-07-07,601985SS,6.480524933621743,6.602269004968523,6.433700153394767,6.489889621734619,147184323,0.0071559859653896
2022-07-08,601985SS,6.499254478537639,6.508619166250144,6.396240234375,6.396240234375,124980188,0.006076438394052
2022-07-11,601985SS,6.405606332492371,6.546079795196233,6.386876507694907,6.461795806884766,138832441,0.0067499240346187
2022-07-12,601985SS,6.471160084800613,6.583539472998571,6.414970613978743,6.517984867095947,137082065,0.006664822130864
2022-07-13,601985SS,6.489890045080909,6.527349693084365,6.443065708353703,6.499255180358887,122178291,0.0059402123667158
2022-07-14,601985SS,6.499254965953601,6.508619654368418,6.2370369920255415,6.265131950378418,256854891,0.0124880826821325
2022-07-15,601985SS,6.284292001084953,6.303451409812796,6.111857322534364,6.131016731262207,147096425,0.0071517124337963
2022-07-18,601985SS,6.102277029154622,6.255552746715785,6.102277029154622,6.207653999328613,105295294,0.0051193743377518
2022-07-19,601985SS,6.198073475897383,6.207653407179509,6.121435852825432,6.1789140701293945,89863113,0.0043690738410654
2022-07-20,601985SS,6.188494001411522,6.198073475897383,6.150175189875546,6.1789140701293945,81635009,0.003969029899254
2022-07-21,601985SS,6.150175149521369,6.169334555163643,6.035218715667725,6.035218715667725,120313944,0.0058495692826244
2022-07-22,601985SS,6.035219260307275,6.063958142966053,5.9394217666545375,5.968161106109619,93131290,0.0045279700350874
2022-07-25,601985SS,5.968160718382437,6.006479530635593,5.9298419061292815,5.949001312255859,70506752,0.0034279828007036
2022-07-26,601985SS,5.949001196924644,5.968160602679784,5.89152297965922,5.920261859893799,94501514,0.0045945892477426
2022-07-27,601985SS,5.901102750611021,5.977740377481873,5.881943343893309,5.95858097076416,87158751,0.0042375898886792
2022-07-28,601985SS,5.9777404677617,6.006479806670455,5.920262246740488,5.939421653747559,74843309,0.0036388227896209
2022-07-29,601985SS,5.929842084926932,5.996900236790041,5.901102746472374,5.910682678222656,75756142,0.0036832040117755
2022-08-01,601985SS,5.881943679837551,5.881943679837551,5.757407757457756,5.786146640777588,118859983,0.0057788788429217
2022-08-02,601985SS,5.747827385270297,5.757407316841294,5.537073915467415,5.623291015625,127906026,0.0062186903352795
2022-08-03,601985SS,5.604131788550406,5.690349348262291,5.57539290651064,5.584972381591797,75218853,0.0036570814433865
2022-08-04,601985SS,5.613711970469653,5.795726573081741,5.613711970469653,5.786146640777588,102594625,0.0049880699361196
2022-08-05,601985SS,5.805305595446245,5.834044933319092,5.728667970180358,5.834044933319092,63030579,0.0030644971524201
2022-08-08,601985SS,5.82446491290131,5.881943130973804,5.786146100852981,5.853204250335693,69316157,0.003370097008679
2022-08-09,601985SS,5.862784022313993,5.910682768201997,5.814885733222284,5.891523361206055,74909927,0.0036420617043594
2022-08-10,601985SS,5.891523062384023,5.939421349046298,5.805305506877145,5.853204250335693,78193009,0.0038016825677527
2022-08-11,601985SS,5.862784048694085,6.025639237290525,5.853204573551157,5.987320423126221,99238496,0.0048248975850667
2022-08-12,601985SS,5.996899904383176,6.073537526952273,5.9777400419446405,6.035218715667725,71510336,0.0034767762650666
2022-08-15,601985SS,6.035218929724332,6.178914248739828,6.016059523402514,6.140595436096191,104670701,0.005089007117582
2022-08-16,601985SS,6.15017536765524,6.207653586620695,6.111856555011604,6.140595436096191,85718944,0.0041675876053187
2022-08-17,601985SS,6.150175485981378,6.236393044486479,6.131016079290943,6.217233180999756,103148084,0.0050149786771845
2022-08-18,601985SS,6.198073860435168,6.255552538101461,6.1310161644849845,6.15017557144165,78440196,0.003813700605182
2022-08-19,601985SS,6.140595888755263,6.418407529298879,6.092697597817995,6.351349830627441,184933962,0.0089913437085001
2022-08-22,601985SS,6.3609290359777,6.466306002438926,6.34176962905714,6.408827781677246,134151164,0.0065223240305605
2022-08-23,601985SS,6.351349560915566,6.475885934297352,6.332190153995007,6.408827781677246,94572363,0.0045980338703717
2022-08-24,601985SS,6.408827663037207,6.485465289300733,6.3130306302078,6.332190036773682,112458173,0.0054676278782854
2022-08-25,601985SS,6.3705092399586425,6.43756693864689,6.35134983221967,6.399248123168945,82866464,0.004028902272326
2022-08-26,601985SS,6.399248191900715,6.399248191900715,6.198074180082616,6.284291744232178,148546308,0.007222204604348
2022-08-29,601985SS,6.245972859691352,6.370509238361611,6.207654044223013,6.351349830627441,103535894,0.005033833694218
2022-08-30,601985SS,6.351349784693819,6.399248075284681,6.1501757765417935,6.207653999328613,84139433,0.0040907930234108
2022-08-31,601985SS,6.198073836476008,6.22681317519806,6.06395798829778,6.102276802062988,88276524,0.0042919351323672
2022-09-01,601985SS,6.102276683197019,6.131016021359258,6.006479650650025,6.025639057159424,67629358,0.0032880861686357
2022-09-02,601985SS,6.02563944327607,6.159755297435864,6.02563944327607,6.044798851013184,70558485,0.0034304980184551
2022-09-05,601985SS,6.025639311119588,6.226813316345215,6.006479903802686,6.226813316345215,98614985,0.0047945829708855
2022-09-06,601985SS,6.255552680785663,6.351349717754049,6.178914594414651,6.322610378265381,105369674,0.0051229906348224
2022-09-07,601985SS,6.303450702997306,6.399247735894655,6.255552414946774,6.3800883293151855,88255417,0.0042909089266362
2022-09-08,601985SS,6.351349447844124,6.504624700479883,6.332190041264654,6.3800883293151855,115277116,0.0056046826687282
2022-09-09,601985SS,6.3800883293151855,6.466305887320942,6.341769516156246,6.3800883293151855,83073397,0.0040389631919511
2022-09-13,601985SS,6.389668044467856,6.399247519034816,6.23639279702634,6.274711608886719,85731182,0.0041681826072486
2022-09-14,601985SS,6.207654181611828,6.236393522247302,6.111857140820784,6.16933536529541,85420249,0.0041530652894608
2022-09-15,601985SS,6.3705091922894255,6.418407482880288,6.159755251941442,6.207653999328613,245449203,0.0119335471066717
2022-09-16,601985SS,6.159755250596737,6.207653997973451,5.901103019714356,5.901103019714356,170286640,0.0082792024387907
2022-09-19,601985SS,5.891523428460235,5.891523428460235,5.74782764595217,5.824465274810791,104589600,0.0050850640507802
2022-09-20,601985SS,5.853204704973189,5.8915235199978655,5.786146550281852,5.8053059577941895,81620942,0.0039683459727832
2022-09-21,601985SS,5.7861465741658105,5.968161174682495,5.728668351391538,5.901103019714356,92010898,0.0044734974576803
2022-09-22,601985SS,5.872364044189453,5.910682858768479,5.843624704857032,5.872364044189453,53002514,0.0025769405231722
2022-09-23,601985SS,5.872363443770985,5.901102323368704,5.709508270063066,5.7957258224487305,84839693,0.0041248391135784
2022-09-26,601985SS,5.747827415613598,5.862783854294762,5.719088077545166,5.719088077545166,64723949,0.0031468274693127
2022-09-27,601985SS,5.747827825153602,5.795726573081741,5.68076966941347,5.786146640777588,50233281,0.0024423025938127
2022-09-28,601985SS,5.78614600858446,5.8053054143031,5.613711357116699,5.613711357116699,69086252,0.0033589192084905
2022-09-29,601985SS,5.671189965048111,5.690349372086938,5.565812997936419,5.632871150970459,57676370,0.0028041797240499
2022-09-30,601985SS,5.594552223680984,5.652030443634329,5.584972291957284,5.604131698608398,44891164,0.0021825730689674
2022-10-10,601985SS,5.604131425859247,5.709508385709899,5.584972020140607,5.613711357116699,76678703,0.0037280582016352
2022-10-11,601985SS,5.623291063665769,6.08311727668762,5.594552182299812,6.025639057159424,181855960,0.00884169367333
2022-10-12,601985SS,6.016059875488281,6.016059875488281,5.862784159147101,6.016059875488281,99307360,0.0048282456985578
2022-10-13,601985SS,5.987320535925464,6.0543786903745,5.949001721039246,6.016059875488281,61755330,0.0030024955495294
2022-10-14,601985SS,6.025639170817153,6.092697323263065,5.987320357075573,6.054378509521484,79614766,0.0038708072743167
2022-10-17,601985SS,6.035219375542783,6.092697598754123,5.91068299685339,6.044798851013184,63816095,0.0031026883222201
2022-10-18,601985SS,6.0639575957330045,6.150175149521369,6.016059310025451,6.035218715667725,65788531,0.0031985866084365
2022-10-19,601985SS,6.025638819945208,6.044798225700349,5.910682385414361,5.920261859893799,61149188,0.0029730254024606
2022-10-20,601985SS,5.910683064121255,6.016060036272801,5.872364248210932,5.929842472076416,66999994,0.0032574869862002
2022-10-21,601985SS,5.920262000003959,6.09269711267738,5.910682525297811,5.9969000816345215,73682733,0.0035823964977544
2022-10-24,601985SS,6.025639122674299,6.0352190544313,5.881943343893309,5.95858097076416,90806778,0.0044149540907984
2022-10-25,601985SS,5.949001462577424,5.9585809374846335,5.805305684598995,5.81488561630249,81318087,0.0039536214009989
2022-10-26,601985SS,5.82446556931432,5.9298425427212695,5.814886093620774,5.862784385681152,59012070,0.0028691204069919
2022-10-27,601985SS,5.853204038440422,5.891522849101549,5.786145891385321,5.7957258224487305,56149984,0.0027299680378382
2022-10-28,601985SS,5.82446543300258,5.881943656207646,5.661610238856732,5.690349578857422,80170993,0.0038978505933635
2022-10-31,601985SS,5.661610082242827,5.834045203884367,5.623291267832774,5.776566982269287,70270548,0.0034164987480918
2022-11-01,601985SS,5.747827080724194,5.7957258224487305,5.690348864732503,5.7957258224487305,81037278,0.0039399686883866
2022-11-02,601985SS,5.766986732182298,5.776566663654567,5.699928582265242,5.738247394561768,91561812,0.0044516632497446
2022-11-03,601985SS,5.709508986592445,5.7190884620618,5.623291423386687,5.690349578857422,85808409,0.0041719373232189
2022-11-04,601985SS,5.671190014243491,5.795726389474314,5.652030607038464,5.776566982269287,89758191,0.0043639726159882
2022-11-07,601985SS,5.776567074923836,5.8053059577941895,5.738247803102852,5.8053059577941895,71340619,0.0034685247580763
2022-11-08,601985SS,5.795726389474314,5.805305864678678,5.719088303857907,5.776566982269287,61158286,0.0029734677400614
2022-11-09,601985SS,5.766987027147047,5.795726366237512,5.728668212890625,5.728668212890625,46852788,0.0022779456842518
2022-11-10,601985SS,5.6999287605285645,5.728668099047908,5.6807693537810975,5.6999287605285645,51112597,0.0024850542458018
2022-11-11,601985SS,5.786146394330222,5.901102836305879,5.7286681733423945,5.891523361206055,139398346,0.0067774378904099
2022-11-14,601985SS,5.901102903669412,5.929842242889545,5.814885799601614,5.824465274810791,73093824,0.003553764205585
2022-11-15,601985SS,5.8340447623937965,5.929841791169502,5.814885356638656,5.920261859893799,66332118,0.0032250153806297
2022-11-16,601985SS,5.910682500002704,6.054378274350174,5.901102568541278,5.949001312255859,90070232,0.0043791438038641
2022-11-17,601985SS,5.920261974667856,5.958580786921012,5.872363687749548,5.949001312255859,54318695,0.0026409322076936
2022-11-18,601985SS,5.949001673347504,5.949001673347504,5.872364044189453,5.872364044189453,77487801,0.0037673959097186
2022-11-21,601985SS,5.853204344758873,5.910682563758599,5.834044938425631,5.881943225860596,55182227,0.002682916454023
2022-11-22,601985SS,5.8723638925787895,6.140595587706856,5.853204485783928,6.006479740142822,145480179,0.0070731318250951
2022-11-23,601985SS,5.968160950204783,6.121436205171104,5.9394216115004514,6.054378509521484,125211570,0.0060876880048183
2022-11-24,601985SS,6.035218894051665,6.063957774966385,5.987320150132098,5.9969000816345215,65894895,0.003203757942419
2022-11-25,601985SS,5.987320268496919,6.092697233125425,5.949001455322242,6.073537826538086,91630835,0.0044550190936906
2022-11-28,601985SS,6.016059875488281,6.063958165697902,5.891523498709918,6.016059875488281,98929678,0.0048098830969146
2022-11-29,601985SS,5.996900468045172,6.044798758254792,5.949001721039246,6.016059875488281,88827540,0.0043187250966945
2022-11-30,601985SS,6.006479625824217,6.073537776728091,5.968160812963798,5.977740287780762,82316512,0.0040021640388415
2022-12-01,601985SS,6.035218963867672,6.044798438684636,5.977740287780762,5.977740287780762,66021703,0.0032099232475942
2022-12-02,601985SS,5.968160812963798,5.996900151007253,5.949001406533588,5.977740287780762,49251198,0.0023945544911507
2022-12-05,601985SS,6.006479794306818,6.236393134714716,6.006479794306818,6.198073863983154,177031093,0.0086071124364623
2022-12-06,601985SS,6.188494385354983,6.188494385354983,6.073537943614986,6.15017557144165,105047572,0.0051073302890435
2022-12-07,601985SS,6.13101641422835,6.140595889698751,6.01605996780567,6.044798851013184,107891712,0.0052456101377988
2022-12-08,601985SS,6.035219375542783,6.054378783279897,5.996900560068556,6.044798851013184,52208980,0.0025383595245215
2022-12-09,601985SS,6.016059487843093,6.044798368757813,5.958580812421102,5.9969000816345215,73662194,0.0035813979077364
2022-12-12,601985SS,5.987320008434926,5.987320008434926,5.901102454138658,5.920261859893799,60554149,0.0029440950745149
2022-12-13,601985SS,5.920261974667856,5.968160718382437,5.920261974667856,5.949001312255859,45462515,0.0022103517049931
2022-12-14,601985SS,5.97774076356616,5.99690062831764,5.910683064121255,5.929842472076416,40955052,0.0019912024008413
2022-12-15,601985SS,5.910682768201997,5.939421650297764,5.881943429309936,5.891523361206055,36400063,0.0017697424199675
2022-12-16,601985SS,5.891523656166093,5.949001880031577,5.872364248210932,5.929842472076416,41010015,0.0019938746586511
2022-12-19,601985SS,5.910682927510204,5.958581217892896,5.786146550281852,5.8053059577941895,60799389,0.0029560184503363
2022-12-20,601985SS,5.786145891385321,5.824464702046448,5.757407011787603,5.7957258224487305,31087143,0.0015114324302871
2022-12-21,601985SS,5.805305864678678,5.814885796679341,5.757407575064261,5.776566982269287,23677841,0.001151197997403
2022-12-22,601985SS,5.795726457709869,5.805305933027016,5.690349488443425,5.709508895874023,39059287,0.0018990317983127
2022-12-23,601985SS,5.680769556329973,5.738247778621768,5.671190081012826,5.709508895874023,22661559,0.0011017871662721
2022-12-26,601985SS,5.709508602719876,5.738247483992026,5.690349196273016,5.719088077545166,41593035,0.0020222206322745
2022-12-27,601985SS,5.738248074137573,5.7574079393511965,5.72866859832709,5.747828006744385,35386264,0.0017204523103426
2022-12-28,601985SS,5.7382471496607845,5.834044633109858,5.719087744330221,5.7957258224487305,51972999,0.0025268863139942
2022-12-29,601985SS,5.776566663654567,5.786146138330561,5.719087988413505,5.738247394561768,33623771,0.0016347612875827
2022-12-30,601985SS,5.747828006744385,5.776567347768491,5.72866859832709,5.747828006744385,30739469,0.0014945287939907
2023-01-03,601985SS,5.757407308053205,5.843624408079188,5.738247444940455,5.834044933319092,49604302,0.0024117221297743
2023-01-04,601985SS,5.8244650912097,5.843624497820405,5.805305684598995,5.81488561630249,41824722,0.0020334850719007
2023-01-05,601985SS,5.814885980893735,5.85320479651772,5.776567165269749,5.786146640777588,68786781,0.0033443591641233
2023-01-06,601985SS,5.795726482436174,5.8148858899485125,5.786146550281852,5.8053059577941895,58812207,0.0028594032252034
2023-01-09,601985SS,5.8148858899485125,5.843624772818866,5.795726482436174,5.8053059577941895,63999435,0.0031116021687504
2023-01-10,601985SS,5.795726366237512,5.82446524853168,5.709508805762414,5.728668212890625,88694414,0.0043122526153309
2023-01-11,601985SS,5.747827415613598,5.766986822060458,5.699928671098305,5.719088077545166,61944219,0.0030116791840733
2023-01-12,601985SS,5.709508805762414,5.747827620018835,5.709508805762414,5.728668212890625,31155364,0.0015147492816242
2023-01-13,601985SS,5.7286679198857735,5.738247394561768,5.68076917611698,5.738247394561768,64245534,0.0031235673084759
2023-01-16,601985SS,5.72866859832709,5.776567347768491,5.719088665720278,5.747828006744385,81399379,0.0039575737540705
2023-01-17,601985SS,5.747827415613598,5.766986822060458,5.699928671098305,5.719088077545166,68895628,0.0033496512196119
2023-01-18,601985SS,5.709508805762414,5.738247688056582,5.709508805762414,5.728668212890625,37020251,0.0017998954725035
2023-01-19,601985SS,5.719088665720278,5.747828006744385,5.699929257302983,5.747828006744385,37436004,0.0018201090562088
2023-01-20,601985SS,5.728668033864902,5.766986846923828,5.709508627335439,5.766986846923828,135376937,0.0065819201492637
2023-01-30,601985SS,5.795726389474314,5.814885796679341,5.747827643063597,5.776566982269287,107709693,0.005236760517249
2023-01-31,601985SS,5.766987232965595,5.80530604858958,5.757407757457756,5.786146640777588,75326186,0.0036622998893865
2023-02-01,601985SS,5.795726120686148,5.834044933319092,5.776566714369677,5.834044933319092,86334915,0.0041975356306331
2023-02-02,601985SS,5.834044633109858,5.843624107377012,5.786145891385321,5.7957258224487305,102226619,0.0049701777739823
2023-02-03,601985SS,5.7957260002522135,5.7957260002522135,5.738247325700915,5.757407188415527,91821938,0.0044643103711723
2023-02-06,601985SS,5.738248074137573,5.786146823578974,5.72866859832709,5.747828006744385,74724295,0.0036330364225926
2023-02-07,601985SS,5.747827257058221,5.7669866629765645,5.728667851139877,5.757407188415527,45806885,0.0022270947034095
2023-02-08,601985SS,5.75740755198109,5.766987027147047,5.728668212890625,5.728668212890625,37353248,0.0018160855246093
2023-02-09,601985SS,5.728667851139877,5.757407188415527,5.728667851139877,5.757407188415527,46447927,0.0022582616610156
2023-02-10,601985SS,5.747827440394365,5.776566778586702,5.728668033864902,5.766986846923828,67319828,0.0032730370636039
2023-02-13,601985SS,5.7669866629765645,5.786146068894907,5.747827257058221,5.757407188415527,62873156,0.0030568433700357
2023-02-14,601985SS,5.766987050268624,5.776566982269287,5.757407575064261,5.776566982269287,46864883,0.0022785337336343
2023-02-15,601985SS,5.766986732182298,5.776566663654567,5.738247394561768,5.738247394561768,58861828,0.0028618157591768
2023-02-16,601985SS,5.738247574023497,5.766986912542841,5.6807693537810975,5.6999287605285645,97443661,0.0047376341197166
2023-02-17,601985SS,5.699929054326777,5.7190884620618,5.680769646591754,5.690349578857422,55821966,0.0027140200607945
2023-02-20,601985SS,5.6903497814925,5.747828006744385,5.680769848885689,5.747828006744385,71744081,0.0034881407630334
2023-02-21,601985SS,5.747827080724194,5.7957258224487305,5.7382471496607845,5.7957258224487305,88830967,0.0043188917147378
2023-02-22,601985SS,5.776566982269287,5.824465271883704,5.757407575064261,5.776566982269287,79826860,0.0038811191177006
2023-02-23,601985SS,5.786146068894907,5.805305474813251,5.738247325700915,5.757407188415527,68111383,0.0033115218448318
2023-02-24,601985SS,5.766986732182298,5.776566663654567,5.7286679198857735,5.738247394561768,33546549,0.0016310068147085
2023-02-27,601985SS,5.738247508731492,5.805305659982754,5.728668033864902,5.766986846923828,98597936,0.0047937540619213
2023-02-28,601985SS,5.795726482436174,5.824465365306528,5.766987142769513,5.8053059577941895,76893521,0.0037385024837556
2023-03-01,601985SS,5.805305717022457,5.968160902521161,5.795726242061745,5.95858097076416,224263016,0.0109034913660741
2023-03-02,601985SS,5.977740452035361,6.274711945058128,5.949001569998509,6.15017557144165,349903104,0.017012013578853
2023-03-03,601985SS,6.150175598162277,6.284291447441633,6.102276852164359,6.245972633361816,221212014,0.0107551540496577
2023-03-06,601985SS,6.274711972319826,6.360929075601264,6.226813226321909,6.245972633361816,233179825,0.0113370196030457
2023-03-07,601985SS,6.217233180999756,6.3992477729570325,6.207653706052683,6.217233180999756,221754729,0.010781540425897
2023-03-08,601985SS,6.178914772137859,6.2938716766027145,6.159755364193103,6.284291744232178,125109341,0.006082717711282
2023-03-09,601985SS,6.293871379359734,6.30345085448154,6.198073887363899,6.245972633361816,77687724,0.0037771160086598
2023-03-10,601985SS,6.207653706052683,6.265131926123988,6.169334892671812,6.217233180999756,86989746,0.0042293729985687
2023-03-13,601985SS,6.207653845437539,6.389668441481718,6.178914506358438,6.341769695281982,139411439,0.0067780744617671
2023-03-14,601985SS,6.322610288161347,6.447146662843623,6.284291473920078,6.341769695281982,143258811,0.0069651306609224
2023-03-15,601985SS,6.360928502555882,6.51420420186309,6.245972070672667,6.475885391235352,180006192,0.0087517594087465
2023-03-16,601985SS,6.43756693864689,6.514205026399094,6.380088715429972,6.399248123168945,120212394,0.0058446320015338
2023-03-17,601985SS,6.418407372748663,6.562103155648234,6.408827897513387,6.4854655265808105,126581973,0.0061543159203126
2023-03-20,601985SS,6.5142048427942845,6.724958321982835,6.399247942804231,6.437566757202148,209235211,0.0101728513123055
2023-03-21,601985SS,6.475886117079539,6.542943814796059,6.351349740182708,6.370509147644043,124001577,0.0060288590972979
2023-03-22,601985SS,6.408827986961417,6.523784432167001,6.34176983219334,6.466306209564209,118788287,0.005775393039819
2023-03-23,601985SS,6.447146054866421,6.495044796549221,6.380087907869751,6.475885391235352,84149101,0.0040912630739631
2023-03-24,601985SS,6.485465756050277,6.485465756050277,6.255552860713202,6.284291744232178,164251313,0.0079857695892301
2023-03-27,601985SS,6.32261053744427,6.341769945320307,6.159755342099799,6.188494682312012,112327480,0.0054612736874673
2023-03-28,601985SS,6.188494569638911,6.236393316855075,6.121436414895543,6.159755229949951,86524272,0.0042067420189686
2023-03-29,601985SS,6.178914520874617,6.178914520874617,6.054378602696067,6.083117485046387,81383732,0.003956813009243
2023-03-30,601985SS,6.092696972571583,6.21723288166537,6.083117041289456,6.1789140701293945,78892055,0.0038356696341956
2023-03-31,601985SS,6.207653677183733,6.217233152086257,6.102276712478256,6.12143611907959,55943088,0.002719908917124
2023-04-03,601985SS,6.102277389772274,6.150176139990051,6.063958572316587,6.131016731262207,64160876,0.003119451303133
2023-04-04,601985SS,6.131016130107736,6.418407232846296,6.111856723258499,6.360929012298584,159765635,0.0077676794546357
2023-04-06,601985SS,6.351349443339563,6.370508849905445,6.284291291960836,6.332190036773682,67406275,0.003277240048719
2023-04-07,601985SS,6.341769968066446,6.341769968066446,6.255552860713202,6.284291744232178,50895100,0.0024744797128095
2023-04-10,601985SS,6.284291855768865,6.360929488908092,6.274712380024625,6.313031196594238,65206726,0.003170299707157
2023-04-11,601985SS,6.322610105092599,6.332190036773682,6.2459724788290725,6.332190036773682,57903002,0.0028151983935539
2023-04-12,601985SS,6.332190246006023,6.5142048427942845,6.293871431608106,6.437566757202148,95603697,0.0046481765178983
2023-04-13,601985SS,6.437566667287395,6.562103040739355,6.408827785288508,6.45672607421875,76304486,0.0037098640655654
2023-04-14,601985SS,6.466305847000965,6.533363998009118,6.427987034080958,6.495045185089111,71772610,0.003489527820564
2023-04-17,601985SS,6.495045214278735,6.610001653555385,6.418407131298017,6.590842247009277,108571139,0.0052786433438999
2023-04-18,601985SS,6.581262471601506,6.581262471601506,6.495045368495048,6.504624843597412,66350053,0.0032258873662167
2023-04-19,601985SS,6.48546534714051,6.638740601034527,6.475885872170278,6.523784160614014,94537610,0.0045963442068587
2023-04-20,601985SS,6.514204685643782,6.571682905854039,6.4375666019004845,6.523784160614014,87093110,0.0042343984749119
2023-04-21,601985SS,6.523784317995615,6.60042194679145,6.427987282000819,6.437566757202148,82256352,0.0039992391069812
2023-04-24,601985SS,6.418406718497489,6.552523012490829,6.408827244238682,6.475885391235352,86978075,0.0042288055637325
2023-04-25,601985SS,6.504624843597412,6.581262471601506,6.408827808592295,6.504624843597412,82075807,0.0039904611511514
2023-04-26,601985SS,6.485465413013931,6.552523565671823,6.380088446493327,6.45672607421875,86190295,0.0041905043200341
2023-04-27,601985SS,6.370509082979675,6.523784341114522,6.226813300080104,6.4854655265808105,122964438,0.0059784342152392
2023-04-28,601985SS,6.504625070286822,6.610002040863037,6.447146847280608,6.610002040863037,102362269,0.0049767729702398
2023-05-04,601985SS,6.581262027739557,6.868653570168572,6.571682553283265,6.859073638916016,190610630,0.0092673388397084
2023-05-05,601985SS,6.849494728051052,6.878233610580892,6.734538284339085,6.792016506195068,103907363,0.0050518942246903
2023-05-08,601985SS,6.782436889271274,7.021929719863036,6.763277481095787,6.926132678985596,168925325,0.0082130163747051
2023-05-09,601985SS,6.954871696518506,7.012349918374489,6.792016506195068,6.792016506195068,130878009,0.0063631858100957
2023-05-10,601985SS,6.763276786261451,6.916552035918416,6.753697311556029,6.8207550048828125,113045283,0.0054961727044904
2023-05-11,601985SS,6.820754827498315,6.99318993567423,6.772856541624322,6.859073638916016,90329479,0.0043917481890035
2023-05-12,601985SS,6.887812975877423,6.99318993567423,6.811175353042022,6.859073638916016,101287821,0.0049245341539594
2023-05-15,601985SS,6.897393087098561,6.935711902053841,6.648320789889247,6.724958419799805,179529049,0.0087285610915488
2023-05-16,601985SS,6.74411716444812,6.801595381231931,6.686638947664309,6.715378284454346,75036156,0.0036481988590102
2023-05-17,601985SS,6.705798655574404,6.859073907241295,6.667479842657682,6.801595687866211,70471254,0.0034262569158769
2023-05-18,601985SS,6.80159607209134,6.878233702254078,6.724958441928601,6.772857189178467,78751454,0.0038288337242141
2023-05-19,601985SS,6.763276910584439,6.763276910584439,6.629161064669268,6.638740539550781,79885296,0.0038839602300375
2023-05-22,601985SS,6.629160730880499,6.763276570042724,6.629160730880499,6.715378284454346,68368452,0.003324020337325
2023-05-23,601985SS,6.715378896686672,6.734538304028013,6.571683113228457,6.581262588500977,66310700,0.0032239740543234
2023-05-24,601985SS,6.562102879300982,6.600421692220989,6.485465253460968,6.495045185089111,60198214,0.002926789794899
2023-05-25,601985SS,6.495045774040548,6.629161631421799,6.466306433346404,6.571683406829834,63293714,0.00307729056906
2023-05-26,601985SS,6.581262344067696,6.696218783846173,6.552523462521219,6.686639308929443,64368635,0.0031295523822281
2023-05-29,601985SS,6.657900198401473,6.830335320765724,6.657900198401473,6.792016506195068,72082638,0.003504601137964
2023-05-30,601985SS,6.792016326670448,6.868653953786096,6.724958174546112,6.830335140228272,74812155,0.0036373081066558
2023-05-31,601985SS,6.811175408908377,6.820754883443242,6.734537785444383,6.744117259979248,52069599,0.00253158292998
2023-06-01,601985SS,6.7536973702784575,6.830334995773293,6.677059287987341,6.705798625946045,69438110,0.0033760262675746
2023-06-02,601985SS,6.7249580974658185,6.734538029143616,6.610001658109958,6.638740539550781,63218871,0.0030736517612937
2023-06-05,601985SS,6.648320648324436,6.657900123461124,6.533364205906402,6.552523612976074,74594899,0.0036267452908939
2023-06-06,601985SS,6.562102737082275,6.5716826685027945,6.408827488724141,6.418406963348389,82966822,0.0040337815993146
2023-06-07,601985SS,6.408828167457144,6.46630639167873,6.380088826948191,6.427987575531006,49012666,0.0023829572530107
2023-06-08,601985SS,6.408827831555384,6.552523612976074,6.3992478996224,6.552523612976074,66504844,0.0032334131828321
2023-06-09,601985SS,6.533364027370952,6.619581128430298,6.504624689153648,6.590842247009277,61825880,0.0030059256350139
2023-06-12,601985SS,6.571682840463168,6.638740534976407,6.533364027370952,6.590842247009277,57899625,0.0028150342064713
2023-06-13,601985SS,6.571683113228457,6.638740810525001,6.475886076521748,6.581262588500977,63056449,0.0030657549314631
2023-06-14,601985SS,6.562103040739355,6.610001786465891,6.447146599151219,6.45672607421875,45603797,0.0022172207246588
2023-06-15,601985SS,6.466305847000965,6.495045185089111,6.380088289532808,6.495045185089111,84221370,0.0040947767358748
2023-06-16,601985SS,6.485465253460968,6.533363998009118,6.466305847000965,6.495045185089111,50073267,0.0024345228390472
2023-06-19,601985SS,6.504624270808028,6.504624270808028,6.418406718497489,6.475885391235352,48844834,0.0023747973932372
2023-06-20,601985SS,6.475885984697385,6.600421902252107,6.4279872386250565,6.552523612976074,58796087,0.0028586194834882
2023-06-21,601985SS,6.552523404469121,6.610001623849132,6.475885778629108,6.495045185089111,45552070,0.0022147057986226
2023-06-26,601985SS,6.466306433346404,6.600422290727655,6.43756709265226,6.571683406829834,68139579,0.0033128927121644
2023-06-27,601985SS,6.581262315338081,6.610001653555385,6.466305876061431,6.590842247009277,70749337,0.0034397770925143
2023-06-28,601985SS,6.571682810365876,6.830335025951894,6.571682810365876,6.801595687866211,132829469,0.0064580642596981
2023-06-29,601985SS,6.801596367464304,6.849495116794269,6.763277550718864,6.811176300048828,79057643,0.003843720392455
2023-06-30,601985SS,6.820755089483233,6.86865383399328,6.7345379888799455,6.753697395324707,53668501,0.0026093202870492
2023-07-03,601985SS,6.792016891676108,6.820755775837025,6.734538666557947,6.811176300048828,44684134,0.0021725074332786
2023-07-04,601985SS,6.820755274728347,6.820755274728347,6.724958239902782,6.763277053833008,37689601,0.0018324387427942
2023-07-05,601985SS,6.7345380783081055,6.820755180056273,6.705798739861191,6.7345380783081055,37334135,0.0018151562655892
2023-07-06,601985SS,6.734538309265302,6.897393043395203,6.724958377189029,6.887813568115234,113327715,0.0055099043260856
2023-07-07,601985SS,6.887813438587663,7.0794075085470896,6.849494624595777,7.069828033447266,144877475,0.0070438288308809
2023-07-10,601985SS,7.079407304545648,7.108146642609552,6.974030797502659,7.060247898101807,72458846,0.0035228920748871
2023-07-11,601985SS,7.050668602864522,7.060248077932299,6.926132229409363,7.021929264068604,48161715,0.0023415846850013
2023-07-12,601985SS,7.021929469478632,7.1273064390844985,6.983610654494009,7.079407691955566,63751750,0.003099559918953
2023-07-13,601985SS,7.079407575763418,7.088987507750495,6.993190471861224,7.002769947052002,59633115,0.0028993151261936
2023-07-14,601985SS,7.06161642074585,7.100847586708808,7.0027696718014125,7.06161642074585,47848574,0.002326360015991
2023-07-17,601985SS,7.032193318078154,7.120463675807594,7.022385292698265,7.07142448425293,38027986,0.0018488907552201
2023-07-18,601985SS,7.091040345991911,7.1008479040848105,7.002769984793773,7.012578010559082,35497359,0.0017258536618223
2023-07-19,601985SS,7.022385187774543,7.042000770568848,6.963538439391628,7.042000770568848,33260517,0.0016171001639461
2023-07-20,601985SS,7.042000844342814,7.05180886967891,6.914499788680288,6.924307346343994,41500225,0.0020177082831064
2023-07-21,601985SS,6.924307860623679,6.983154613993733,6.914500302231548,6.934115886688232,29763741,0.0014470896664279
2023-07-24,601985SS,6.934115637754497,7.032193556516938,6.904692028289561,7.002769947052002,29732292,0.001445560640795
2023-07-25,601985SS,7.042000844342814,7.05180886967891,6.894884205680484,6.924307346343994,81613269,0.0039679729175611
2023-07-26,601985SS,6.924307714662294,7.061616802964672,6.894884572433706,7.032193660736084,69876455,0.0033973382565423
2023-07-27,601985SS,7.032193413201516,7.238157272241323,7.012577829848792,7.1008477210998535,83651578,0.0040670738972023
2023-07-28,601985SS,7.100847388911327,7.179310186324012,7.071424249094898,7.140079021453857,59615015,0.0028984351184364
2023-07-31,601985SS,7.1302715671276085,7.1891183191431045,7.0910403991172775,7.16950273513794,57439240,0.0027926506500468
2023-08-01,601985SS,7.257773029827074,7.287196171726307,7.091040333490065,7.1498870849609375,103617469,0.0050377998065269
2023-08-02,601985SS,7.110655544185107,7.120463569418451,6.983154022185933,7.042000770568848,62294528,0.0030287109319963
2023-08-03,601985SS,7.042001306844735,7.208734007129865,7.002770138268519,7.1989264488220215,72800520,0.0035395039959049
2023-08-04,601985SS,7.2087339031482704,7.2479650711586014,7.159695176971563,7.16950273513794,72181043,0.0035093855116294
2023-08-07,601985SS,7.169502758688671,7.365659067057081,7.149887174619071,7.316619873046875,90459918,0.0043980900305415
2023-08-08,601985SS,7.306811400010482,7.375466173888723,7.267580234272168,7.326426982879639,56152757,0.0027301028589161
2023-08-09,601985SS,7.336235471509692,7.336235471509692,7.1400796304288505,7.17931079864502,74688994,0.0036313201157508
2023-08-10,601985SS,7.179310417889327,7.247964724790323,7.130271226383709,7.208733558654785,38846929,0.0018887071194565
2023-08-11,601985SS,7.228349568957501,7.238157594907289,7.042001284963298,7.051809310913086,51336003,0.0024959160697243
2023-08-14,601985SS,7.01257803517876,7.198926316322164,6.992962451251687,7.159695148468018,64137030,0.0031182919293774
2023-08-15,601985SS,7.179310930064716,7.267580826330697,7.140079761130408,7.218542098999023,47082629,0.0022891203728106
2023-08-16,601985SS,7.198926037600939,7.218541620768556,7.061616487755235,7.081232070922852,45591900,0.0022166423018805
2023-08-17,601985SS,7.042001008669354,7.120463810171901,6.983154258296743,7.110655784606934,40189943,0.0019540034033231
2023-08-18,601985SS,7.1008476922302215,7.179310492994514,7.081232108957247,7.091040134429932,36736700,0.0017861094460089
2023-08-21,601985SS,7.091040201149396,7.189118118437081,7.081232175584428,7.110655784606934,49281064,0.0023960065525692
2023-08-22,601985SS,7.100847796879551,7.169502573182964,7.0714246553726605,7.120463848114014,44685210,0.0021725597475519
2023-08-23,601985SS,7.110655917313689,7.267580587902683,7.091040333490065,7.1498870849609375,73957731,0.0035957666841193
2023-08-24,601985SS,7.140079127410343,7.189117850389568,6.855652476372355,6.89488410949707,124520633,0.0060540951915744
2023-08-25,601985SS,6.87526868149908,7.140079288098092,6.87526868149908,7.081232070922852,115094403,0.0055957993064445
2023-08-28,601985SS,7.316619467177464,7.336235050158943,7.042000837764371,7.06161642074585,85340360,0.0041491811491452
2023-08-29,601985SS,7.042001152510188,7.110655929850119,6.992962426700874,7.012578010559082,64255031,0.0031240290451428
2023-08-30,601985SS,7.022385849276278,7.061617018560424,6.943923510707983,6.953731536865234,44704047,0.0021734755876692
2023-08-31,601985SS,6.953730948183909,7.071424446072783,6.953730948183909,7.06161642074585,51507041,0.0025042318026951
2023-09-01,601985SS,7.061616487755235,7.110655679510471,7.022385321420003,7.081232070922852,41757423,0.0020302130474781
2023-09-04,601985SS,7.081232373278489,7.179310760976729,7.071424815112112,7.16950273513794,51567261,0.0025071596517082
2023-09-05,601985SS,7.169502161270286,7.169502161270286,7.091039831529976,7.140079021453857,29779600,0.0014478607185285
2023-09-06,601985SS,7.120463675807594,7.169502399689868,7.06161645887304,7.07142448425293,29908949,0.0014541495651242
2023-09-07,601985SS,7.06161642074585,7.110655612035741,7.042000837764371,7.06161642074585,42302921,0.0020567347309875
2023-09-08,601985SS,7.06161662975543,7.140079431676074,7.03219348824854,7.120463848114014,31497200,0.0015313690789546
2023-09-11,601985SS,7.120464008961233,7.2087339031482704,7.120464008961233,7.16950273513794,50225255,0.0024419123760084
2023-09-12,601985SS,7.159694901293392,7.25777281754281,7.149886875832253,7.228349208831787,46886107,0.0022795656278132
2023-09-13,601985SS,7.238157234292926,7.25777281754281,7.149886875832253,7.228349208831787,40787971,0.0019830790540968
2023-09-14,601985SS,7.228349510897469,7.316619873046875,7.208733926827869,7.316619873046875,66471204,0.0032317776325033
2023-09-15,601985SS,7.306811473993631,7.346042640129168,7.189117975587016,7.208733558654785,62475377,0.0030375036680668
2023-09-18,601985SS,7.228349313379277,7.277388506049463,7.179310588381492,7.257772922515869,33958382,0.0016510298110984
2023-09-19,601985SS,7.25777305508609,7.306811780979614,7.218541887302306,7.297004222869873,42163060,0.0020499347992237
2023-09-20,601985SS,7.316620021334794,7.316620021334794,7.189118488462081,7.218542098999023,28600704,0.001390543722678
2023-09-21,601985SS,7.238157683466177,7.267580826330697,7.159695345597561,7.218542098999023,40055195,0.0019474520615959
2023-09-22,601985SS,7.218541351194167,7.247964491010596,7.130270996400131,7.140079021453857,48097849,0.0023384795703373
2023-09-25,601985SS,7.1498871886466855,7.247965109187106,7.1400796304288505,7.17931079864502,46862126,0.0022783996904637
2023-09-26,601985SS,7.189118356862854,7.238157550969271,7.159695214536935,7.17931079864502,25928187,0.001260608049133
2023-09-27,601985SS,7.1891183191431045,7.2479650711586014,7.140079592966398,7.16950273513794,45852481,0.0022293115450501
2023-09-28,601985SS,7.189118290522423,7.208733874449495,7.12046398061387,7.159695148468018,29761564,0.001446983822401
2023-10-09,601985SS,7.149887319527773,7.218542098999023,7.1106561505934645,7.218542098999023,32153581,0.0015632818066705
2023-10-10,601985SS,7.198926105632889,7.257772855691856,7.169502496767207,7.238157272338867,37179649,0.0018076452778338
2023-10-11,601985SS,7.247964907431206,7.257772933048437,7.120463848114014,7.120463848114014,41273000,0.002006660782409
2023-10-12,601985SS,7.140079383974421,7.257772884560494,7.140079383974421,7.247964859008789,48696048,0.0023675635349964
2023-10-13,601985SS,7.228349313379277,7.277388506049463,7.189118146312088,7.257772922515869,36757709,0.001787130887057
2023-10-16,601985SS,7.238157131529754,7.346042604036221,7.228349106207864,7.336235046386719,57862063,0.0028132079715887
2023-10-17,601985SS,7.346042709146346,7.434313067616815,7.287195959390164,7.365658760070801,53372842,0.0025949455791223
2023-10-18,601985SS,7.365658721975221,7.434313029166151,7.346042671152221,7.355850696563721,43666730,0.0021230420513906
2023-10-19,601985SS,7.365658759253366,7.37546631704211,7.228349208831787,7.228349208831787,46543676,0.002262916902051
2023-10-20,601985SS,7.257773201686346,7.277388785974455,7.169502838553649,7.1989264488220215,46283117,0.0022502487285041
2023-10-23,601985SS,7.189118226536844,7.208733810289332,6.953731221506985,7.002769947052002,62368324,0.0030322988354464
2023-10-24,601985SS,7.002769907280687,7.198926211363932,6.91450001473201,7.130271434783936,56759720,0.0027596129223589
2023-10-25,601985SS,7.15969525799866,7.1695028162760295,7.042001284963298,7.051809310913086,34803214,0.0016921048781428
2023-10-26,601985SS,7.042001140094801,7.179310694532578,7.002769972447552,7.1498870849609375,36762429,0.0017873603697428
2023-10-27,601985SS,7.159694938830425,7.1989261055358735,7.09104016325969,7.1008477210998535,57636442,0.0028022384561091
2023-10-30,601985SS,7.100848124523676,7.257773267933332,7.081232540056522,7.218542098999023,57552583,0.0027981612975175
2023-10-31,601985SS,7.238157405266419,7.306811714426507,7.198926237839967,7.277388572692871,54554142,0.0026523794555611
2023-11-01,601985SS,7.277388259542939,7.346042565748795,7.238157093804626,7.326426982879639,46051800,0.0022390022779867
2023-11-02,601985SS,7.336235285661063,7.3460428436304435,7.257772951216411,7.267580509185791,30054509,0.0014612265777835
2023-11-03,601985SS,7.277388400792693,7.37546631704211,7.218541651043043,7.228349208831787,48343082,0.0023504026058242
2023-11-06,601985SS,7.238157135251548,7.267580275887572,7.022385254782892,7.06161642074585,126155378,0.0061335752070988
2023-11-07,601985SS,7.061616353363153,7.091039961390802,6.992962047419277,7.042000770568848,64848845,0.0031528998145524
2023-11-08,601985SS,7.04200090458762,7.110655679510471,7.022385321420003,7.081232070922852,41650274,0.0020250035474133
2023-11-09,601985SS,7.071424551156958,7.140079326448565,7.042000942411298,7.091040134429932,39468922,0.0019189479296722
2023-11-10,601985SS,7.0714246553726605,7.140079431676074,7.012577904686479,7.120463848114014,41215766,0.0020038781103663
2023-11-13,601985SS,7.130271475279379,7.140079500991827,6.983154363299514,7.002769947052002,69956562,0.0034012329958463
2023-11-14,601985SS,7.002769984793773,7.071424762133704,6.983154400935566,7.012578010559082,51299426,0.0024941377247667
2023-11-15,601985SS,7.03219352772644,7.05180911139862,6.95373119303772,6.99296236038208,51589222,0.0025082273782471
2023-11-16,601985SS,6.983154268111432,7.022385435081644,6.943923101141219,6.973346710205078,41447877,0.0020151631645389
2023-11-17,601985SS,6.983154095343404,7.002769678343207,6.924307346343994,6.924307346343994,40530111,0.001970542103806
2023-11-20,601985SS,6.924307860623679,7.002770198450418,6.894884717774863,6.934115886688232,45550278,0.0022146186729927
2023-11-21,601985SS,6.934115438762408,6.983154162900134,6.924307413331427,6.943922996520996,31397259,0.0015265100261778
2023-11-22,601985SS,6.943922832476296,6.95373085767557,6.89488410949707,6.89488410949707,38436174,0.0018687365345783
2023-11-23,601985SS,6.8948840418537936,6.914499624387518,6.845844851683292,6.875268459320068,39710867,0.0019307111051864
2023-11-24,601985SS,6.885075939613034,6.943922686554913,6.845844774985115,6.855652332305908,45267041,0.002200847912931
2023-11-27,601985SS,6.855652913027638,6.924307690778222,6.796806161101028,6.885076522827148,59617598,0.0028985607018639
2023-11-28,601985SS,6.875268793613436,6.885076351520978,6.796805991991094,6.8360371589660645,40984590,0.0019926385151579
2023-11-29,601985SS,6.816421306397513,6.885076079729736,6.747767000737672,6.757574558258057,73157823,0.0035568757866044
2023-11-30,601985SS,6.777190145467689,6.89488410949707,6.757574562741523,6.89488410949707,86633630,0.0042120589188752
2023-12-01,601985SS,6.875268755332,6.963538646697998,6.875268755332,6.963538646697998,60412055,0.0029371865760482
2023-12-04,601985SS,6.963538684626325,6.9929622936901845,6.924307517656112,6.973346710205078,38670968,0.0018801520340996
2023-12-05,601985SS,6.9635384152024615,7.002769580654795,6.885076084297796,6.89488410949707,48802787,0.0023727531011838
2023-12-06,601985SS,6.875268764644429,6.885076322510647,6.737959213138186,6.826229572296143,53323265,0.0025925351843943
2023-12-07,601985SS,6.816421613242705,6.885076389665462,6.806614055280827,6.8458452224731445,36993188,0.0017985796907393
2023-12-08,601985SS,6.85565297875892,6.914500198922163,6.796806226268093,6.90469217300415,44992085,0.002187479768573
2023-12-11,601985SS,6.894884133447753,7.042000770568848,6.855652500186759,7.042000770568848,80405547,0.0039092544242737
2023-12-12,601985SS,7.032193748536892,7.218542033110129,7.022385722556628,7.1989264488220215,87705941,0.0042641938358971
2023-12-13,601985SS,7.198926316322164,7.228349458376569,7.140079564540944,7.159695148468018,48539304,0.0023599427650578
2023-12-14,601985SS,7.179310694532578,7.198926278356202,7.100847891565673,7.1498870849609375,48263899,0.0023465527906731
2023-12-15,601985SS,7.149886777998699,7.179310386307112,7.042000837764371,7.06161642074585,42490807,0.0020658696004606
2023-12-18,601985SS,7.051808894112633,7.238157167092634,7.012577727977095,7.208733558654785,84925679,0.0041290196852363
2023-12-19,601985SS,7.208733940970938,7.228349525079022,7.1400796304288505,7.17931079864502,51981204,0.0025272852346377
2023-12-20,601985SS,7.208733625581903,7.277388400792693,7.198926067793159,7.228349208831787,66370778,0.0032268949994082
2023-12-21,601985SS,7.228349141722554,7.2773883332281715,7.159694834821558,7.208733558654785,58051673,0.0028224266605852
2023-12-22,601985SS,7.208733625581903,7.277388400792693,7.198926067793159,7.228349208831787,48658608,0.0023657432316578
2023-12-25,601985SS,7.208733352498435,7.306811265032435,7.179310212574424,7.287195682525635,52517100,0.0025533400764629
2023-12-26,601985SS,7.277388125108423,7.326426847539235,7.2479645175120355,7.287195682525635,43329200,0.0021066316083919
2023-12-27,601985SS,7.27738829747254,7.385274237651394,7.257772714501147,7.336235046386719,73926867,0.0035942661007261
2023-12-28,601985SS,7.3558508017155555,7.3852744106982735,7.1891181087157525,7.247964859008789,95683314,0.004652047433788
2023-12-29,601985SS,7.238157197660075,7.375466279714328,7.228349172248575,7.355850696563721,65743223,0.0031963837691293
2024-01-02,601985SS,7.365658845577693,7.620661430814767,7.365658845577693,7.53239107131958,92164060,0.0044809440735976
2024-01-03,601985SS,7.542199049808323,7.81681721681068,7.512775440936157,7.797201633453369,168390460,0.0081870116592887
2024-01-04,601985SS,7.767778558654099,7.83643286715536,7.679508198955448,7.816817283630371,100972401,0.0049091986817624
2024-01-05,601985SS,7.807009591895746,7.875663899220306,7.6991236505212175,7.777585983276367,107555062,0.0052292424797076
2024-01-08,601985SS,7.75797040008758,7.83643273284273,7.748162842329383,7.777585983276367,84427541,0.0041048006076595
2024-01-09,601985SS,7.797201804012275,7.885472164887233,7.699123885080326,7.846240997314453,89247962,0.0043391656835057
2024-01-10,601985SS,7.836432905111248,7.885472097997444,7.718739403391264,7.826625347137451,101445501,0.0049322004314815
2024-01-11,601985SS,7.807009909032046,7.816817467188646,7.689316405118376,7.7285475730896,95477499,0.0046420408704431
2024-01-12,601985SS,7.718739366005425,7.856048918352751,7.699123782480437,7.816817283630371,82964064,0.0040336475075249
2024-01-15,601985SS,7.816817254850634,7.944319248802232,7.78739411350768,7.807009696960449,64244019,0.0031234936503681
2024-01-16,601985SS,7.797201700105382,7.816817283630371,7.708931808079132,7.816817283630371,69178794,0.0033634185277095
2024-01-17,601985SS,7.807009658968223,7.914895133597236,7.787394075610912,7.797201633453369,82778908,0.0040246453685035
2024-01-18,601985SS,7.7775860213049,7.816817187874297,7.542199021888524,7.787394046783447,114957377,0.0055891372101498
2024-01-19,601985SS,7.75797026577154,7.826625039579853,7.70893154248479,7.738354682922363,64725449,0.0031469003981323
2024-01-22,601985SS,7.7383550387643165,7.797201790017868,7.50296803375011,7.561814785003662,92966572,0.0045199615755435
2024-01-23,601985SS,7.5421988978242736,7.640276812634446,7.404889817090032,7.610853672027588,71356242,0.0034692843360427
2024-01-24,601985SS,7.630469510937476,7.865856982049849,7.591237876025078,7.826625347137451,107249864,0.005214403993107
2024-01-25,601985SS,7.82662526149456,8.08162784576416,7.82662526149456,8.08162784576416,123168045,0.0059883334273615
2024-01-26,601985SS,8.032588728707449,8.120859088695136,7.944319304064567,8.10124397277832,101062188,0.0049135640550493
2024-01-29,601985SS,8.091436004362485,8.287591841641703,8.022781695150961,8.120859146118164,119356032,0.0058029963549623
2024-01-30,601985SS,8.07181908230707,8.287590947712697,8.042395943725074,8.140474319458008,108016040,0.0052516548673255
2024-01-31,601985SS,8.091436516523357,8.258169222600518,8.081628490202377,8.130667686462402,101228131,0.0049216320731293
2024-02-01,601985SS,8.081627711569434,8.169898069264004,8.012973404626893,8.042396545410156,92824146,0.0045130369354981
2024-02-02,601985SS,8.04239675433826,8.23855259023045,7.934511278433757,8.10124397277832,118014342,0.0057377644429339
2024-02-05,601985SS,8.071820214625276,8.258168967589986,8.012973929206305,8.199321746826172,151787784,0.007379802616761
2024-02-06,601985SS,8.169898109308074,8.307207659210947,8.081627751180854,8.18951416015625,135771673,0.0066011119029672
2024-02-07,601985SS,8.169898515469365,8.179706541381051,7.934511505657855,8.032588958740234,160064566,0.0077822132446279
2024-02-08,601985SS,8.04239662148673,8.081627788017112,7.865856839772404,8.062012672424316,133609667,0.0064959968725228
2024-02-19,601985SS,8.062013039141132,8.454324722290039,8.02278187082624,8.454324722290039,147740594,0.0071830314236818
2024-02-20,601985SS,8.454324379122399,8.787789763935766,8.434709263433563,8.630865097045898,134520259,0.0065402691390209
2024-02-21,601985SS,8.630864690608972,8.709327020359028,8.464132006053914,8.513171195983887,117023858,0.0056896078902625
2024-02-22,601985SS,8.503364004217497,8.640673562408145,8.464132835498004,8.621057510375977,82905037,0.004030777661233
2024-02-23,601985SS,8.621056937439908,8.738750435776742,8.542594605215353,8.591633796691895,96467397,0.0046901689322556
2024-02-26,601985SS,8.591633278540753,8.611248392741537,8.287591057998437,8.307207107543945,143731678,0.0069881210823649
2024-02-27,601985SS,8.267976949453399,8.415093597560002,8.209129729003855,8.326823234558105,107694995,0.0052360459120548
2024-02-28,601985SS,8.307208630534554,8.444517261147507,8.199322208944496,8.336631774902344,118118139,0.0057428109713963
2024-02-29,601985SS,8.287591296443912,8.552402360858915,8.287591296443912,8.513171195983887,106287009,0.0051675907406745
2024-03-01,601985SS,8.483747153140808,8.562209483189793,8.36605365806733,8.385669708251953,88503189,0.0043029554063052
2024-03-04,601985SS,8.356247438265749,8.807405415343858,8.346439412152352,8.787790298461914,135596976,0.0065926182722957
2024-03-05,601985SS,8.777981018879188,8.934905672905789,8.709326716578731,8.836828231811523,119850408,0.0058270325270594
2024-03-06,601985SS,8.856444168183128,8.944714528104871,8.758366717982705,8.797597885131836,95748721,0.0046552274706594
2024-03-07,601985SS,8.768173505224468,8.934906193682021,8.748558390000223,8.846636772155762,76894129,0.0037385320442372
2024-03-08,601985SS,8.846637130960922,9.101639251287205,8.836829105278616,9.091832160949709,128821633,0.0062632064271313
2024-03-11,601985SS,9.121254774370088,9.180101054366062,8.728942187902968,8.807404518127441,180661273,0.0087836089314854
2024-03-12,601985SS,8.777982231184842,8.817213400109614,8.35624739907977,8.493556022644043,213741688,0.0103919526779132
2024-03-13,601985SS,8.434709358046725,8.542594833907474,8.405285281166226,8.522978782653809,96946378,0.004713456611567
2024-03-14,601985SS,8.513171634874556,8.572017917548502,8.434709301079428,8.503363609313965,95583553,0.0046471971324696
2024-03-15,601985SS,8.47394006339325,8.542594368349924,8.356246568319772,8.385669708251953,128708457,0.0062577038990692
2024-03-18,601985SS,8.375861651248913,8.572017475624055,8.346438511428829,8.513171195983887,113944536,0.0055398936777311
2024-03-19,601985SS,8.513171090384821,8.513171090384821,8.336630382964666,8.34643840789795,102170069,0.0049674283574813
2024-03-20,601985SS,8.346439243260297,8.532787058919821,8.267976906630516,8.454324722290039,132786676,0.0064559836977118
2024-03-21,601985SS,8.45432441685581,8.532786750650939,8.385670108621273,8.503363609313965,101657670,0.0049425159213064
2024-03-22,601985SS,8.513171728091367,8.709327564727037,8.493555676755395,8.670096397399902,133779516,0.0065042547972492
2024-03-25,601985SS,8.670096705111552,8.728942990518371,8.591634367672567,8.621057510375977,91003877,0.0044245368890819
2024-03-26,601985SS,8.640673180148362,8.679904347132284,8.522978743851793,8.650480270385742,90865378,0.0044178031766863
2024-03-27,601985SS,8.65048091486436,8.777982450897435,8.601442653989606,8.699520111083984,85170185,0.0041409073745553
2024-03-28,601985SS,8.650480232147332,8.797597809195327,8.581825924065146,8.777981758117676,86144492,0.0041882774142163
2024-03-29,601985SS,8.7583664942835,9.023176631940355,8.748558468910526,9.013368606567385,75270663,0.0036596004048174
2024-04-01,601985SS,9.02317605312381,9.042792102611434,8.679903605192875,8.70932674407959,150641619,0.0073240769763745
2024-04-02,601985SS,8.689711208452419,8.80740470630373,8.660288067825785,8.719135284423828,78048688,0.0037946657942984
2024-04-03,601985SS,8.689711266163746,8.748558483152614,8.55240265209769,8.738750457763672,102763248,0.0049962682536907
2024-04-08,601985SS,8.709327556161584,9.42529659301384,8.689711504844905,9.366450309753418,253457657,0.012322911838325
2024-04-09,601985SS,9.31741113957388,9.31741113957388,9.003561800498575,9.091832160949709,157184834,0.0076422029408397
2024-04-10,601985SS,9.052600131098837,9.38606552422333,9.01336896339859,9.258563995361328,146101103,0.007103320661372
2024-04-11,601985SS,9.209525108337402,9.307602553218018,9.131062778295007,9.209525108337402,81832715,0.0039786422093998
2024-04-12,601985SS,9.209526165318657,9.268372451931889,9.013369382354918,9.101639747619627,101346765,0.0049273999648566
2024-04-15,601985SS,9.091831713061737,9.454720227326902,9.082023687862598,9.37625789642334,155481761,0.0075594008717224
2024-04-16,601985SS,9.337026900587167,9.435104348325906,9.11144699363299,9.28798770904541,142764317,0.0069410887517581
2024-04-17,601985SS,9.238948482042526,9.435104312111893,9.131063009340568,9.415489196777344,123715076,0.0060149296441246
2024-04-18,601985SS,9.366450041374312,9.55279784681926,9.1997173513392,9.28798770904541,136040412,0.0066141777816774
2024-04-19,601985SS,9.2389483834564,9.337026765116908,9.189909192626148,9.248756408691406,98668540,0.0047971867728432
2024-04-22,601985SS,9.346834743322804,9.4252970819703,9.072216558056573,9.229141235351562,137876537,0.0067034487343365
2024-04-23,601985SS,9.16048612211488,9.17029414742467,8.974137382607957,8.993753433227539,107074888,0.005205896797675
2024-04-24,601985SS,8.993753364649905,9.268371523816649,8.974137314179895,9.248756408691406,110209371,0.0053582928946204
2024-04-25,601985SS,9.24875657936792,9.307602861174358,9.131063080410255,9.160486221313477,58108333,0.0028251814251996
2024-04-26,601985SS,9.140870917143404,9.219333256190955,9.042793461006395,9.101639747619627,94155520,0.0045777672917241
2024-04-29,601985SS,8.99375368123594,8.99375368123594,8.719135512402458,8.92509937286377,213081637,0.0103598615176852
2024-04-30,601985SS,8.876060628554134,9.101639616223036,8.876060628554134,9.062408447265623,126083609,0.0061300858547936
2024-05-06,601985SS,9.06240743486646,9.111446624421063,8.925098826527261,9.042792320251465,121094013,0.0058874956235707
2024-05-07,601985SS,9.052600467001524,9.09183257150232,8.8858686995974,8.934906959533691,106924228,0.0051985718270289
2024-05-08,601985SS,8.895674782491644,8.974137111913697,8.876059667808505,8.915290832519531,73566779,0.0035767589055182
2024-05-09,601985SS,8.90548294240572,8.96433015803605,8.807404561470094,8.954522132873535,98287896,0.0047786801610908
2024-05-10,601985SS,8.954522704536439,9.003561898134949,8.885868394705417,8.983945846557617,99085756,0.0048174714864573
2024-05-13,601985SS,8.954523095741687,9.17029499579488,8.944715069524527,9.101639747619627,128522818,0.0062486782769679
2024-05-14,601985SS,9.101638735513715,9.11144676064022,8.974137214903452,9.082023620605469,81408137,0.0039579995611388
2024-05-15,601985SS,9.072216385450147,9.140870696624283,8.876060542563435,8.895675659179688,91957219,0.0044708876269401
2024-05-16,601985SS,8.885867557029586,8.93490581066041,8.836828368054029,8.876059532165527,79777712,0.003878729580615
2024-05-17,601985SS,8.866251967351882,9.062407798087476,8.856443941978908,9.013368606567385,100526740,0.0048875309946316
2024-05-20,601985SS,9.013369207885392,9.199717961024866,8.974138039121007,9.18990993499756,118673536,0.0057698139364962
2024-05-21,601985SS,9.189909058154427,9.258563363105331,9.12125475320352,9.209525108337402,82826906,0.0040269789934941
2024-05-22,601985SS,9.189909325961892,9.395873182161456,9.180101300584584,9.28798770904541,104731257,0.0050919513026507
2024-05-23,601985SS,9.307603321616533,9.484144046458791,9.209525868639034,9.297795295715332,118025186,0.0057382916696807
2024-05-24,601985SS,9.26837138819682,9.405680933443389,9.189909058154427,9.209525108337402,99236405,0.0048247959222921
2024-05-27,601985SS,9.209525640599214,9.474335785960731,9.180101563624197,9.366450309753418,126865484,0.0061681000020387
2024-05-28,601985SS,9.35664170559142,9.719530214410003,9.337026590832316,9.611644744873049,149874100,0.0072867608065528
2024-05-29,601985SS,9.582222480929603,9.611645623430071,9.493952118083358,9.592029571533203,84441473,0.0041054779705365
2024-05-30,601985SS,9.58222260083742,9.709723198383225,9.444913041875605,9.48414421081543,93447519,0.0045433448402279
2024-05-31,601985SS,9.484144389047152,9.513567532468748,9.346834827504932,9.3958740234375,119011703,0.0057862553499337
2024-06-03,601985SS,9.523374678252711,9.954917504802877,9.493951537551396,9.837224006652832,258916977,0.0125883396808036
2024-06-04,601985SS,9.886263541273788,9.98434192747621,9.74895398765936,9.935302734375,141238300,0.006866895006036
2024-06-05,601985SS,9.905879724679162,10.082419512713733,9.866648556744275,9.974534034729004,115525257,0.0056167470888868
2024-06-06,601985SS,9.954917907714844,10.229537016524567,9.905879649676152,9.954917907714844,181810004,0.0088394593287726
2024-06-07,601985SS,9.945110235772182,10.229536418350891,9.886263020084108,10.200112342834473,157327015,0.0076491156691779
2024-06-11,601985SS,10.219728949294264,10.317807335663154,9.9843419444227,10.082419395446776,167315403,0.0081347432339075
2024-06-12,601985SS,10.052995514963833,10.170689008751308,9.964725160787038,10.141265869140623,112315971,0.0054607141289437
2024-06-13,601985SS,10.160880818086769,10.406075826648806,10.131457678955847,10.229536056518556,141734582,0.0068910238463533
2024-06-14,601985SS,10.21972911163647,10.21972911163647,9.75876218493184,9.84703254699707,316703759,0.0153978875494108
2024-06-17,601985SS,9.78818481525412,9.896071223400243,9.719530508502787,9.837224006652832,148597053,0.007224671786317
2024-06-18,601985SS,9.837224404801312,9.964725933460509,9.690107759995602,9.954917907714844,110678774,0.0053811148991087
2024-06-19,601985SS,9.945111154610126,10.092227804405413,9.91568707637519,10.052996635437012,94830297,0.0046105744184843
2024-06-20,601985SS,10.043188564717454,10.209921265928248,10.003957395923434,10.180498123168944,100408401,0.0048817774455722
2024-06-21,601985SS,10.15107498040964,10.239344408687552,10.062804616786886,10.180498123168944,75246192,0.0036584106440535
2024-06-24,601985SS,10.160881650964786,10.396269589340866,10.131458509422076,10.337422370910645,126806621,0.0061652381292978
2024-06-25,601985SS,10.298191146421637,10.425692672856805,10.121650427458356,10.3178071975708,124335016,0.0060450706390958
2024-06-26,601985SS,10.268767626565406,10.366845072661974,10.209920410631652,10.347229957580566,78419784,0.0038127081898042
2024-06-27,601985SS,10.288383217825354,10.523770221765282,10.18049774152242,10.209920883178713,127845691,0.006215756895057
2024-06-28,601985SS,10.18049809127486,10.474732323980634,10.141266922603746,10.455116271972656,120711510,0.005868898628701
2024-07-01,601985SS,10.445307731587478,10.867043475542124,10.406076564848313,10.719926834106444,151507703,0.0073661852989358
2024-07-02,601985SS,10.641465197080503,10.827813017451264,10.57280994928508,10.788581848144531,123158303,0.0059878597789875
2024-07-03,601985SS,10.788581065464893,10.847428282828226,10.582617207710406,10.700310707092283,94541558,0.0045965361555121
2024-07-04,601985SS,10.700310783064465,10.778773116542798,10.651271590804306,10.719926834106444,73461506,0.0035716406150972
2024-07-08,601985SS,10.641464027216236,11.2005083622151,10.612039951962268,11.131854057312012,164833279,0.0080140643182029
2024-07-09,601985SS,11.141661984177947,11.298587591288758,11.03377650617504,11.239740371704102,134799128,0.0065538275303597
2024-07-10,601985SS,11.239740592177354,11.26916373487442,10.935698333158197,11.023968696594238,138006699,0.0067097771083524
2024-07-11,601985SS,10.984737312411966,11.24954839752568,10.886659860230637,11.239740371704102,127966518,0.0062216314087186
2024-07-12,601985SS,11.033775709575748,11.220123510008,10.89646616402136,11.004352569580078,177182671,0.0086144820395461
2024-07-15,601985SS,10.955313910353963,11.18089288682902,10.857235525154929,11.161277770996094,113011674,0.0054945386613572
2024-07-16,601985SS,11.22613977778143,11.515524676209283,11.156288545914876,11.465630531311035,132902912,0.006461635000566
2024-07-17,601985SS,11.45565163543195,11.61531309115698,11.256076005340253,11.345885276794434,129050398,0.0062743288014169
2024-07-18,601985SS,11.286013085794748,11.575397987909913,11.276034066357614,11.555439949035645,114437628,0.0055638674227586
2024-07-19,601985SS,11.525503720188777,11.705121309894608,11.485588594515074,11.675185203552246,121268290,0.0058959688341726
2024-07-22,601985SS,11.6252912234435,11.7350585343419,11.30597021352454,11.515524864196776,159697089,0.0077643468020543
2024-07-23,601985SS,11.455651050439808,11.794930080095972,11.425714945367682,11.69514274597168,146354368,0.0071156342063786
2024-07-24,601985SS,11.695143210910077,12.174124717712402,11.685164191605445,12.174124717712402,183215416,0.0089077893542985
2024-07-25,601985SS,12.134209098392017,12.263933489118608,11.974548602621324,12.194082260131836,154546527,0.007513930530575
2024-07-26,601985SS,12.12423101026336,12.144189049592674,11.814889013872552,11.98452854156494,206970874,0.010062761029165
2024-07-29,601985SS,11.884739646906343,12.004485021868556,11.75501525278437,11.874760627746582,130242421,0.0063322840216778
2024-07-30,601985SS,11.844824575239516,12.014464095112544,11.56541869906992,11.585375785827637,202819620,0.0098609303262934
2024-07-31,601985SS,11.515524666552112,11.53548270515534,10.98664901503818,11.006606101989746,379829846,0.018467028225636
2024-08-01,601985SS,10.976669690358284,11.266054580492574,10.906818460493618,11.076457977294922,216289240,0.0105158126514928
2024-08-02,601985SS,11.036543472901794,11.196203979649098,10.856924926985236,10.936755180358888,155644800,0.0075673276996075
2024-08-05,601985SS,10.826988220214844,10.99662773715105,10.687284808722785,10.826988220214844,157019050,0.0076341426532146
2024-08-06,601985SS,10.856924907530324,10.936755160760926,10.57751902122322,10.727200508117676,151406524,0.0073612660555733
2024-08-07,601985SS,10.72720003901553,11.116373220234872,10.697263933276089,10.956711769104004,190160630,0.0092454601938119
2024-08-08,601985SS,10.956711931595576,11.046521201797452,10.74715823666008,10.797051429748535,109254528,0.0053118691793233
2024-08-09,601985SS,10.74715850555217,10.817009738945002,10.637391194047224,10.767115592956545,81208285,0.0039482829141617
2024-08-12,601985SS,10.826988611160724,10.916796930735996,10.63739104931459,10.677306175231934,80561000,0.0039168124268082
2024-08-13,601985SS,10.6673270340849,10.86690361304536,10.637390927901494,10.797051429748535,71962609,0.0034987654224344
2024-08-14,601985SS,10.77709414576622,11.116373181812722,10.717220982842631,10.996627807617188,120138127,0.0058410211984343
2024-08-15,601985SS,10.996628448483722,11.126351897683572,10.896840155012782,11.066479682922363,98524906,0.0047902034007884
2024-08-16,601985SS,11.056499749315266,11.106393891926489,10.886860235428076,11.02656364440918,91644760,0.0044556961162331
2024-08-19,601985SS,11.03654359244848,11.305970462590036,10.986649445636576,11.276034355163574,118354248,0.0057542904051829
2024-08-20,601985SS,11.435694088600552,11.475609213014536,11.126351160653442,11.325927734375,158540731,0.0077081255860287
2024-08-21,601985SS,11.25607548154916,11.266054500502298,11.026563755536738,11.156288146972656,94965937,0.0046171691285496
2024-08-22,601985SS,11.096415683792534,11.455651823866692,11.056500557117628,11.395779609680176,128083376,0.0062273129527234
2024-08-23,601985SS,11.355863879592636,11.475609253254486,11.236118505930786,11.286012649536133,88484556,0.0043020494845075
2024-08-26,601985SS,11.256075670134075,11.335905919793408,11.086436151695082,11.206181526184082,81162798,0.0039460713720153
2024-08-27,601985SS,11.196203458715395,11.24609760266539,11.126351276524748,11.206181526184082,70121436,0.0034092490399875
2024-08-28,601985SS,11.206181859904408,11.48558869368446,11.186224772721074,11.345885276794434,115087061,0.0055954423441819
2024-08-29,601985SS,11.305969550770737,11.325927588546572,10.93675441678234,10.986648559570312,177300567,0.0086202140502941
2024-08-30,601985SS,10.92677570343209,11.096415222663731,10.807030328383576,10.916796684265137,170165476,0.0082733115404543
2024-09-02,601985SS,10.817009759059149,11.016585391732406,10.677306340362025,10.976670265197754,110907556,0.0053922380999209
2024-09-03,601985SS,10.936755271971624,11.016585526013982,10.377942542023426,10.397900581359863,233434790,0.0113494158007146
2024-09-04,601985SS,10.357984891811014,10.40787903579073,10.208302459871868,10.248218536376951,120252750,0.0058465940784978
2024-09-05,601985SS,10.248218991309562,10.357985351616303,10.2182819326018,10.268176078796388,64189740,0.0031208546481
2024-09-06,601985SS,10.278154338123564,10.38792069031124,10.048641663265458,10.068599700927734,93975352,0.0045690076653378
2024-09-09,601985SS,10.038664462617144,10.278155225327469,10.018706423232103,10.148430824279783,110234359,0.0053595077915175
2024-09-10,601985SS,10.148430782165905,10.258197143373035,10.038664420958773,10.188345909118652,76016553,0.0036958649896789
2024-09-11,601985SS,10.18834523978394,10.18834523978394,9.629532547505605,9.659469604492188,170545909,0.0082918078935528
2024-09-12,601985SS,9.629532430844169,9.82910900173033,9.619554363621155,9.779214859008787,93760846,0.0045585785524118
2024-09-13,601985SS,9.779214937666978,9.829109080789838,9.689405670376155,9.699384689331056,58976732,0.0028674023012393
2024-09-18,601985SS,9.709362639966011,9.918917277242697,9.67942653511266,9.819129943847656,65924126,0.0032051791306373
2024-09-19,601985SS,9.8490667761114,9.879002883175705,9.689406269566192,9.809151649475098,90610637,0.0044054178697212
2024-09-20,601985SS,9.819130504367706,9.998749047044477,9.779215378400831,9.968811988830566,139113735,0.0067636003275494
2024-09-23,601985SS,9.948855005371035,10.168387724651224,9.888981839970825,10.098536491394045,88589255,0.0043071398675002
2024-09-24,601985SS,10.168387684877496,10.6473701512506,10.068600345136373,10.5974760055542,148145445,0.0072027149607258
2024-09-25,601985SS,10.77709393188586,10.856924179765253,10.4278358836748,10.487709045410156,167096251,0.0081240882361176
2024-09-26,601985SS,10.477730176035676,10.607454568603838,10.377941888936588,10.577518463134766,146388540,0.0071172956221287
2024-09-27,601985SS,10.567540126514167,10.62741234131868,10.32804936399273,10.607455253601074,118110550,0.0057424420001881
2024-09-30,601985SS,10.6074547299906,11.385800145590046,10.527624479757408,11.126351356506348,468597083,0.0227828214379227
2024-10-08,601985SS,11.974548839373211,12.154167376492335,10.757136107574476,10.996627807617188,537832775,0.0261490063016194
2024-10-09,601985SS,10.926775331709514,10.926775331709514,10.308090439180338,10.318069458007812,263149242,0.0127941090747479
2024-10-10,601985SS,10.377942059055307,11.126351369611749,10.377942059055307,10.87688159942627,312615927,0.0151991403742726
2024-10-11,601985SS,10.876881846821972,11.016585263898,10.557560838250096,10.637391090393066,166350658,0.0080878380911623
2024-10-14,601985SS,10.63739078134116,10.836966405900238,10.557560531517527,10.707242012023926,154014958,0.0074880860640849
2024-10-15,601985SS,10.67730595914278,10.757136209361848,10.407879102566334,10.41785717010498,132516185,0.0064428326381403
2024-10-16,601985SS,10.328049119923358,10.477730605049103,10.298112061576871,10.387921333312988,85528572,0.0041583318684818
2024-10-17,601985SS,10.497688728075762,10.667327301806983,10.308091163635254,10.308091163635254,107565078,0.0052297294497461
2024-10-18,601985SS,10.258196407409446,10.567539332838525,10.208302264385193,10.447793960571287,148880489,0.0072384522216021
2024-10-21,601985SS,10.457772649960557,10.457772649960557,10.258197017642926,10.308091163635254,134198650,0.006524632762514
2024-10-22,601985SS,10.298112304938778,10.697264527459536,10.288134236905824,10.607455253601074,175946358,0.0085543734743368
2024-10-23,601985SS,10.607455108506468,10.657349254595545,10.447794602342766,10.517645835876465,131550239,0.0063958691037201
2024-10-24,601985SS,10.507666250437268,10.507666250437268,10.33802673386136,10.367963790893556,78992337,0.0038405452661241
2024-10-25,601985SS,10.367963718888983,10.397899824061644,10.09853591738018,10.198324203491213,176134793,0.0085635350357579
2024-10-28,601985SS,10.118494142690349,10.258196603851582,10.028684873857188,10.248218536376951,128552300,0.0062501116686086
2024-10-29,601985SS,10.258196524363692,10.36796383059884,10.19832431337328,10.328048706054688,128266739,0.0062362279174956
2024-10-30,601985SS,10.218281216356596,10.258196340184098,9.958832435652026,10.028684616088867,164715747,0.0080083500048485
2024-10-31,601985SS,10.028684845038146,10.058620950679291,9.938875576463069,10.038663864135742,102542857,0.0049855530166956
2024-11-01,601985SS,10.00872653959252,10.138450929442472,9.97879043475072,10.068599700927734,130076746,0.006324229033547
2024-11-04,601985SS,10.078579298978225,10.08855736673119,9.898960756301454,9.968811988830566,131971741,0.0064163621992815
2024-11-05,601985SS,9.938875576463069,10.038663864135742,9.898960451724326,10.038663864135742,164447248,0.0079952957947495
2024-11-06,601985SS,10.028685153606713,10.098536386135825,9.948854901672965,9.968811988830566,133990216,0.00651449886545
2024-11-07,601985SS,9.938875800910838,10.0686001971542,9.8989606752707,10.0486421585083,119640116,0.0058168082954975
2024-11-08,601985SS,10.078579445654904,10.27815507839376,10.03866431910713,10.058621406555176,163290924,0.0079390762317771
2024-11-11,601985SS,10.018706217537131,10.02868523702477,9.80915156655506,9.888981819152832,158110832,0.0076872242349349
2024-11-12,601985SS,9.859045880392864,9.9189180950359,9.689406352818107,9.729321479797363,162888999,0.0079195349545506
2024-11-13,601985SS,9.789193911333498,10.0685997792166,9.719341730624008,9.98876953125,206781255,0.0100535419025956
2024-11-14,601985SS,9.97879090148244,10.07857919115793,9.829109418620869,9.83908748626709,127887330,0.0062177813504714
2024-11-15,601985SS,9.839087900543117,10.008727429143145,9.769236665820172,9.898961067199709,129901383,0.0063157030224795
2024-11-18,601985SS,9.978791008235202,10.168387618664935,9.888981736896818,9.968811988830566,170457160,0.0082874929870091
2024-11-19,601985SS,9.97879059118202,10.018705715480682,9.82910911297494,9.908939361572266,119639745,0.0058167902577695
2024-11-20,601985SS,9.87900294384799,9.998749276144007,9.819130729351672,9.97879123687744,116437352,0.0056610924300622
2024-11-21,601985SS,9.958833298382135,10.198325013745846,9.94885523029958,10.108515739440918,144156413,0.0070087713638423
2024-11-22,601985SS,10.178366765578897,10.258197018512714,9.849066734313965,9.849066734313965,130330265,0.0063365549278337
2024-11-25,601985SS,9.839087586480048,9.869024644678603,9.390042181670058,9.509787559509276,198231751,0.0096378717456928
2024-11-26,601985SS,9.439936450993878,9.529745723465703,9.33017009111258,9.390042304992676,107628436,0.0052328098658499
2024-11-27,601985SS,9.40002101471671,9.469872245825222,9.340147851158235,9.459893226623535,77729635,0.0037791536885002
2024-11-28,601985SS,9.429957660707352,9.459893768375151,9.260318131170305,9.40002155303955,136973668,0.0066595519540212
2024-11-29,601985SS,9.3800627904004,9.489830096140071,9.340147666036415,9.40999984741211,106769056,0.0051910274864932
2024-12-02,601985SS,9.40999984741211,9.539999961853027,9.329999923706056,9.5,117007728,0.0056888236623552
2024-12-03,601985SS,9.510000228881836,9.850000381469728,9.470000267028809,9.789999961853027,184003557,0.0089461081495328
2024-12-04,601985SS,9.760000228881836,9.869999885559082,9.68000030517578,9.829999923706056,127708065,0.0062090656272344
2024-12-05,601985SS,9.789999961853027,9.90999984741211,9.699999809265137,9.789999961853027,84789506,0.0041223990611304
2024-12-06,601985SS,9.789999961853027,9.979999542236328,9.779999732971191,9.920000076293944,113188731,0.0055031470333716
2024-12-09,601985SS,9.899999618530272,10.020000457763672,9.859999656677246,9.989999771118164,95141282,0.0046256942644712
2024-12-10,601985SS,10.100000381469728,10.109999656677246,9.880000114440918,9.90999984741211,120612871,0.0058641028781397
2024-12-11,601985SS,9.890000343322754,9.9399995803833,9.8100004196167,9.869999885559082,84074957,0.0040876582510267
2024-12-12,601985SS,9.84000015258789,9.859999656677246,9.710000038146973,9.800000190734863,115937710,0.0056368002291889
2024-12-13,601985SS,9.779999732971191,9.8100004196167,9.670000076293944,9.68000030517578,101577985,0.0049386416993103
2024-12-16,601985SS,9.6899995803833,9.989999771118164,9.6899995803833,9.979999542236328,179807818,0.0087421146209664
2024-12-17,601985SS,9.979999542236328,10.15999984741211,9.979999542236328,10.050000190734863,153414472,0.0074588909072854
2024-12-18,601985SS,10.100000381469728,10.199999809265137,10.010000228881836,10.020000457763672,112355698,0.0054626456244226
2024-12-19,601985SS,9.979999542236328,10.050000190734863,9.90999984741211,9.93000030517578,82776196,0.0040245135131976
2024-12-20,601985SS,9.90999984741211,9.960000038146973,9.75,9.75,101925046,0.0049555155320291
2024-12-23,601985SS,9.760000228881836,10.359999656677246,9.699999809265137,10.329999923706056,315223651,0.015325925863143
2024-12-24,601985SS,10.300000190734863,10.380000114440918,10.1899995803833,10.359999656677246,164077569,0.0079773222926687
2024-12-25,601985SS,10.34000015258789,10.489999771118164,10.270000457763672,10.300000190734863,120381205,0.005852839459517
2024-12-26,601985SS,10.289999961853027,10.31999969482422,10.140000343322754,10.1899995803833,110043669,0.0053502365937708
2024-12-27,601985SS,10.1899995803833,10.40999984741211,10.119999885559082,10.380000114440918,150582705,0.0073212126240538
2024-12-30,601985SS,10.420000076293944,10.510000228881836,10.25,10.270000457763672,123412504,0.0060002188315775
2024-12-31,601985SS,10.279999732971191,10.579999923706056,10.260000228881836,10.43000030517578,204276812,0.0099317778546737
2025-01-02,601985SS,10.399999618530272,10.489999771118164,10.119999885559082,10.149999618530272,171008582,0.0083143026907369
2025-01-03,601985SS,10.210000038146973,10.289999961853027,9.989999771118164,10.020000457763672,118443028,0.0057586068189222
2025-01-06,601985SS,10.020000457763672,10.06999969482422,9.850000381469728,9.949999809265137,114109085,0.005547893920628
2025-01-07,601985SS,9.960000038146973,10.020000457763672,9.880000114440918,9.979999542236328,94605307,0.0045996355817282
2025-01-08,601985SS,9.960000038146973,10.289999961853027,9.890000343322754,10.1899995803833,156010999,0.0075851320068267
2025-01-09,601985SS,10.170000076293944,10.18000030517578,9.850000381469728,9.869999885559082,133346689,0.0064832110890993
2025-01-10,601985SS,9.829999923706056,9.84000015258789,9.420000076293944,9.43000030517578,188721478,0.009175489756036
2025-01-13,601985SS,9.270000457763672,9.31999969482422,9.010000228881836,9.3100004196167,217332023,0.0105665119403902
2025-01-14,601985SS,9.270000457763672,9.529999732971191,9.270000457763672,9.5,139489671,0.0067818780400465
2025-01-15,601985SS,9.5,9.710000038146973,9.369999885559082,9.600000381469728,129855422,0.0063134684348261
2025-01-16,601985SS,9.600000381469728,9.65999984741211,9.520000457763672,9.59000015258789,104593532,0.0050852552215261
2025-01-17,601985SS,9.59000015258789,9.59000015258789,9.31999969482422,9.43000030517578,128965375,0.0062701950500612
2025-01-20,601985SS,9.4399995803833,9.489999771118164,9.34000015258789,9.369999885559082,101300463,0.0049251487980515
2025-01-21,601985SS,9.399999618530272,9.420000076293944,9.3100004196167,9.380000114440918,73377595,0.0035675609283065
2025-01-22,601985SS,9.369999885559082,9.5,9.34000015258789,9.399999618530272,87370223,0.0042478714909125
2025-01-23,601985SS,9.460000038146973,9.68000030517578,9.449999809265137,9.5600004196167,143974299,0.0069999171244672
2025-01-24,601985SS,9.550000190734863,9.600000381469728,9.460000038146973,9.5600004196167,84974107,0.0041313742164885
2025-01-27,601985SS,9.5600004196167,9.850000381469728,9.550000190734863,9.760000228881836,131054736,0.0063717781377698
2025-02-05,601985SS,9.760000228881836,9.789999961853027,9.649999618530272,9.68000030517578,74024965,0.0035990355482931
2025-02-06,601985SS,9.6899995803833,9.770000457763672,9.579999923706056,9.760000228881836,73420467,0.0035696453312106
2025-02-07,601985SS,9.75,9.84000015258789,9.649999618530272,9.789999961853027,104852353,0.0050978388948807
2025-02-10,601985SS,9.739999771118164,9.859999656677246,9.670000076293944,9.779999732971191,81885496,0.0039812083800866
2025-02-11,601985SS,9.779999732971191,9.859999656677246,9.75,9.84000015258789,87709176,0.0042643511190515
2025-02-12,601985SS,9.800000190734863,9.920000076293944,9.760000228881836,9.829999923706056,78178829,0.0038009931473109
2025-02-13,601985SS,9.8100004196167,9.989999771118164,9.779999732971191,9.960000038146973,128256413,0.0062357258755011
2025-02-14,601985SS,9.979999542236328,10.029999732971191,9.90999984741211,9.960000038146973,68738754,0.0033420241291755
2025-02-17,601985SS,9.90999984741211,10.199999809265137,9.81999969482422,10.170000076293944,119028813,0.0057870872246699
2025-02-18,601985SS,10.170000076293944,10.31999969482422,10.140000343322754,10.239999771118164,117509081,0.0057131990507021
2025-02-19,601985SS,10.229999542236328,10.31999969482422,10.130000114440918,10.170000076293944,73083800,0.0035532768465928
2025-02-20,601985SS,10.170000076293944,10.220000267028809,10.06999969482422,10.09000015258789,71303078,0.0034666995441972
2025-02-21,601985SS,10.100000381469728,10.199999809265137,10.029999732971191,10.100000381469728,80298179,0.0039040342766012
2025-02-24,601985SS,10.109999656677246,10.229999542236328,10.0600004196167,10.06999969482422,78581720,0.0038205813906973
2025-02-25,601985SS,10.050000190734863,10.130000114440918,9.90999984741211,9.949999809265137,79304042,0.0038557001179444
2025-02-26,601985SS,9.9399995803833,9.989999771118164,9.850000381469728,9.899999618530272,71532587,0.0034778580911773
2025-02-27,601985SS,9.869999885559082,9.920000076293944,9.75,9.779999732971191,89615796,0.0043570494831384
2025-02-28,601985SS,9.760000228881836,9.81999969482422,9.579999923706056,9.579999923706056,87129702,0.0042361775491577
2025-03-03,601985SS,9.6899995803833,9.829999923706056,9.5600004196167,9.710000038146973,89861455,0.0043689932304101
2025-03-04,601985SS,9.699999809265137,9.699999809265137,9.460000038146973,9.539999961853027,117281270,0.0057021230591459
2025-03-05,601985SS,9.550000190734863,9.710000038146973,9.539999961853027,9.640000343322754,84836502,0.0041246839696694
2025-03-06,601985SS,9.65999984741211,9.6899995803833,9.550000190734863,9.630000114440918,74423816,0.0036184273700585
