Date,Stock,Open,High,Low,Close,Volume,Turnover
2020-03-12,IOVA,27.3700008392334,27.600000381469727,24.09000015258789,24.11000061035156,2540200,0.0077474176657079
2020-03-13,IOVA,25.739999771118164,26.989999771118164,22.100000381469727,25.13999938964844,2755800,0.0084049813412952
2020-03-16,IOVA,22.170000076293945,23.6299991607666,19.520000457763672,19.540000915527344,2188800,0.0066756742723807
2020-03-17,IOVA,20.07999992370605,21.18000030517578,18.700000762939453,19.979999542236328,2565300,0.0078239707652313
2020-03-18,IOVA,18.81999969482422,22.40999984741211,18.700000762939453,22.15999984741211,2813000,0.0085794370103285
2020-03-19,IOVA,22.06999969482422,25.43000030517578,21.0,24.989999771118164,1943400,0.0059272228531363
2020-03-20,IOVA,26.36000061035156,26.36000061035156,22.46999931335449,22.770000457763672,3277000,0.0099946018780116
2020-03-23,IOVA,23.649999618530277,24.3700008392334,20.86000061035156,23.809999465942383,1463200,0.0044626492120557
2020-03-24,IOVA,24.57999992370605,33.72999954223633,24.11000061035156,32.13999938964844,5601500,0.017084150875704
2020-03-25,IOVA,33.02000045776367,33.86000061035156,30.13999938964844,30.36000061035156,3313500,0.0101059241143703
2020-03-26,IOVA,30.56999969482422,32.27000045776367,29.739999771118164,31.959999084472656,1489700,0.0045434722055764
2020-03-27,IOVA,30.799999237060547,33.9900016784668,30.43000030517578,32.15999984741211,1956200,0.0059662618839689
2020-03-30,IOVA,30.0,30.0,27.440000534057617,29.940000534057617,2804000,0.0085519876917743
2020-03-31,IOVA,29.600000381469727,31.0,28.709999084472656,29.940000534057617,1288800,0.003930742416961
2020-04-01,IOVA,28.709999084472656,31.09000015258789,27.770000457763672,27.940000534057617,1890500,0.0057658818585233
2020-04-02,IOVA,27.59000015258789,29.09000015258789,27.09000015258789,28.8799991607666,1656300,0.0050515895912574
2020-04-03,IOVA,28.68000030517578,29.25,27.5,29.059999465942383,949800,0.0028968180847529
2020-04-06,IOVA,29.59000015258789,30.36000061035156,27.82999992370605,29.190000534057617,1387800,0.0042326849210572
2020-04-07,IOVA,29.21999931335449,31.75,29.209999084472656,29.739999771118164,1399500,0.0042683690351776
2020-04-08,IOVA,29.86000061035156,31.690000534057617,29.350000381469727,30.8799991607666,1093200,0.0033341772270498
2020-04-09,IOVA,31.170000076293945,32.11000061035156,30.520000457763672,31.8799991607666,1884800,0.0057484972901056
2020-04-13,IOVA,31.450000762939453,31.450000762939453,29.280000686645508,30.229999542236328,1083200,0.0033036779842118
2020-04-14,IOVA,33.29999923706055,36.13999938964844,33.0,35.5099983215332,3056200,0.0093211785961486
2020-04-15,IOVA,34.939998626708984,36.11000061035156,34.16999816894531,35.040000915527344,1918300,0.0058506697536129
2020-04-16,IOVA,35.720001220703125,35.810001373291016,33.83000183105469,35.20000076293945,1139200,0.0034744737441046
2020-04-17,IOVA,35.97999954223633,36.150001525878906,35.060001373291016,35.79999923706055,1819700,0.0055499472192303
2020-04-20,IOVA,35.130001068115234,37.09999847412109,35.08000183105469,36.65999984741211,2055200,0.0062682043880651
2020-04-21,IOVA,35.7599983215332,37.880001068115234,35.29999923706055,36.630001068115234,1706700,0.0052053057751609
2020-04-22,IOVA,37.97999954223633,38.43000030517578,37.59999847412109,37.790000915527344,1520300,0.0046367998886606
2020-04-23,IOVA,37.93999862670898,39.0,35.54999923706055,35.70000076293945,1743400,0.0053172379963763
2020-04-24,IOVA,36.18000030517578,37.93999862670898,35.72999954223633,36.90999984741211,1612100,0.0049167829379134
2020-04-27,IOVA,38.040000915527344,38.959999084472656,36.02000045776367,36.63999938964844,2358800,0.0071941614006267
2020-04-28,IOVA,37.09999847412109,37.5,33.68000030517578,33.84000015258789,1814300,0.0055334776280977
2020-04-29,IOVA,35.04999923706055,35.20000076293945,31.8700008392334,33.349998474121094,2345300,0.0071529874227954
2020-04-30,IOVA,33.29999923706055,33.29999923706055,32.08000183105469,32.150001525878906,1594300,0.0048624942856618
2020-05-01,IOVA,31.68000030517578,32.189998626708984,30.46999931335449,32.0,2035100,0.0062069009099607
2020-05-04,IOVA,31.56999969482422,32.310001373291016,31.0,32.25,1316600,0.0040155303120506
2020-05-05,IOVA,32.5,33.369998931884766,31.530000686645508,32.65999984741211,1681800,0.0051293626604943
2020-05-06,IOVA,31.780000686645508,33.939998626708984,30.030000686645508,32.630001068115234,2499700,0.0076238957322141
2020-05-07,IOVA,33.13999938964844,33.79999923706055,31.51000022888184,33.779998779296875,1397700,0.0042628791714668
2020-05-08,IOVA,34.0099983215332,36.619998931884766,34.0099983215332,36.11000061035156,1798900,0.0054865087941272
2020-05-11,IOVA,36.0099983215332,38.040000915527344,35.560001373291016,37.18000030517578,1596400,0.0048688991266578
2020-05-12,IOVA,37.66999816894531,38.72999954223633,35.81999969482422,35.88999938964844,1864600,0.0056868888195729
2020-05-13,IOVA,36.060001373291016,36.34000015258789,32.470001220703125,34.040000915527344,1519600,0.004634664941662
2020-05-14,IOVA,33.560001373291016,36.59999847412109,33.06999969482422,35.369998931884766,1437800,0.0043851811352472
2020-05-15,IOVA,35.25,36.68999862670898,35.029998779296875,36.27999877929688,1292700,0.0039426371216678
2020-05-18,IOVA,37.36000061035156,37.45000076293945,35.56999969482422,36.560001373291016,1141300,0.0034808785851005
2020-05-19,IOVA,36.36000061035156,37.119998931884766,35.7400016784668,35.79999923706055,915700,0.0027928156666753
2020-05-20,IOVA,36.77000045776367,38.16999816894531,36.27999877929688,37.25,1273900,0.0038852985451324
2020-05-21,IOVA,37.41999816894531,38.33000183105469,36.83000183105469,38.150001525878906,1214600,0.0037044380351031
2020-05-22,IOVA,38.22999954223633,41.08000183105469,37.380001068115234,41.0,1453400,0.0044327599540744
2020-05-26,IOVA,41.45000076293945,41.4900016784668,37.09999847412109,37.40999984741211,1986600,0.0060589795821964
2020-05-27,IOVA,37.09999847412109,38.31999969482422,34.68000030517578,38.09000015258789,1872200,0.0057100682441297
2020-05-28,IOVA,33.20000076293945,34.2599983215332,32.04999923706055,32.65999984741211,5729600,0.0174748461764587
2020-05-29,IOVA,32.83000183105469,33.130001068115234,30.600000381469727,32.09000015258789,10271500,0.0313272972810486
2020-06-01,IOVA,32.310001373291016,33.529998779296875,32.0,33.119998931884766,3978100,0.0121329037933835
2020-06-02,IOVA,33.2599983215332,33.849998474121094,31.59000015258789,33.31999969482422,4240500,0.0129332039254526
2020-06-03,IOVA,33.54999923706055,33.689998626708984,31.530000686645508,32.16999816894531,2082900,0.0063526872907263
2020-06-04,IOVA,31.950000762939453,32.33000183105469,30.51000022888184,30.86000061035156,1859900,0.005672554175439
2020-06-05,IOVA,31.01000022888184,31.59000015258789,29.549999237060547,31.40999984741211,2076400,0.0063328627828816
2020-06-08,IOVA,31.209999084472656,33.0,30.63999938964844,32.16999816894531,1621300,0.0049448422413244
2020-06-09,IOVA,32.2400016784668,33.369998931884766,31.13999938964844,32.16999816894531,1625000,0.0049561269611745
2020-06-10,IOVA,32.619998931884766,32.779998779296875,30.399999618530277,31.399999618530277,1632100,0.0049777814235894
2020-06-11,IOVA,30.86000061035156,31.57999992370605,29.350000381469727,29.6200008392334,2118500,0.0064612645952296
2020-06-12,IOVA,30.1299991607666,30.34000015258789,28.75,29.51000022888184,1472400,0.0044907085154666
2020-06-15,IOVA,28.75,30.36000061035156,28.229999542236328,29.950000762939453,1538100,0.0046910885409123
2020-06-16,IOVA,30.600000381469727,30.790000915527344,29.049999237060547,30.18000030517578,1157500,0.0035302873584981
2020-06-17,IOVA,30.38999938964844,30.690000534057617,29.5,29.65999984741211,1690400,0.005155592009335
2020-06-18,IOVA,29.520000457763672,30.459999084472656,28.950000762939453,29.950000762939453,1159300,0.0035357772222089
2020-06-19,IOVA,29.309999465942383,30.420000076293945,28.68000030517578,29.979999542236328,3735400,0.0113926871697054
2020-06-22,IOVA,30.1299991607666,30.1299991607666,28.700000762939453,30.040000915527344,2215600,0.0067574122431866
2020-06-23,IOVA,30.1299991607666,31.979999542236328,30.100000381469727,30.96999931335449,1856900,0.0056634044025876
2020-06-24,IOVA,30.6200008392334,30.8799991607666,28.520000457763672,28.690000534057617,2206700,0.0067302679170607
2020-06-25,IOVA,28.520000457763672,28.549999237060547,27.13999938964844,27.61000061035156,3052200,0.0093089788990134
2020-06-26,IOVA,27.440000534057617,28.299999237060547,27.040000915527344,27.46999931335449,14977500,0.04568024096061
2020-06-29,IOVA,27.61000061035156,28.07999992370605,27.01000022888184,27.209999084472656,2185000,0.0066640845601023
2020-06-30,IOVA,27.38999938964844,27.770000457763672,26.34000015258789,27.450000762939453,2379900,0.0072585148030149
2020-07-01,IOVA,27.709999084472656,29.350000381469727,27.520000457763672,29.030000686645508,1381400,0.0042131654056409
2020-07-02,IOVA,29.229999542236328,29.799999237060547,28.11000061035156,29.09000015258789,1527700,0.0046593693283608
2020-07-06,IOVA,29.26000022888184,29.68000030517578,28.71999931335449,29.1200008392334,847400,0.0025845058380918
2020-07-07,IOVA,29.15999984741211,30.450000762939453,28.8799991607666,29.940000534057617,1528400,0.0046615042753594
2020-07-08,IOVA,30.190000534057617,30.540000915527344,29.700000762939453,30.18000030517578,1149100,0.0035046679945142
2020-07-09,IOVA,30.309999465942383,30.549999237060547,29.549999237060547,30.34000015258789,1111900,0.0033912108111568
2020-07-10,IOVA,30.5,30.6299991607666,29.200000762939453,29.51000022888184,784600,0.0023929705930692
2020-07-13,IOVA,29.530000686645508,30.68000030517578,28.1200008392334,28.290000915527344,1291900,0.0039401971822408
2020-07-14,IOVA,28.21999931335449,29.540000915527344,28.0,29.34000015258789,1218400,0.0037160277473815
2020-07-15,IOVA,29.790000915527344,30.549999237060547,29.399999618530277,30.13999938964844,867900,0.0026470292859097
2020-07-16,IOVA,30.239999771118164,30.280000686645508,28.940000534057617,29.459999084472656,580600,0.0017707860391741
2020-07-17,IOVA,29.43000030517578,30.8700008392334,29.399999618530277,30.61000061035156,726900,0.002216989961894
2020-07-20,IOVA,30.8799991607666,32.029998779296875,30.649999618530277,31.65999984741211,946700,0.0028873633194731
2020-07-21,IOVA,32.15999984741211,32.380001068115234,30.01000022888184,30.059999465942383,918000,0.0027998304925281
2020-07-22,IOVA,29.899999618530277,30.299999237060547,29.020000457763672,29.1200008392334,733900,0.0022383394318806
2020-07-23,IOVA,29.1299991607666,29.26000022888184,27.5,27.75,1250600,0.0038142353093199
2020-07-24,IOVA,27.309999465942383,27.940000534057617,26.75,27.84000015258789,943600,0.0028779085541933
2020-07-27,IOVA,27.84000015258789,29.31999969482422,27.75,29.18000030517578,1100300,0.0033558316894648
2020-07-28,IOVA,29.100000381469727,29.32999992370605,28.43000030517578,28.799999237060547,1014300,0.003093538201058
2020-07-29,IOVA,28.86000061035156,29.649999618530277,28.540000915527344,28.649999618530277,825900,0.0025189324659901
2020-07-30,IOVA,28.190000534057617,29.06999969482422,28.1200008392334,28.850000381469727,711700,0.0021706311127802
2020-07-31,IOVA,28.979999542236328,29.209999084472656,28.43000030517578,29.06999969482422,1149000,0.0035043630020858
2020-08-03,IOVA,29.34000015258789,31.18000030517578,28.86000061035156,31.059999465942383,1441600,0.0043967708475256
2020-08-04,IOVA,31.15999984741211,31.61000061035156,30.459999084472656,30.770000457763672,805300,0.0024561040257438
2020-08-05,IOVA,30.989999771118164,31.13999938964844,30.15999984741211,30.86000061035156,706000,0.0021532465443625
2020-08-06,IOVA,30.899999618530277,31.59000015258789,30.56999969482422,31.149999618530277,880500,0.0026854583318856
2020-08-07,IOVA,31.31999969482422,31.6299991607666,28.670000076293945,29.21999931335449,1657300,0.0050546395155412
2020-08-10,IOVA,29.489999771118164,29.729999542236328,28.440000534057617,28.530000686645508,780800,0.0023813808807908
2020-08-11,IOVA,28.729999542236328,29.209999084472656,27.5,28.13999938964844,668900,0.0020400943534336
2020-08-12,IOVA,28.01000022888184,28.450000762939453,27.700000762939453,28.26000022888184,1085100,0.003309472840351
2020-08-13,IOVA,28.36000061035156,28.780000686645508,27.86000061035156,28.65999984741211,554800,0.001692097992652
2020-08-14,IOVA,28.59000015258789,28.799999237060547,27.5,27.790000915527344,809400,0.0024686087153074
2020-08-17,IOVA,27.75,29.34000015258789,27.75,29.149999618530277,778100,0.0023731460852245
2020-08-18,IOVA,29.399999618530277,29.61000061035156,28.57999992370605,28.76000022888184,655900,0.0020004453377442
2020-08-19,IOVA,28.65999984741211,29.540000915527344,28.440000534057617,29.190000534057617,594500,0.0018131799867189
2020-08-20,IOVA,29.11000061035156,29.46999931335449,28.770000457763672,28.959999084472656,444300,0.0013550813592922
2020-08-21,IOVA,28.8799991607666,29.489999771118164,28.670000076293945,29.21999931335449,525000,0.0016012102489948
2020-08-24,IOVA,29.299999237060547,29.90999984741211,28.84000015258789,28.88999938964844,807300,0.0024622038743114
2020-08-25,IOVA,28.530000686645508,28.88999938964844,27.6200008392334,28.540000915527344,786800,0.0023996804264936
2020-08-26,IOVA,28.57999992370605,28.799999237060547,27.96999931335449,27.979999542236328,890500,0.0027159575747236
2020-08-27,IOVA,28.200000762939453,29.6299991607666,27.899999618530277,29.21999931335449,1435800,0.0043790812866796
2020-08-28,IOVA,29.38999938964844,32.0,29.38999938964844,31.68000030517578,1890100,0.0057646618888098
2020-08-31,IOVA,31.790000915527344,33.619998931884766,31.530000686645508,33.33000183105469,1730800,0.0052788089504005
2020-09-01,IOVA,33.38999938964844,34.310001373291016,33.25,33.939998626708984,1239300,0.0037797711649129
2020-09-02,IOVA,34.45000076293945,34.470001220703125,32.40999984741211,33.0,1708800,0.0052117106161569
2020-09-03,IOVA,32.77000045776367,32.77000045776367,30.799999237060547,31.32999992370605,925800,0.0028236199019417
2020-09-04,IOVA,31.01000022888184,31.25,28.229999542236328,30.649999618530277,1525800,0.0046535744722215
2020-09-08,IOVA,29.8799991607666,32.08000183105469,29.5,31.459999084472656,1265800,0.0038605941584336
2020-09-09,IOVA,31.81999969482422,32.619998931884766,31.170000076293945,32.34000015258789,768200,0.0023429518348149
2020-09-10,IOVA,32.630001068115234,33.209999084472656,31.670000076293945,31.690000534057617,763200,0.0023277022133959
2020-09-11,IOVA,31.950000762939453,32.47999954223633,31.549999237060547,31.700000762939453,683700,0.0020852332328338
2020-09-14,IOVA,33.0,35.869998931884766,33.0,35.25,2402200,0.0073265281145436
2020-09-15,IOVA,35.68000030517578,36.08000183105469,34.650001525878906,35.720001220703125,1006400,0.003069443799216
2020-09-16,IOVA,36.04999923706055,36.93000030517578,35.560001373291016,36.29999923706055,1185100,0.003614465268731
2020-09-17,IOVA,35.439998626708984,36.400001525878906,34.810001373291016,35.650001525878906,981100,0.0029922807148358
2020-09-18,IOVA,35.689998626708984,36.34999847412109,35.11000061035156,36.150001525878906,2026000,0.0061791465989781
2020-09-21,IOVA,34.95000076293945,35.86000061035156,33.630001068115234,33.9900016784668,1039500,0.0031703962930097
2020-09-22,IOVA,34.2599983215332,34.2599983215332,32.29999923706055,33.5099983215332,761500,0.0023225173421134
2020-09-23,IOVA,33.619998931884766,34.22999954223633,33.06999969482422,33.34000015258789,727100,0.0022175999467507
2020-09-24,IOVA,32.93000030517578,32.9900016784668,31.36000061035156,31.71999931335449,906500,0.0027647563632644
2020-09-25,IOVA,31.520000457763672,31.8799991607666,30.84000015258789,31.809999465942383,1335900,0.004074393850728
2020-09-28,IOVA,32.31999969482422,32.9900016784668,31.40999984741211,31.920000076293945,1309700,0.0039944858344924
2020-09-29,IOVA,31.8799991607666,32.63999938964844,31.559999465942383,32.29999923706055,673200,0.0020532090278539
2020-09-30,IOVA,32.34000015258789,33.380001068115234,32.2599983215332,32.91999816894531,1008500,0.0030758486402119
2020-10-01,IOVA,32.97999954223633,33.689998626708984,32.84000015258789,33.63999938964844,847900,0.0025860308002337
2020-10-02,IOVA,33.279998779296875,33.970001220703125,31.440000534057617,31.5,746000,0.0022752435157145
2020-10-05,IOVA,31.850000381469727,32.540000915527344,31.600000381469727,32.060001373291016,1270100,0.0038737088328539
2020-10-06,IOVA,25.0,29.440000534057617,24.670000076293945,28.100000381469727,13626800,0.0415607082304817
2020-10-07,IOVA,29.059999465942383,29.21999931335449,27.40999984741211,28.040000915527344,2789500,0.0085077637896592
2020-10-08,IOVA,28.40999984741211,29.780000686645508,28.01000022888184,29.420000076293945,1440200,0.0043925009535283
2020-10-09,IOVA,29.850000381469727,31.440000534057617,29.61000061035156,31.190000534057617,2302400,0.0070221456710204
2020-10-12,IOVA,31.200000762939453,31.56999969482422,30.459999084472656,31.059999465942383,1476300,0.0045026032201734
2020-10-13,IOVA,30.850000381469727,32.54999923706055,30.59000015258789,32.439998626708984,1727300,0.0052681342154072
2020-10-14,IOVA,32.91999816894531,35.20000076293945,32.88999938964844,34.599998474121094,2486300,0.0075830267468111
2020-10-15,IOVA,34.4900016784668,36.220001220703125,34.2599983215332,36.04999923706055,1730600,0.0052781989655437
2020-10-16,IOVA,36.83000183105469,38.18999862670898,36.5099983215332,37.63999938964844,2876000,0.0087715822402079
2020-10-19,IOVA,37.40999984741211,37.58000183105469,35.900001525878906,36.36000061035156,1639200,0.0049994358860044
2020-10-20,IOVA,36.560001373291016,38.11000061035156,36.380001068115234,37.86000061035156,1624600,0.0049549069914609
2020-10-21,IOVA,38.0,38.040000915527344,36.400001525878906,36.97999954223633,1292700,0.0039426371216678
2020-10-22,IOVA,36.54999923706055,37.52000045776367,36.470001220703125,36.75,1743400,0.0053172379963763
2020-10-23,IOVA,37.15999984741211,37.790000915527344,36.59999847412109,37.650001525878906,838700,0.0025579714968228
2020-10-26,IOVA,37.63999938964844,38.75,36.59999847412109,36.970001220703125,724600,0.0022099751360412
2020-10-27,IOVA,37.11000061035156,37.84999847412109,36.25,36.52999877929688,993700,0.0030307097608117
2020-10-28,IOVA,34.029998779296875,36.2599983215332,34.0099983215332,35.529998779296875,952500,0.0029050528803192
2020-10-29,IOVA,35.810001373291016,36.4900016784668,35.130001068115234,35.880001068115234,768400,0.0023435618196716
2020-10-30,IOVA,36.0099983215332,36.060001373291016,34.36000061035156,35.68000030517578,906300,0.0027641463784076
2020-11-02,IOVA,35.630001068115234,36.68000030517578,35.16999816894531,36.43999862670898,1287700,0.0039273875002488
2020-11-03,IOVA,36.45000076293945,37.52999877929688,35.70000076293945,37.09999847412109,729200,0.0022240047877467
2020-11-04,IOVA,37.02000045776367,39.83000183105469,35.900001525878906,39.58000183105469,1443200,0.0044016507263797
2020-11-05,IOVA,40.0,40.84000015258789,39.119998931884766,40.41999816894531,1078300,0.0032887333552212
2020-11-06,IOVA,40.83000183105469,41.59999847412109,39.630001068115234,40.43999862670898,955500,0.0029142026531706
2020-11-09,IOVA,38.22999954223633,40.68000030517578,37.75,39.15999984741211,1385400,0.0042253651027761
2020-11-10,IOVA,39.58000183105469,39.93000030517578,37.060001373291016,38.130001068115234,1332400,0.0040637191157347
2020-11-11,IOVA,38.650001525878906,39.27999877929688,37.75,38.02000045776367,854900,0.0026073802702203
2020-11-12,IOVA,38.22999954223633,38.400001525878906,36.34999847412109,36.810001373291016,801100,0.0024432943437519
2020-11-13,IOVA,37.2599983215332,37.84999847412109,37.09000015258789,37.720001220703125,732600,0.0022343745303116
2020-11-16,IOVA,38.41999816894531,38.68000030517578,36.34000015258789,36.560001373291016,728700,0.0022224798256048
2020-11-17,IOVA,36.13999938964844,36.720001220703125,35.709999084472656,36.16999816894531,629400,0.0019196223442235
2020-11-18,IOVA,36.16999816894531,37.59000015258789,36.0099983215332,36.5,912200,0.002782140931682
2020-11-19,IOVA,36.27999877929688,36.84999847412109,36.13999938964844,36.59000015258789,933500,0.002847104318927
2020-11-20,IOVA,36.34999847412109,36.84999847412109,36.119998931884766,36.45000076293945,989300,0.003017290093963
2020-11-23,IOVA,36.380001068115234,37.61000061035156,36.0099983215332,37.34999847412109,1089000,0.0033213675450578
2020-11-24,IOVA,37.220001220703125,37.84999847412109,36.720001220703125,37.15999984741211,600200,0.0018305645551365
2020-11-25,IOVA,37.34000015258789,38.20000076293945,37.04999923706055,37.93999862670898,687800,0.0020977379223974
2020-11-27,IOVA,38.04999923706055,39.72999954223633,37.68999862670898,39.380001068115234,691400,0.0021087176498191
2020-11-30,IOVA,39.77000045776367,40.18999862670898,38.33000183105469,38.810001373291016,1254100,0.0038249100443132
2020-12-01,IOVA,39.04999923706055,41.900001525878906,38.470001220703125,41.31999969482422,1517100,0.0046270401309525
2020-12-02,IOVA,41.33000183105469,42.25,40.27999877929688,41.31999969482422,978900,0.0029855708814115
2020-12-03,IOVA,41.33000183105469,42.25,41.27999877929688,41.790000915527344,1213300,0.0037004731335341
2020-12-04,IOVA,42.20000076293945,43.27999877929688,41.880001068115234,43.11000061035156,1180600,0.0036007406094539
2020-12-07,IOVA,43.0,48.63999938964844,42.52999877929688,46.5,2034200,0.0062041559781053
2020-12-08,IOVA,46.709999084472656,47.380001068115234,44.709999084472656,47.0,1245900,0.003799900665186
2020-12-09,IOVA,47.4900016784668,48.68000030517578,45.54999923706055,46.18000030517578,965000,0.0029431769338667
2020-12-10,IOVA,46.22999954223633,49.540000915527344,45.68999862670898,49.47999954223633,2122700,0.0064740742772216
2020-12-11,IOVA,49.5099983215332,50.59000015258789,48.790000915527344,49.95000076293945,1428700,0.0043574268242646
2020-12-14,IOVA,50.709999084472656,52.43000030517578,50.0,50.2599983215332,2281700,0.0069590122383457
2020-12-15,IOVA,50.2599983215332,50.380001068115234,47.150001525878906,47.81999969482422,1675000,0.0051086231753644
2020-12-16,IOVA,48.11000061035156,48.93999862670898,44.63999938964844,46.02000045776367,1695400,0.005170841630754
2020-12-17,IOVA,46.400001525878906,47.25,45.29999923706055,46.27000045776367,1995700,0.006086733893179
2020-12-18,IOVA,47.31999969482422,48.11000061035156,46.709999084472656,47.310001373291016,2577700,0.0078617898263504
2020-12-21,IOVA,47.0099983215332,48.36000061035156,45.4900016784668,48.130001068115234,2081800,0.0063493323740142
2020-12-22,IOVA,48.58000183105469,51.22999954223633,48.52000045776367,49.4900016784668,1523900,0.0046477796160823
2020-12-23,IOVA,50.43999862670898,50.95000076293945,49.11000061035156,49.709999084472656,1331000,0.0040594492217374
2020-12-24,IOVA,49.56999969482422,50.45000076293945,48.72999954223633,49.54999923706055,388900,0.0011861155539697
2020-12-28,IOVA,50.18999862670898,50.90999984741211,48.0,48.31999969482422,704600,0.0021489766503652
2020-12-29,IOVA,48.43000030517578,48.90999984741211,44.459999084472656,47.61000061035156,1252300,0.0038194201806023
2020-12-30,IOVA,48.11000061035156,49.47999954223633,47.47999954223633,48.7599983215332,674800,0.002058088906708
2020-12-31,IOVA,48.59999847412109,49.11000061035156,46.16999816894531,46.400001525878906,722600,0.0022038752874736
2021-01-04,IOVA,46.75,47.18999862670898,45.02000045776367,46.2599983215332,1164600,0.0035519418209131
2021-01-05,IOVA,46.150001525878906,46.59999847412109,44.220001220703125,44.7400016784668,1046500,0.0031917457629963
2021-01-06,IOVA,44.27000045776367,46.95000076293945,43.52999877929688,46.84999847412109,1755700,0.0053547520650671
2021-01-07,IOVA,47.18999862670898,49.150001525878906,46.970001220703125,49.0,989500,0.0030179000788198
2021-01-08,IOVA,49.41999816894531,51.72999954223633,48.65999984741211,50.52000045776367,1584700,0.0048332150125373
2021-01-11,IOVA,50.0,53.0,48.5,51.09000015258789,1576400,0.0048079006409818
2021-01-12,IOVA,51.290000915527344,52.04999923706055,48.7400016784668,49.70000076293945,1119200,0.0034134752584286
2021-01-13,IOVA,49.72999954223633,51.650001525878906,49.0099983215332,50.630001068115234,882800,0.0026924731577383
2021-01-14,IOVA,51.0,53.77999877929688,50.38999938964844,52.02999877929688,1230900,0.003754151800929
2021-01-15,IOVA,52.04999923706055,54.209999084472656,50.459999084472656,51.060001373291016,981700,0.0029941106694061
2021-01-19,IOVA,52.0,53.0099983215332,50.43000030517578,50.93000030517578,1540200,0.0046974933819082
2021-01-20,IOVA,51.29999923706055,52.81999969482422,48.77000045776367,48.90999984741211,1549900,0.0047270776474611
2021-01-21,IOVA,49.7599983215332,49.9900016784668,46.41999816894531,47.650001525878906,1376800,0.0041991357539354
2021-01-22,IOVA,47.95000076293945,48.86000061035156,47.02999877929688,47.54999923706055,1083600,0.0033048979539253
2021-01-25,IOVA,47.619998931884766,48.0,44.619998931884766,46.5099983215332,1395200,0.0042552543607573
2021-01-26,IOVA,46.70000076293945,47.29999923706055,44.52999877929688,44.61000061035156,1076900,0.0032844634612238
2021-01-27,IOVA,43.88999938964844,44.9900016784668,41.060001373291016,42.58000183105469,1697500,0.0051772464717499
2021-01-28,IOVA,42.47999954223633,44.5,41.959999084472656,43.650001525878906,1297900,0.0039584967279436
2021-01-29,IOVA,44.0099983215332,44.709999084472656,42.5,43.84000015258789,1218600,0.0037166377322383
2021-02-01,IOVA,44.150001525878906,44.540000915527344,43.18999862670898,44.02000045776367,776100,0.0023670462366569
2021-02-02,IOVA,44.88999938964844,47.72999954223633,44.470001220703125,47.34999847412109,1182900,0.0036077554353066
2021-02-03,IOVA,48.060001373291016,48.150001525878906,46.29999923706055,46.72999954223633,907500,0.0027678062875482
2021-02-04,IOVA,47.16999816894531,48.880001068115234,46.540000915527344,48.68000030517578,626100,0.0019095575940869
2021-02-05,IOVA,49.16999816894531,50.13999938964844,48.68999862670898,49.650001525878906,634100,0.0019339569883573
2021-02-08,IOVA,50.27999877929688,53.040000915527344,49.650001525878906,52.59000015258789,1069900,0.0032631139912372
2021-02-09,IOVA,51.16999816894531,52.45000076293945,50.27000045776367,50.560001373291016,935800,0.0028541191447797
2021-02-10,IOVA,51.16999816894531,52.27999877929688,48.380001068115234,48.54999923706055,871900,0.0026592289830449
2021-02-11,IOVA,49.290000915527344,49.77000045776367,47.459999084472656,47.75,778700,0.0023749760397948
2021-02-12,IOVA,47.93999862670898,48.369998931884766,46.72999954223633,47.56999969482422,800600,0.00244176938161
2021-02-16,IOVA,48.790000915527344,49.02000045776367,47.16999816894531,47.29999923706055,1084400,0.0033073378933523
2021-02-17,IOVA,46.79999923706055,47.7599983215332,44.75,47.52000045776367,1507600,0.0045980658502564
2021-02-18,IOVA,46.45000076293945,46.790000915527344,44.0,46.400001525878906,1174000,0.0035806111091808
2021-02-19,IOVA,47.310001373291016,47.5,46.18000030517578,47.18999862670898,758600,0.0023136725616904
2021-02-22,IOVA,46.36000061035156,46.709999084472656,42.72999954223633,43.0,1215400,0.0037068779745301
2021-02-23,IOVA,41.459999084472656,41.52999877929688,38.02999877929688,40.59999847412109,2243600,0.006842810123133
2021-02-24,IOVA,40.61000061035156,41.709999084472656,38.52000045776367,39.41999816894531,1382800,0.0042174352996382
2021-02-25,IOVA,39.33000183105469,39.540000915527344,35.65999984741211,36.5099983215332,2021700,0.0061660319245578
2021-02-26,IOVA,35.400001525878906,37.90999984741211,34.61000061035156,37.29999923706055,2537300,0.0077385728852849
2021-03-01,IOVA,38.06999969482422,40.150001525878906,37.61000061035156,39.470001220703125,1269000,0.0038703539161418
2021-03-02,IOVA,39.369998931884766,39.47999954223633,37.18999862670898,37.34999847412109,1004800,0.0030645639203619
2021-03-03,IOVA,37.27999877929688,37.810001373291016,33.91999816894531,34.189998626708984,1743600,0.0053178479812331
2021-03-04,IOVA,33.599998474121094,34.779998779296875,31.25,31.770000457763672,2873500,0.0087639574294984
2021-03-05,IOVA,32.099998474121094,32.4900016784668,29.01000022888184,32.36000061035156,3355500,0.0102340209342898
2021-03-08,IOVA,33.869998931884766,34.61000061035156,31.1299991607666,31.56999969482422,2560400,0.0078090261362407
2021-03-09,IOVA,32.619998931884766,35.77000045776367,32.619998931884766,34.470001220703125,2094600,0.0063883714048468
2021-03-10,IOVA,35.650001525878906,36.52999877929688,32.810001373291016,33.709999084472656,2693100,0.0082137510887009
2021-03-11,IOVA,35.02000045776367,35.939998626708984,34.470001220703125,35.560001373291016,1612300,0.0049173929227702
2021-03-12,IOVA,34.56999969482422,35.31999969482422,32.84000015258789,34.689998626708984,1925700,0.005873239193313
2021-03-15,IOVA,34.4900016784668,35.220001220703125,33.720001220703125,34.90999984741211,1126100,0.0034345197359868
2021-03-16,IOVA,35.34000015258789,35.720001220703125,32.470001220703125,33.290000915527344,1413500,0.0043110679751508
2021-03-17,IOVA,31.76000022888184,33.810001373291016,31.170000076293945,33.18000030517578,1848600,0.0056380900310321
2021-03-18,IOVA,32.13999938964844,32.470001220703125,30.93000030517578,31.149999618530277,2013200,0.0061401075681455
2021-03-19,IOVA,31.049999237060547,31.950000762939453,30.76000022888184,31.36000061035156,3412900,0.0104090865881799
2021-03-22,IOVA,31.5,32.95000076293945,30.8799991607666,32.470001220703125,2512900,0.0076641547327602
2021-03-23,IOVA,32.31999969482422,32.77000045776367,30.790000915527344,31.020000457763672,1494700,0.0045587218269954
2021-03-24,IOVA,31.5,32.040000915527344,29.540000915527344,29.670000076293945,3039000,0.0092687198984672
2021-03-25,IOVA,28.950000762939453,30.40999984741211,28.0,30.25,3199100,0.0097570127763036
2021-03-26,IOVA,30.25,30.420000076293945,28.059999465942383,28.670000076293945,3712600,0.0113231488960347
2021-03-29,IOVA,28.280000686645508,29.979999542236328,27.75,29.31999969482422,3471300,0.0105872021663539
2021-03-30,IOVA,29.049999237060547,30.729999542236328,28.8799991607666,29.63999938964844,5517800,0.0168288722131499
2021-03-31,IOVA,30.020000457763672,32.18000030517578,29.8799991607666,31.65999984741211,3157400,0.0096298309336691
2021-04-01,IOVA,32.5,33.31999969482422,31.0,32.220001220703125,5669500,0.0172915457270024
2021-04-05,IOVA,33.20000076293945,33.9900016784668,31.920000076293945,32.15999984741211,1746400,0.0053263877692277
2021-04-06,IOVA,31.90999984741211,32.599998474121094,31.25,32.040000915527344,3186100,0.0097173637606142
2021-04-07,IOVA,32.0099983215332,32.13999938964844,30.709999084472656,31.01000022888184,730600,0.002228274681744
2021-04-08,IOVA,31.450000762939453,32.25,30.690000534057617,31.309999465942383,1153400,0.0035177826689345
2021-04-09,IOVA,31.540000915527344,31.559999465942383,29.90999984741211,30.190000534057617,1201800,0.0036653990042704
2021-04-12,IOVA,30.0,30.0,28.770000457763672,29.40999984741211,1848000,0.0056362600764618
2021-04-13,IOVA,29.43000030517578,30.25,28.899999618530277,30.149999618530277,1293500,0.0039450770610949
2021-04-14,IOVA,30.57999992370605,32.0,29.90999984741211,29.989999771118164,1201900,0.0036657039966988
2021-04-15,IOVA,30.13999938964844,31.32999992370605,30.13999938964844,30.43000030517578,935900,0.0028544241372081
2021-04-16,IOVA,33.22999954223633,33.400001525878906,30.100000381469727,30.13999938964844,2101700,0.0064100258672618
2021-04-19,IOVA,29.600000381469727,31.0,29.34000015258789,30.75,2456600,0.0074924439955823
2021-04-20,IOVA,30.790000915527344,31.209999084472656,29.13999938964844,30.170000076293945,2010000,0.0061303478104373
2021-04-21,IOVA,30.020000457763672,31.270000457763672,29.299999237060547,31.100000381469727,1710900,0.0052181154571529
2021-04-22,IOVA,30.850000381469727,32.0,30.61000061035156,31.1299991607666,1614700,0.0049247127410513
2021-04-23,IOVA,31.270000457763672,31.649999618530277,30.540000915527344,31.280000686645508,1212100,0.0036968132243936
2021-04-26,IOVA,31.729999542236328,33.54999923706055,31.729999542236328,33.06999969482422,2947900,0.0089908717962131
2021-04-27,IOVA,33.220001220703125,33.5,31.920000076293945,32.88999938964844,1090200,0.0033250274541984
2021-04-28,IOVA,32.61000061035156,32.88999938964844,31.809999465942383,31.84000015258789,1677800,0.0051171629633591
2021-04-29,IOVA,31.959999084472656,32.15999984741211,30.270000457763672,31.34000015258789,1450600,0.0044242201660798
2021-04-30,IOVA,31.15999984741211,32.150001525878906,31.0,31.440000534057617,1397600,0.0042625741790384
2021-05-03,IOVA,31.8799991607666,32.099998474121094,31.149999618530277,31.76000022888184,2035700,0.006208730864531
2021-05-04,IOVA,31.100000381469727,31.15999984741211,29.479999542236328,30.170000076293945,3572300,0.0108952445190176
2021-05-05,IOVA,30.3799991607666,31.46999931335449,28.88999938964844,29.21999931335449,2434800,0.0074259556461955
2021-05-06,IOVA,28.8700008392334,29.32999992370605,27.8700008392334,28.61000061035156,1864300,0.0056859738422877
2021-05-07,IOVA,29.93000030517578,30.81999969482422,28.34000015258789,28.520000457763672,2605400,0.0079462727290117
2021-05-10,IOVA,27.850000381469727,28.100000381469727,26.13999938964844,26.520000457763672,3417600,0.0104234212323138
2021-05-11,IOVA,25.290000915527344,27.32999992370605,25.06999969482422,26.51000022888184,2505900,0.0076428052627736
2021-05-12,IOVA,25.90999984741211,26.59000015258789,25.309999465942383,26.07999992370605,2094500,0.0063880664124184
2021-05-13,IOVA,26.34000015258789,27.3700008392334,24.5,25.01000022888184,2883900,0.0087956766420499
2021-05-14,IOVA,25.31999969482422,27.0,25.229999542236328,25.81999969482422,2148200,0.0065518473464585
2021-05-17,IOVA,25.200000762939453,26.739999771118164,24.75,26.489999771118164,2971100,0.0090616300395972
2021-05-18,IOVA,26.559999465942383,27.76000022888184,25.959999084472656,26.96999931335449,2178100,0.0066430400825441
2021-05-19,IOVA,24.01000022888184,24.700000762939453,15.880000114440918,16.329999923706055,37317100,0.1138143294909817
2021-05-20,IOVA,17.25,19.850000381469727,16.899999618530273,18.75,33052700,0.1008082323751463
2021-05-21,IOVA,19.280000686645508,19.290000915527344,17.350000381469727,18.049999237060547,11336700,0.034576076628152
2021-05-24,IOVA,18.15999984741211,18.25,17.239999771118164,17.770000457763672,4056800,0.0123729328345186
2021-05-25,IOVA,17.790000915527344,18.149999618530277,17.3700008392334,18.049999237060547,3498000,0.0106686351447313
2021-05-26,IOVA,18.13999938964844,19.01000022888184,18.13999938964844,18.780000686645508,3615400,0.0110266962556494
2021-05-27,IOVA,18.709999084472656,19.020000457763672,18.239999771118164,18.739999771118164,2693600,0.0082152760508428
2021-05-28,IOVA,18.690000534057617,19.59000015258789,18.46999931335449,18.56999969482422,2685700,0.0081911816490008
2021-06-01,IOVA,18.59000015258789,18.82999992370605,18.1200008392334,18.270000457763672,1984400,0.0060522697487721
2021-06-02,IOVA,18.21999931335449,18.780000686645508,17.780000686645508,18.280000686645508,3689300,0.0112520856602222
2021-06-03,IOVA,18.030000686645508,18.32999992370605,17.3799991607666,17.420000076293945,3906200,0.0119136142373783
2021-06-04,IOVA,17.549999237060547,18.040000915527344,17.549999237060547,17.920000076293945,2464600,0.0075168433898527
2021-06-07,IOVA,18.100000381469727,20.729999542236328,18.030000686645508,20.18000030517578,6296700,0.0192044582378015
2021-06-08,IOVA,20.540000915527344,20.88999938964844,19.649999618530277,20.59000015258789,3945100,0.0120322562920181
2021-06-09,IOVA,20.989999771118164,21.75,20.559999465942383,20.63999938964844,3010100,0.0091805770866654
2021-06-10,IOVA,21.280000686645508,23.46999931335449,20.920000076293945,23.13999938964844,6579900,0.0200681967949736
2021-06-11,IOVA,23.13999938964844,23.549999237060547,22.049999237060547,23.450000762939453,6388300,0.0194838313021976
2021-06-14,IOVA,23.32999992370605,24.3700008392334,23.21999931335449,23.8700008392334,3074700,0.0093776021953989
2021-06-15,IOVA,23.799999237060547,23.81999969482422,22.34000015258789,23.68000030517578,2391400,0.0072935889322786
2021-06-16,IOVA,23.61000061035156,24.15999984741211,22.90999984741211,24.030000686645508,1942900,0.0059256978909944
2021-06-17,IOVA,23.709999084472656,25.229999542236328,23.600000381469727,24.6200008392334,2432600,0.0074192458127711
2021-06-18,IOVA,24.61000061035156,25.11000061035156,24.100000381469727,24.780000686645508,3392300,0.0103462581479337
2021-06-21,IOVA,24.670000076293945,24.989999771118164,23.920000076293945,24.82999992370605,1581300,0.0048228452699724
2021-06-22,IOVA,24.459999084472656,24.979999542236328,23.850000381469727,24.0,1658100,0.0050570794549682
2021-06-23,IOVA,23.979999542236328,24.96999931335449,23.979999542236328,24.739999771118164,1355900,0.004135392336404
2021-06-24,IOVA,25.239999771118164,26.5,25.100000381469727,25.989999771118164,2519500,0.0076842842330333
2021-06-25,IOVA,25.950000762939453,27.040000915527344,25.709999084472656,27.030000686645508,4626100,0.0141092547292857
2021-06-28,IOVA,27.61000061035156,27.850000381469727,26.920000076293945,26.93000030517578,2681100,0.0081771519972953
2021-06-29,IOVA,25.8799991607666,27.0,24.770000457763672,26.32999992370605,3481700,0.0106189213789054
2021-06-30,IOVA,26.3799991607666,28.0,25.530000686645508,26.020000457763672,1796300,0.0054785789909894
2021-07-01,IOVA,25.88999938964844,26.8799991607666,25.450000762939453,26.57999992370605,1794200,0.0054721741499934
2021-07-02,IOVA,26.530000686645508,27.0,25.88999938964844,26.459999084472656,965300,0.0029440919111518
2021-07-06,IOVA,26.5,26.520000457763672,25.43000030517578,25.63999938964844,2491000,0.007597361390945
2021-07-07,IOVA,25.8700008392334,26.059999465942383,24.86000061035156,25.290000915527344,1550500,0.0047289076020314
2021-07-08,IOVA,24.11000061035156,25.40999984741211,23.8700008392334,25.32999992370605,1531900,0.0046721790103527
2021-07-09,IOVA,25.26000022888184,26.649999618530277,25.11000061035156,26.6299991607666,1605900,0.0048978734073539
2021-07-12,IOVA,26.700000762939453,27.01000022888184,25.299999237060547,25.299999237060547,1724000,0.0052580694652706
2021-07-13,IOVA,25.06999969482422,25.530000686645508,24.6299991607666,24.75,1197500,0.0036522843298501
2021-07-14,IOVA,25.0,25.030000686645508,23.21999931335449,23.32999992370605,1673200,0.0051031333116536
2021-07-15,IOVA,23.26000022888184,23.26000022888184,21.670000076293945,22.530000686645508,2961100,0.0090311307967592
2021-07-16,IOVA,22.61000061035156,23.049999237060547,22.06999969482422,22.489999771118164,1471100,0.0044867436138977
2021-07-19,IOVA,22.049999237060547,23.06999969482422,21.75,22.920000076293945,1555100,0.0047429372537369
2021-07-20,IOVA,23.059999465942383,24.059999465942383,22.549999237060547,23.75,2033000,0.0062004960689647
2021-07-21,IOVA,23.65999984741211,24.229999542236328,23.06999969482422,23.71999931335449,1553200,0.0047371423975976
2021-07-22,IOVA,23.76000022888184,24.040000915527344,23.1200008392334,23.270000457763672,934300,0.002849544258354
2021-07-23,IOVA,23.190000534057617,23.399999618530277,22.600000381469727,23.049999237060547,913900,0.0027873258029645
2021-07-26,IOVA,23.030000686645508,23.299999237060547,22.1299991607666,22.270000457763672,1511300,0.0046093505701064
2021-07-27,IOVA,22.280000686645508,22.450000762939453,21.020000457763672,21.82999992370605,1685000,0.0051391224182024
2021-07-28,IOVA,21.920000076293945,23.34000015258789,21.920000076293945,22.920000076293945,2395700,0.0073067036066989
2021-07-29,IOVA,22.950000762939453,23.51000022888184,22.489999771118164,22.520000457763672,1380800,0.0042113354510706
2021-07-30,IOVA,22.190000534057617,22.899999618530277,22.01000022888184,22.270000457763672,1244800,0.0037965457484738
2021-08-02,IOVA,22.51000022888184,22.989999771118164,22.09000015258789,22.489999771118164,1308500,0.0039908259253519
2021-08-03,IOVA,22.350000381469727,22.780000686645508,21.700000762939453,22.709999084472656,1694600,0.0051684016913269
2021-08-04,IOVA,22.5,23.25,22.5,22.799999237060547,2143700,0.0065381226871814
2021-08-05,IOVA,22.799999237060547,24.32999992370605,22.309999465942383,23.93000030517578,2149600,0.0065561172404558
2021-08-06,IOVA,24.61000061035156,24.61000061035156,23.38999938964844,23.540000915527344,2437500,0.0074341904417617
2021-08-09,IOVA,23.540000915527344,24.56999969482422,23.40999984741211,24.239999771118164,2365700,0.0072152058781849
2021-08-10,IOVA,24.3700008392334,24.3700008392334,23.07999992370605,23.270000457763672,1660700,0.0050650092581061
2021-08-11,IOVA,23.18000030517578,23.34000015258789,22.420000076293945,22.8799991607666,745500,0.0022737185535726
2021-08-12,IOVA,22.989999771118164,23.13999938964844,22.1200008392334,22.13999938964844,929300,0.002834294636935
2021-08-13,IOVA,22.1299991607666,22.489999771118164,21.649999618530277,21.770000457763672,1291200,0.0039380622352421
2021-08-16,IOVA,21.61000061035156,21.68000030517578,20.86000061035156,20.989999771118164,1712200,0.0052220803587218
2021-08-17,IOVA,20.770000457763672,21.25,20.420000076293945,21.190000534057617,1862100,0.0056792640088634
2021-08-18,IOVA,21.1200008392334,21.71999931335449,20.63999938964844,21.0,854600,0.0026064652929352
2021-08-19,IOVA,20.86000061035156,20.96999931335449,20.309999465942383,20.350000381469727,1074700,0.0032777536277995
2021-08-20,IOVA,20.270000457763672,21.899999618530277,20.190000534057617,21.170000076293945,1423300,0.0043409572331321
2021-08-23,IOVA,21.489999771118164,22.40999984741211,21.38999938964844,22.270000457763672,2040500,0.0062233705010932
2021-08-24,IOVA,22.280000686645508,22.739999771118164,21.809999465942383,22.700000762939453,856500,0.0026122601490744
2021-08-25,IOVA,22.6200008392334,23.84000015258789,22.450000762939453,23.56999969482422,1613800,0.0049219678091959
2021-08-26,IOVA,23.32999992370605,24.3799991607666,22.989999771118164,23.07999992370605,1572200,0.0047950909589898
2021-08-27,IOVA,23.020000457763672,24.049999237060547,23.020000457763672,23.51000022888184,1409800,0.0042997832553008
2021-08-30,IOVA,23.549999237060547,24.13999938964844,23.3700008392334,23.540000915527344,751200,0.0022911031219903
2021-08-31,IOVA,23.5,24.13999938964844,23.479999542236328,24.06999969482422,1151800,0.0035129027900804
2021-09-01,IOVA,24.21999931335449,24.920000076293945,24.040000915527344,24.309999465942383,1308400,0.0039905209329235
2021-09-02,IOVA,24.440000534057617,24.6299991607666,24.09000015258789,24.5,1156500,0.0035272374342143
2021-09-03,IOVA,24.399999618530277,25.239999771118164,24.170000076293945,25.100000381469727,1506500,0.0045947109335442
2021-09-07,IOVA,25.040000915527344,25.1299991607666,23.75,23.979999542236328,950700,0.0028995630166083
2021-09-08,IOVA,23.850000381469727,23.96999931335449,23.15999984741211,23.670000076293945,620700,0.0018930880029544
2021-09-09,IOVA,23.51000022888184,24.700000762939453,23.3700008392334,24.020000457763672,1685100,0.0051394274106308
2021-09-10,IOVA,24.26000022888184,24.40999984741211,22.65999984741211,22.770000457763672,1575200,0.0048042407318412
2021-09-13,IOVA,22.76000022888184,22.8700008392334,21.93000030517578,22.32999992370605,2035800,0.0062090358569594
2021-09-14,IOVA,22.5,23.09000015258789,21.450000762939453,21.739999771118164,1331400,0.0040606691914509
2021-09-15,IOVA,21.84000015258789,24.770000457763672,21.63999938964844,24.030000686645508,2556000,0.007795606469392
2021-09-16,IOVA,23.850000381469727,24.1200008392334,23.420000076293945,23.549999237060547,873000,0.0026625838997571
2021-09-17,IOVA,23.489999771118164,25.479999542236328,23.489999771118164,25.46999931335449,3655100,0.0111477782497162
2021-09-20,IOVA,24.51000022888184,24.51000022888184,23.600000381469727,24.0,1456400,0.0044419097269258
2021-09-21,IOVA,24.190000534057617,24.940000534057617,24.190000534057617,24.59000015258789,924000,0.0028181300382309
2021-09-22,IOVA,24.690000534057617,25.239999771118164,24.420000076293945,24.959999084472656,842000,0.0025680362469593
2021-09-23,IOVA,25.1299991607666,25.65999984741211,24.57999992370605,25.600000381469727,1572000,0.0047944809741331
2021-09-24,IOVA,25.309999465942383,25.65999984741211,24.440000534057617,24.959999084472656,1417200,0.0043223526950009
2021-09-27,IOVA,25.0,26.0,24.809999465942383,25.299999237060547,1081000,0.0032969681507874
2021-09-28,IOVA,24.5,25.239999771118164,24.46999931335449,24.6200008392334,1031400,0.003145691906311
2021-09-29,IOVA,24.850000381469727,25.350000381469727,23.780000686645508,23.790000915527344,1001600,0.0030548041626537
2021-09-30,IOVA,23.88999938964844,24.8700008392334,23.559999465942383,24.65999984741211,908700,0.0027714661966887
2021-10-01,IOVA,24.489999771118164,26.700000762939453,23.93000030517578,26.350000381469727,1754600,0.0053513971483549
2021-10-04,IOVA,26.309999465942383,26.670000076293945,25.5,26.020000457763672,1342300,0.0040939133661443
2021-10-05,IOVA,26.170000076293945,26.71999931335449,25.63999938964844,26.1299991607666,986200,0.0030078353286832
2021-10-06,IOVA,25.84000015258789,26.43000030517578,25.709999084472656,26.0,877800,0.0026772235363193
2021-10-07,IOVA,26.209999084472656,26.979999542236328,26.0,26.68000030517578,1584300,0.0048319950428238
2021-10-08,IOVA,26.56999969482422,27.1200008392334,26.229999542236328,26.420000076293945,835100,0.0025469917694011
2021-10-11,IOVA,26.36000061035156,26.8799991607666,25.40999984741211,26.209999084472656,815100,0.0024859932837251
2021-10-12,IOVA,26.38999938964844,27.0,26.0,26.96999931335449,1139400,0.0034750837289613
2021-10-13,IOVA,27.06999969482422,27.65999984741211,26.25,26.32999992370605,1364500,0.0041616216852446
2021-10-14,IOVA,26.59000015258789,27.959999084472656,26.549999237060547,27.6299991607666,1275900,0.0038913983937
2021-10-15,IOVA,27.71999931335449,27.940000534057617,26.520000457763672,26.61000061035156,856500,0.0026122601490744
2021-10-18,IOVA,26.5,26.600000381469727,25.32999992370605,25.540000915527344,1146100,0.0034955182216628
2021-10-19,IOVA,25.63999938964844,26.729999542236328,25.63999938964844,26.200000762939453,1099100,0.0033521717803242
2021-10-20,IOVA,25.940000534057617,26.40999984741211,25.40999984741211,25.809999465942383,882000,0.0026900332183113
2021-10-21,IOVA,25.940000534057617,26.489999771118164,25.799999237060547,26.030000686645508,686100,0.0020925530511149
2021-10-22,IOVA,25.959999084472656,26.09000015258789,25.350000381469727,25.61000061035156,912800,0.0027839708862523
2021-10-25,IOVA,25.51000022888184,26.399999618530277,25.420000076293945,26.190000534057617,1010700,0.0030825584736363
2021-10-26,IOVA,26.440000534057617,26.96999931335449,26.1200008392334,26.21999931335449,792700,0.002417674979768
2021-10-27,IOVA,26.1200008392334,26.520000457763672,25.459999084472656,25.479999542236328,1233800,0.003762996581352
2021-10-28,IOVA,25.270000457763672,25.6200008392334,24.82999992370605,25.25,1625400,0.004957346930888
2021-10-29,IOVA,25.049999237060547,25.31999969482422,24.030000686645508,24.309999465942383,1574000,0.0048005808227007
2021-11-01,IOVA,24.270000457763672,25.530000686645508,24.270000457763672,24.799999237060547,1967500,0.0060007260283759
2021-11-02,IOVA,24.86000061035156,24.88999938964844,24.26000022888184,24.63999938964844,1582000,0.0048249802169711
2021-11-03,IOVA,24.43000030517578,25.1299991607666,24.309999465942383,24.86000061035156,2447600,0.0074649946770281
2021-11-04,IOVA,24.989999771118164,25.18000030517578,24.1200008392334,24.51000022888184,2032900,0.0062001910765364
2021-11-05,IOVA,24.0,25.8799991607666,23.6299991607666,25.0,2334500,0.0071200482405304
2021-11-08,IOVA,25.049999237060547,25.90999984741211,24.8799991607666,25.020000457763672,2304700,0.0070291604968731
2021-11-09,IOVA,24.96999931335449,26.1299991607666,24.690000534057617,24.809999465942383,1450600,0.0044242201660798
2021-11-10,IOVA,24.649999618530277,25.420000076293945,23.3799991607666,23.399999618530277,1969700,0.0060074358618002
2021-11-11,IOVA,23.530000686645508,23.899999618530277,23.11000061035156,23.5,1483600,0.0045248676674452
2021-11-12,IOVA,23.0,23.0,19.739999771118164,21.06999969482422,7241800,0.0220869416784206
2021-11-15,IOVA,21.1299991607666,21.18000030517578,19.209999084472656,19.59000015258789,3171500,0.0096728348660707
2021-11-16,IOVA,19.450000762939453,19.780000686645508,18.88999938964844,19.65999984741211,2900900,0.0088475253548745
2021-11-17,IOVA,19.489999771118164,19.709999084472656,19.040000915527344,19.420000076293945,1367200,0.0041698564808109
2021-11-18,IOVA,19.559999465942383,19.600000381469727,18.81999969482422,19.049999237060547,1566100,0.0047764864208587
2021-11-19,IOVA,19.0,19.11000061035156,18.6299991607666,18.82999992370605,1394800,0.0042540343910438
2021-11-22,IOVA,18.82999992370605,19.13999938964844,18.299999237060547,18.399999618530277,2140100,0.0065271429597597
2021-11-23,IOVA,18.40999984741211,18.809999465942383,17.93000030517578,18.729999542236328,2038100,0.0062160506828121
2021-11-24,IOVA,18.549999237060547,18.88999938964844,18.229999542236328,18.709999084472656,1590300,0.0048502945885266
2021-11-26,IOVA,18.420000076293945,18.8799991607666,18.010000228881836,18.5,1791300,0.0054633293695704
2021-11-29,IOVA,18.780000686645508,19.059999465942383,18.11000061035156,18.239999771118164,1488700,0.0045404222812926
2021-11-30,IOVA,18.170000076293945,18.82999992370605,18.07999992370605,18.71999931335449,2284100,0.0069663320566268
2021-12-01,IOVA,18.76000022888184,18.920000076293945,17.579999923706055,17.579999923706055,1597300,0.0048716440585132
2021-12-02,IOVA,17.549999237060547,18.100000381469727,17.100000381469727,17.610000610351562,1417100,0.0043220477025725
2021-12-03,IOVA,17.5,17.56999969482422,16.34000015258789,16.549999237060547,3002400,0.0091570926696802
2021-12-06,IOVA,16.5,17.09000015258789,15.9399995803833,16.93000030517578,2514100,0.0076678146419008
2021-12-07,IOVA,17.459999084472656,19.239999771118164,17.389999389648438,18.780000686645508,2827500,0.0086236609124436
2021-12-08,IOVA,18.75,19.200000762939453,18.06999969482422,18.899999618530277,1205000,0.0036751587619786
2021-12-09,IOVA,18.670000076293945,19.309999465942383,18.36000061035156,18.68000030517578,1951200,0.0059510122625499
2021-12-10,IOVA,18.8700008392334,19.25,18.31999969482422,18.46999931335449,1072300,0.0032704338095184
2021-12-13,IOVA,18.3799991607666,18.739999771118164,17.709999084472656,18.209999084472656,1186200,0.0036178201854432
2021-12-14,IOVA,17.799999237060547,18.229999542236328,17.489999771118164,17.889999389648438,1692400,0.0051616918579026
2021-12-15,IOVA,17.950000762939453,18.520000457763672,17.350000381469727,18.51000022888184,1629200,0.0049689366431664
2021-12-16,IOVA,18.700000762939453,18.93000030517578,17.670000076293945,17.799999237060547,2098200,0.0063993511322685
2021-12-17,IOVA,17.610000610351562,19.61000061035156,17.459999084472656,19.479999542236328,3740200,0.0114073268062676
2021-12-20,IOVA,19.1200008392334,19.899999618530277,18.71999931335449,19.57999992370605,2100500,0.0064063659581212
2021-12-21,IOVA,19.799999237060547,19.899999618530277,19.01000022888184,19.350000381469727,1258800,0.003839244688447
2021-12-22,IOVA,19.229999542236328,19.899999618530277,18.90999984741211,19.82999992370605,1623700,0.0049521620596055
2021-12-23,IOVA,19.799999237060547,20.34000015258789,19.479999542236328,20.15999984741211,1257400,0.0038349747944497
2021-12-27,IOVA,20.030000686645508,20.25,19.51000022888184,19.75,1545700,0.0047142679654691
2021-12-28,IOVA,19.729999542236328,20.600000381469727,19.549999237060547,19.709999084472656,1344500,0.0041006231995686
2021-12-29,IOVA,19.540000915527344,19.700000762939453,18.950000762939453,19.309999465942383,721600,0.0022008253631898
2021-12-30,IOVA,19.25,20.270000457763672,19.15999984741211,19.420000076293945,1126900,0.0034369596754138
2021-12-31,IOVA,19.38999938964844,20.049999237060547,19.020000457763672,19.09000015258789,1000700,0.0030520592307983
2022-01-03,IOVA,19.34000015258789,19.65999984741211,18.6200008392334,19.100000381469727,2739400,0.0083549625830408
2022-01-04,IOVA,19.100000381469727,19.399999618530277,17.920000076293945,18.46999931335449,2211100,0.0067436875839095
2022-01-05,IOVA,18.32999992370605,18.75,16.81999969482422,16.81999969482422,1449200,0.0044199502720825
2022-01-06,IOVA,16.670000076293945,17.1299991607666,15.710000038146973,16.049999237060547,4811100,0.0146734907217887
2022-01-07,IOVA,16.299999237060547,17.059999465942383,16.020000457763672,16.280000686645508,1961600,0.0059827314751014
2022-01-10,IOVA,16.25,16.280000686645508,13.979999542236328,14.420000076293944,3994700,0.0121835325364946
2022-01-11,IOVA,14.5,14.869999885559082,14.170000076293944,14.550000190734863,3401600,0.010374622443773
2022-01-12,IOVA,14.630000114440918,15.220000267028809,14.18000030517578,14.949999809265137,3612500,0.0110178514752264
2022-01-13,IOVA,14.989999771118164,15.890000343322754,14.949999809265137,15.220000267028809,3686000,0.0112420209100856
2022-01-14,IOVA,15.0,15.670000076293944,14.75,15.489999771118164,2775800,0.0084659798269712
2022-01-18,IOVA,15.149999618530272,15.300000190734863,14.420000076293944,14.460000038146973,2167700,0.0066113208699926
2022-01-19,IOVA,14.56999969482422,15.130000114440918,14.140000343322754,14.1899995803833,1516100,0.0046239902066687
2022-01-20,IOVA,14.479999542236328,14.970000267028809,13.9399995803833,14.039999961853027,1478500,0.0045093130535978
2022-01-21,IOVA,13.829999923706056,14.34000015258789,13.75,13.960000038146973,3054600,0.0093162987172945
2022-01-24,IOVA,13.699999809265137,14.829999923706056,13.279999732971191,14.729999542236328,2713200,0.0082750545668053
2022-01-25,IOVA,14.399999618530272,15.010000228881836,14.029999732971191,14.65999984741211,2428800,0.0074076561004927
2022-01-26,IOVA,15.039999961853027,16.149999618530273,14.5,14.65999984741211,2302000,0.0070209257013069
2022-01-27,IOVA,14.859999656677246,15.229999542236328,13.739999771118164,13.829999923706056,1568300,0.004783196254283
2022-01-28,IOVA,14.420000076293944,15.039999961853027,13.899999618530272,15.039999961853027,2294100,0.0069968312994648
2022-01-31,IOVA,15.020000457763672,16.670000076293945,15.020000457763672,16.649999618530273,2783500,0.0084894642439564
2022-02-01,IOVA,16.790000915527344,17.260000228881836,16.579999923706055,16.969999313354492,1901000,0.0057979060635032
2022-02-02,IOVA,16.889999389648438,16.959999084472656,16.31999969482422,16.579999923706055,1499000,0.0045718365014157
2022-02-03,IOVA,16.09000015258789,16.68000030517578,15.800000190734863,15.869999885559082,1447200,0.0044138504235149
2022-02-04,IOVA,15.90999984741211,16.079999923706055,15.479999542236328,15.869999885559082,1516400,0.0046249051839538
2022-02-07,IOVA,15.979999542236328,16.780000686645508,15.850000381469728,16.440000534057617,1314100,0.0040079055013411
2022-02-08,IOVA,16.280000686645508,16.5,15.729999542236328,16.299999237060547,1389800,0.0042387847696248
2022-02-09,IOVA,16.5,17.559999465942383,16.399999618530273,17.389999389648438,1991200,0.0060730092339019
2022-02-10,IOVA,16.770000457763672,17.700000762939453,16.6299991607666,16.950000762939453,1710000,0.0052153705252974
2022-02-11,IOVA,16.81999969482422,17.729999542236328,16.649999618530273,16.850000381469727,1496700,0.004564821675563
2022-02-14,IOVA,16.899999618530273,17.420000076293945,16.670000076293945,16.729999542236328,1439800,0.0043912809838148
2022-02-15,IOVA,16.969999313354492,17.950000762939453,16.969999313354492,17.860000610351562,1702400,0.0051921911007406
2022-02-16,IOVA,17.6299991607666,17.729999542236328,17.049999237060547,17.299999237060547,1410200,0.0043010032250143
2022-02-17,IOVA,17.06999969482422,17.1200008392334,16.139999389648438,16.34000015258789,1561000,0.0047609318070113
2022-02-18,IOVA,16.25,16.459999084472656,15.65999984741211,16.0,1077600,0.0032865984082225
2022-02-22,IOVA,15.0600004196167,16.25,15.0600004196167,15.510000228881836,1150000,0.0035074129263696
2022-02-23,IOVA,15.68000030517578,15.789999961853027,14.109999656677246,14.109999656677246,2168700,0.0066143707942764
2022-02-24,IOVA,13.619999885559082,14.869999885559082,13.399999618530272,14.850000381469728,2203500,0.0067205081593526
2022-02-25,IOVA,14.170000076293944,15.699999809265137,14.170000076293944,15.550000190734863,2680200,0.0081744070654399
2022-02-28,IOVA,15.289999961853027,16.1200008392334,15.1899995803833,15.670000076293944,1891500,0.0057689317828071
2022-03-01,IOVA,15.520000457763672,15.979999542236328,15.350000381469728,15.43000030517578,1305600,0.0039819811449288
2022-03-02,IOVA,15.449999809265137,15.550000190734863,14.649999618530272,14.670000076293944,1439900,0.0043915859762431
2022-03-03,IOVA,14.75,14.869999885559082,13.640000343322754,14.0,2038800,0.0062181856298108
2022-03-04,IOVA,13.949999809265137,14.199999809265137,12.880000114440918,12.970000267028809,2183200,0.0066585946963915
2022-03-07,IOVA,13.149999618530272,13.40999984741211,12.600000381469728,12.739999771118164,1158500,0.0035333372827819
2022-03-08,IOVA,12.6899995803833,13.260000228881836,12.3100004196167,12.6899995803833,1737800,0.0053001584203871
2022-03-09,IOVA,12.970000267028809,13.829999923706056,12.949999809265137,13.720000267028809,1872500,0.0057109832214149
2022-03-10,IOVA,13.34000015258789,14.010000228881836,13.020000457763672,13.989999771118164,2203700,0.0067211181442093
2022-03-11,IOVA,14.15999984741211,14.3100004196167,13.130000114440918,13.18000030517578,1389200,0.0042369548150545
2022-03-14,IOVA,13.25,13.390000343322754,12.18000030517578,12.380000114440918,1868400,0.0056984785318513
2022-03-15,IOVA,12.40999984741211,12.739999771118164,12.279999732971191,12.510000228881836,1166200,0.0035568216997672
2022-03-16,IOVA,13.329999923706056,13.420000076293944,12.59000015258789,13.390000343322754,1648600,0.0050281051742721
2022-03-17,IOVA,13.270000457763672,14.720000267028809,13.100000381469728,14.670000076293944,1884700,0.0057481922976772
2022-03-18,IOVA,14.729999542236328,16.1200008392334,14.520000457763672,16.079999923706055,4395500,0.0134059421894415
2022-03-21,IOVA,15.850000381469728,15.979999542236328,14.890000343322754,15.0,1607800,0.0049036682634931
2022-03-22,IOVA,14.979999542236328,16.110000610351562,14.970000267028809,15.9399995803833,1161900,0.0035437070253468
2022-03-23,IOVA,15.789999961853027,18.34000015258789,15.600000381469728,16.559999465942383,7708900,0.0235115613113835
2022-03-24,IOVA,16.56999969482422,17.559999465942383,16.229999542236328,17.549999237060547,3508900,0.0107018793194247
2022-03-25,IOVA,17.440000534057617,17.5,16.690000534057617,17.0,1845700,0.0056292452506091
2022-03-28,IOVA,17.1299991607666,17.329999923706055,16.299999237060547,16.75,1244900,0.0037968507409022
2022-03-29,IOVA,16.969999313354492,17.549999237060547,16.899999618530273,17.540000915527344,1514300,0.0046185003429578
2022-03-30,IOVA,17.450000762939453,17.649999618530273,16.510000228881836,16.700000762939453,1518200,0.0046303950476647
2022-03-31,IOVA,16.84000015258789,17.450000762939453,16.520000457763672,16.649999618530273,1482400,0.0045212077583046
2022-04-01,IOVA,16.780000686645508,17.219999313354492,16.600000381469727,17.110000610351562,2545600,0.0077638872568405
2022-04-04,IOVA,17.309999465942383,17.670000076293945,16.889999389648438,17.360000610351562,3317900,0.010119343781219
2022-04-05,IOVA,17.290000915527344,17.559999465942383,16.40999984741211,16.559999465942383,1736000,0.0052946685566762
2022-04-06,IOVA,17.270000457763672,17.270000457763672,15.079999923706056,16.940000534057617,6326500,0.0192953459814588
2022-04-07,IOVA,16.950000762939453,18.309999465942383,16.760000228881836,18.229999542236328,3427800,0.0104545304600086
2022-04-08,IOVA,18.190000534057617,18.729999542236328,17.950000762939453,18.32999992370605,2517200,0.0076772694071806
2022-04-11,IOVA,17.940000534057617,18.26000022888184,16.889999389648438,17.049999237060547,3315100,0.0101108039932243
2022-04-12,IOVA,17.290000915527344,18.149999618530277,17.280000686645508,17.479999542236328,2108900,0.0064319853221051
2022-04-13,IOVA,17.40999984741211,18.049999237060547,17.40999984741211,17.90999984741211,1757100,0.0053590219590644
2022-04-14,IOVA,17.899999618530273,18.010000228881836,17.440000534057617,17.6200008392334,2068300,0.0063081583961829
2022-04-18,IOVA,17.540000915527344,17.559999465942383,16.010000228881836,16.15999984741211,2563800,0.0078193958788056
2022-04-19,IOVA,16.15999984741211,16.899999618530273,16.139999389648438,16.5,1363600,0.0041588767533892
2022-04-20,IOVA,16.579999923706055,17.3799991607666,16.440000534057617,17.010000228881836,1529900,0.0046660791617851
2022-04-21,IOVA,17.209999084472656,17.59000015258789,16.020000457763672,16.06999969482422,2192700,0.0066875689770876
2022-04-22,IOVA,16.059999465942383,16.43000030517578,15.8100004196167,16.270000457763672,1230300,0.0037523218463587
2022-04-25,IOVA,16.18000030517578,17.030000686645508,16.139999389648438,16.8799991607666,1265100,0.003858459211435
2022-04-26,IOVA,16.75,17.139999389648438,15.18000030517578,15.1899995803833,1991500,0.0060739242111871
2022-04-27,IOVA,15.15999984741211,15.56999969482422,14.880000114440918,15.06999969482422,1451100,0.0044257451282217
2022-04-28,IOVA,15.239999771118164,15.760000228881836,14.380000114440918,15.59000015258789,1937400,0.0059089233074335
2022-04-29,IOVA,15.75,16.09000015258789,15.029999732971191,15.149999618530272,1704000,0.0051970709795946
2022-05-02,IOVA,15.020000457763672,16.450000762939453,14.989999771118164,16.389999389648438,2431000,0.007414365933917
2022-05-03,IOVA,16.149999618530273,16.709999084472656,15.979999542236328,16.280000686645508,1041400,0.003176191149149
2022-05-04,IOVA,16.3799991607666,16.579999923706055,15.369999885559082,16.5,2068600,0.006309073373468
2022-05-05,IOVA,16.329999923706055,16.469999313354492,14.5,14.829999923706056,2274600,0.0069373577759307
2022-05-06,IOVA,14.859999656677246,15.149999618530272,14.300000190734863,14.460000038146973,2645600,0.0080688796852204
2022-05-09,IOVA,14.039999961853027,14.43000030517578,13.0600004196167,13.06999969482422,2412300,0.00735733234981
2022-05-10,IOVA,13.970000267028809,14.850000381469728,12.829999923706056,13.670000076293944,2647900,0.0080758945110732
2022-05-11,IOVA,13.399999618530272,13.640000343322754,12.3100004196167,12.31999969482422,2522500,0.0076934340058847
2022-05-12,IOVA,12.029999732971191,12.899999618530272,11.90999984741211,12.539999961853027,2572400,0.0078456252276463
2022-05-13,IOVA,12.880000114440918,14.260000228881836,12.630000114440918,14.06999969482422,2152700,0.0065655720057356
2022-05-16,IOVA,13.789999961853027,14.5600004196167,13.619999885559082,14.050000190734863,1155200,0.0035232725326454
2022-05-17,IOVA,14.369999885559082,14.9399995803833,14.1899995803833,14.880000114440918,1376200,0.0041973057993651
2022-05-18,IOVA,14.289999961853027,15.140000343322754,14.25,14.59000015258789,1715600,0.0052324501012867
2022-05-19,IOVA,14.460000038146973,15.15999984741211,14.239999771118164,14.949999809265137,1418000,0.0043247926344279
2022-05-20,IOVA,15.229999542236328,15.59000015258789,14.489999771118164,15.43000030517578,1478200,0.0045083980763127
2022-05-23,IOVA,15.399999618530272,15.649999618530272,14.800000190734863,15.010000228881836,1758600,0.0053635968454901
2022-05-24,IOVA,14.699999809265137,14.729999542236328,14.100000381469728,14.359999656677246,1487800,0.0045376773494371
2022-05-25,IOVA,14.43000030517578,14.8100004196167,14.020000457763672,14.779999732971191,1707900,0.0052089656843015
2022-05-26,IOVA,14.75,15.630000114440918,14.380000114440918,15.119999885559082,4756100,0.0145057448861797
2022-05-27,IOVA,7.800000190734863,7.909999847412109,6.75,7.019999980926514,36758800,0.1121115567633364
2022-05-31,IOVA,6.989999771118164,7.489999771118164,6.650000095367432,6.75,13509500,0.041202952111992
2022-06-01,IOVA,6.650000095367432,6.699999809265137,6.28000020980835,6.380000114440918,10264500,0.031305947811062
2022-06-02,IOVA,6.300000190734863,6.760000228881836,6.179999828338623,6.599999904632568,9576700,0.0292082098886645
2022-06-03,IOVA,6.980000019073486,7.869999885559082,6.909999847412109,7.849999904632568,26948700,0.0821914945468329
2022-06-06,IOVA,7.860000133514404,8.140000343322754,7.409999847412109,7.53000020980835,9628900,0.0293674159362789
2022-06-07,IOVA,7.5,8.390000343322754,7.369999885559082,8.319999694824219,8235800,0.0251185664165175
2022-06-08,IOVA,8.25,9.470000267028809,8.220000267028809,9.140000343322754,7054300,0.0215150808752082
2022-06-09,IOVA,9.039999961853027,9.329999923706056,8.539999961853027,8.539999961853027,5589900,0.0170487717540119
2022-06-10,IOVA,8.479999542236328,9.199999809265137,8.270000457763672,8.300000190734863,6484100,0.0197760140485856
2022-06-13,IOVA,7.989999771118164,8.09000015258789,7.380000114440918,7.679999828338623,4118500,0.012561113162829
2022-06-14,IOVA,7.710000038146973,7.889999866485596,7.239999771118164,7.730000019073486,3225700,0.0098381407622526
2022-06-15,IOVA,7.699999809265137,8.369999885559082,7.670000076293945,8.199999809265137,4182000,0.0127547833548503
2022-06-16,IOVA,7.929999828338623,8.229999542236328,7.699999809265137,8.130000114440918,3880300,0.0118346211984279
2022-06-17,IOVA,8.130000114440918,9.4399995803833,8.130000114440918,8.760000228881836,11254200,0.0343244578747385
2022-06-21,IOVA,8.869999885559082,9.739999771118164,8.869999885559082,9.1899995803833,5022000,0.015316719753242
2022-06-22,IOVA,9.010000228881836,10.149999618530272,9.010000228881836,9.859999656677246,5198700,0.0158556413741895
2022-06-23,IOVA,9.800000190734863,10.479999542236328,9.75,10.329999923706056,7060500,0.0215339904057677
2022-06-24,IOVA,10.329999923706056,10.920000076293944,10.09000015258789,10.350000381469728,22384400,0.068270725138286
2022-06-27,IOVA,10.350000381469728,11.470000267028809,10.34000015258789,11.130000114440918,6599900,0.0201291952806496
2022-06-28,IOVA,11.130000114440918,11.539999961853027,10.789999961853027,10.979999542236328,5130300,0.0156470265531776
2022-06-29,IOVA,10.890000343322754,10.949999809265137,10.510000228881836,10.890000343322754,3450200,0.0105228487639657
2022-06-30,IOVA,10.800000190734863,11.210000038146973,10.34000015258789,11.039999961853027,3322100,0.0101321534632109
2022-07-01,IOVA,11.0600004196167,11.619999885559082,10.9399995803833,11.470000267028809,4141600,0.0126315664137848
2022-07-05,IOVA,11.210000038146973,11.59000015258789,10.93000030517578,11.56999969482422,4493000,0.013703309807112
2022-07-06,IOVA,11.630000114440918,12.40999984741211,11.609999656677246,11.989999771118164,5381300,0.0164125575484113
2022-07-07,IOVA,12.050000190734863,12.899999618530272,11.850000381469728,12.59000015258789,4056800,0.0123729328345186
2022-07-08,IOVA,12.350000381469728,12.65999984741211,12.270000457763672,12.520000457763672,2586600,0.0078889341524763
2022-07-11,IOVA,12.329999923706056,12.510000228881836,11.670000076293944,11.6899995803833,3208200,0.0097847670872861
2022-07-12,IOVA,11.75,12.199999809265137,11.15999984741211,12.149999618530272,2649900,0.0080819943596408
2022-07-13,IOVA,11.729999542236328,12.75,11.640000343322754,12.449999809265137,2253600,0.006873309365971
2022-07-14,IOVA,12.399999618530272,12.869999885559082,12.279999732971191,12.699999809265137,2381400,0.0072630896894406
2022-07-15,IOVA,12.899999618530272,12.899999618530272,12.34000015258789,12.800000190734863,1948600,0.005943082459412
2022-07-18,IOVA,12.970000267028809,13.100000381469728,11.850000381469728,12.0,3617900,0.0110343210663589
2022-07-19,IOVA,12.100000381469728,12.710000038146973,11.920000076293944,12.470000267028809,3033500,0.0092519453149063
2022-07-20,IOVA,12.479999542236328,13.4399995803833,12.449999809265137,12.9399995803833,3971900,0.012113994262824
2022-07-21,IOVA,12.920000076293944,13.079999923706056,12.359999656677246,12.520000457763672,1873800,0.0057149481229838
2022-07-22,IOVA,12.640000343322754,12.850000381469728,11.739999771118164,11.779999732971191,2439700,0.0074409002751861
2022-07-25,IOVA,11.920000076293944,12.050000190734863,11.56999969482422,11.979999542236328,1676400,0.0051128930693618
2022-07-26,IOVA,11.8100004196167,12.359999656677246,11.770000457763672,12.0,1645800,0.0050195653862775
2022-07-27,IOVA,12.119999885559082,12.229999542236328,11.720000267028809,12.149999618530272,2671500,0.0081478727241708
2022-07-28,IOVA,12.18000030517578,12.210000038146973,11.0600004196167,11.649999618530272,2860300,0.0087236984289522
2022-07-29,IOVA,11.779999732971191,11.779999732971191,11.210000038146973,11.649999618530272,2160900,0.0065905813848627
2022-08-01,IOVA,11.619999885559082,11.710000038146973,10.989999771118164,11.119999885559082,2360500,0.0071993462719091
2022-08-02,IOVA,11.06999969482422,11.579999923706056,11.020000457763672,11.5,2021700,0.0061660319245578
2022-08-03,IOVA,11.710000038146973,12.529999732971191,11.710000038146973,12.039999961853027,2677100,0.0081649523001601
2022-08-04,IOVA,12.229999542236328,12.539999961853027,11.970000267028809,12.539999961853027,2703300,0.0082448603163957
2022-08-05,IOVA,11.369999885559082,12.31999969482422,11.199999809265137,12.18000030517578,4105600,0.012521769139568
2022-08-08,IOVA,12.31999969482422,13.0,12.039999961853027,12.3100004196167,2745800,0.0083744820984572
2022-08-09,IOVA,12.170000076293944,12.399999618530272,11.739999771118164,12.010000228881836,2282200,0.0069605372004876
2022-08-10,IOVA,12.229999542236328,12.390000343322754,11.979999542236328,12.380000114440918,1918300,0.0058506697536129
2022-08-11,IOVA,12.359999656677246,12.5600004196167,11.699999809265137,11.84000015258789,2637800,0.0080450902758068
2022-08-12,IOVA,12.0600004196167,12.75,11.890000343322754,12.65999984741211,1818200,0.0055453723328046
2022-08-15,IOVA,12.520000457763672,12.93000030517578,12.40999984741211,12.850000381469728,1362300,0.0041549118518203
2022-08-16,IOVA,12.880000114440918,13.279999732971191,12.510000228881836,13.050000190734863,3439100,0.0104889946044155
2022-08-17,IOVA,12.739999771118164,13.31999969482422,12.739999771118164,12.789999961853027,2319500,0.0070742993762734
2022-08-18,IOVA,12.539999961853027,12.670000076293944,11.949999809265137,12.380000114440918,2230500,0.0068028561150152
2022-08-19,IOVA,12.130000114440918,12.329999923706056,11.699999809265137,12.0,1911400,0.0058296252760547
2022-08-22,IOVA,11.9399995803833,12.06999969482422,11.649999618530272,11.770000457763672,1998600,0.006095578673602
2022-08-23,IOVA,11.890000343322754,11.9399995803833,11.43000030517578,11.739999771118164,2607000,0.0079511526078658
2022-08-24,IOVA,11.850000381469728,11.949999809265137,11.489999771118164,11.640000343322754,2304400,0.007028245519588
2022-08-25,IOVA,11.779999732971191,11.93000030517578,11.460000038146973,11.6899995803833,1918700,0.0058518897233264
2022-08-26,IOVA,11.670000076293944,11.729999542236328,10.9399995803833,11.0,2461800,0.0075083036018581
2022-08-29,IOVA,10.800000190734863,11.210000038146973,10.630000114440918,10.699999809265137,2136300,0.0065155532474813
2022-08-30,IOVA,10.890000343322754,11.100000381469728,10.350000381469728,10.449999809265137,2378500,0.0072542449090175
2022-08-31,IOVA,10.770000457763672,10.84000015258789,10.5600004196167,10.720000267028809,2018500,0.0061562721668496
2022-09-01,IOVA,10.600000381469728,10.949999809265137,10.380000114440918,10.9399995803833,2228200,0.0067958412891624
2022-09-02,IOVA,11.020000457763672,11.220000267028809,10.640000343322754,10.979999542236328,1809000,0.0055173130293936
2022-09-06,IOVA,10.979999542236328,11.020000457763672,9.989999771118164,10.020000457763672,2294900,0.0069992712388919
2022-09-07,IOVA,10.0,10.859999656677246,9.920000076293944,10.829999923706056,2132700,0.0065045735200596
2022-09-08,IOVA,10.6899995803833,11.380000114440918,10.640000343322754,11.270000457763672,1882100,0.0057402624945394
2022-09-09,IOVA,11.270000457763672,11.380000114440918,10.970000267028809,11.199999809265137,1290400,0.0039356222958151
2022-09-12,IOVA,11.1899995803833,11.600000381469728,10.920000076293944,11.600000381469728,1385500,0.0042256700952044
2022-09-13,IOVA,11.15999984741211,11.3100004196167,10.760000228881836,10.989999771118164,2707400,0.0082573650059593
2022-09-14,IOVA,11.0,11.130000114440918,10.729999542236328,11.06999969482422,1950500,0.0059488773155513
2022-09-15,IOVA,10.989999771118164,11.880000114440918,10.979999542236328,11.869999885559082,2354500,0.0071810467262063
2022-09-16,IOVA,11.640000343322754,11.739999771118164,10.68000030517578,10.84000015258789,4434300,0.013524279251653
2022-09-19,IOVA,10.800000190734863,10.859999656677246,10.3100004196167,10.640000343322754,2637600,0.00804448029095
2022-09-20,IOVA,10.489999771118164,10.770000457763672,10.43000030517578,10.6899995803833,1401600,0.0042747738761736
2022-09-21,IOVA,10.770000457763672,10.770000457763672,10.029999732971191,10.029999732971191,2409800,0.0073497075391005
2022-09-22,IOVA,9.920000076293944,10.220000267028809,9.75,10.050000190734863,1600200,0.0048804888389362
2022-09-23,IOVA,9.989999771118164,10.0,9.5,9.789999961853027,2120800,0.0064682794210824
2022-09-26,IOVA,9.760000228881836,10.220000267028809,9.56999969482422,9.59000015258789,1989500,0.0060678243626195
2022-09-27,IOVA,9.899999618530272,10.06999969482422,9.710000038146973,9.890000343322754,2060700,0.006284978971626
2022-09-28,IOVA,10.029999732971191,10.369999885559082,9.989999771118164,10.239999771118164,1805600,0.0055069432868287
2022-09-29,IOVA,10.0600004196167,10.119999885559082,9.460000038146973,9.529999732971191,2178400,0.0066439550598292
2022-09-30,IOVA,9.460000038146973,10.09000015258789,9.460000038146973,9.579999923706056,1757100,0.0053590219590644
2022-10-03,IOVA,9.729999542236328,9.90999984741211,9.149999618530272,9.34000015258789,2705700,0.0082521801346768
2022-10-04,IOVA,9.5,10.020000457763672,9.479999542236328,10.0,2732500,0.0083339181054826
2022-10-05,IOVA,9.770000457763672,10.0,9.43000030517578,9.850000381469728,1948300,0.0059421674821269
2022-10-06,IOVA,9.829999923706056,10.079999923706056,9.68000030517578,9.949999809265137,1470300,0.0044843036744706
2022-10-07,IOVA,9.739999771118164,10.40999984741211,9.600000381469728,9.770000457763672,2846300,0.008680999488979
2022-10-10,IOVA,9.6899995803833,9.760000228881836,8.630000114440918,8.649999618530273,3261900,0.0099485480213262
2022-10-11,IOVA,8.600000381469727,9.109999656677246,8.359999656677246,8.90999984741211,2169900,0.0066180307034169
2022-10-12,IOVA,8.890000343322754,9.270000457763672,8.619999885559082,9.210000038146973,1824400,0.0055642818633641
2022-10-13,IOVA,8.899999618530273,9.1899995803833,8.789999961853027,9.140000343322754,2038700,0.0062178806373824
2022-10-14,IOVA,9.31999969482422,9.510000228881836,8.829999923706055,8.850000381469727,1780600,0.0054306951797337
2022-10-17,IOVA,8.989999771118164,9.510000228881836,8.899999618530273,9.4399995803833,2044800,0.0062364851755136
2022-10-18,IOVA,9.630000114440918,9.890000343322754,9.34000015258789,9.420000076293944,1357500,0.004140272215258
2022-10-19,IOVA,9.390000343322754,9.390000343322754,8.680000305175781,8.8100004196167,2791100,0.0085126436685133
2022-10-20,IOVA,8.829999923706055,9.31999969482422,8.770000457763672,8.949999809265137,1725000,0.0052611193895544
2022-10-21,IOVA,8.9399995803833,9.239999771118164,8.829999923706055,9.229999542236328,1747200,0.0053288277086548
2022-10-24,IOVA,9.220000267028809,9.31999969482422,8.930000305175781,9.260000228881836,1512800,0.0046139254565321
2022-10-25,IOVA,9.289999961853027,9.8100004196167,9.289999961853027,9.699999809265137,1863400,0.0056832289104323
2022-10-26,IOVA,9.670000076293944,10.140000343322754,9.539999961853027,9.6899995803833,1352600,0.0041253275862674
2022-10-27,IOVA,9.850000381469728,10.119999885559082,9.479999542236328,9.550000190734863,1458400,0.0044480095754934
2022-10-28,IOVA,9.609999656677246,9.760000228881836,9.140000343322754,9.75,1880700,0.005735992600542
2022-10-31,IOVA,9.630000114440918,10.09000015258789,9.289999961853027,9.34000015258789,2730100,0.0083265982872015
2022-11-01,IOVA,9.5,9.609999656677246,9.279999732971191,9.369999885559082,1659200,0.0050604343716804
2022-11-02,IOVA,9.329999923706056,9.460000038146973,8.899999618530273,8.899999618530273,2304500,0.0070285505120164
2022-11-03,IOVA,8.779999732971191,8.989999771118164,8.510000228881836,8.529999732971191,2220100,0.0067711369024637
2022-11-04,IOVA,9.020000457763672,9.260000228881836,8.579999923706055,8.899999618530273,2957800,0.0090210660466227
2022-11-07,IOVA,8.949999809265137,9.09000015258789,8.140000343322754,8.210000038146973,3013100,0.0091897268595168
2022-11-08,IOVA,8.260000228881836,8.75,8.239999771118164,8.279999732971191,2581700,0.0078739895234856
2022-11-09,IOVA,8.170000076293945,8.220000267028809,7.829999923706055,7.840000152587891,2182500,0.0066564597493928
2022-11-10,IOVA,8.319999694824219,8.739999771118164,8.15999984741211,8.670000076293945,4083400,0.0124540608204676
2022-11-11,IOVA,8.600000381469727,9.31999969482422,8.600000381469727,8.880000114440918,4380500,0.0133601933251845
2022-11-14,IOVA,8.869999885559082,8.899999618530273,7.519999980926514,7.559999942779541,5809800,0.0177194501040195
2022-11-15,IOVA,7.800000190734863,7.849999904632568,7.440000057220459,7.550000190734863,3597200,0.0109711876336842
2022-11-16,IOVA,7.449999809265137,7.679999828338623,7.260000228881836,7.289999961853027,2611900,0.0079660972368564
2022-11-17,IOVA,7.190000057220459,7.28000020980835,6.989999771118164,7.099999904632568,2092900,0.0063831865335643
2022-11-18,IOVA,6.239999771118164,6.650000095367432,5.420000076293945,6.619999885559082,12353800,0.0376781546172047
2022-11-21,IOVA,6.570000171661377,6.639999866485596,6.28000020980835,6.489999771118164,5646600,0.0172217024609033
2022-11-22,IOVA,6.630000114440918,6.630000114440918,6.110000133514404,6.28000020980835,4009800,0.01222958639318
2022-11-23,IOVA,6.28000020980835,6.400000095367432,6.059999942779541,6.21999979019165,3365700,0.0102651301619846
2022-11-25,IOVA,6.150000095367432,6.289999961853027,6.050000190734863,6.179999828338623,1378500,0.0042043206252178
2022-11-28,IOVA,6.179999828338623,6.230000019073486,5.929999828338623,5.949999809265137,3354700,0.0102315809948628
2022-11-29,IOVA,6.309999942779541,6.309999942779541,6.059999942779541,6.139999866485596,5204200,0.0158724159577504
2022-11-30,IOVA,6.150000095367432,6.409999847412109,6.070000171661377,6.400000095367432,5916300,0.0180442670402441
2022-12-01,IOVA,6.559999942779541,6.78000020980835,6.320000171661377,6.409999847412109,5974800,0.0182226876108464
2022-12-02,IOVA,6.309999942779541,6.889999866485596,6.28000020980835,6.840000152587891,14067000,0.0429032849002103
2022-12-05,IOVA,8.239999771118164,8.420000076293945,7.789999961853027,8.029999732971191,19854500,0.0605547216927011
2022-12-06,IOVA,7.989999771118164,8.020000457763672,7.489999771118164,7.590000152587891,6429100,0.0196082682129766
2022-12-07,IOVA,7.519999980926514,7.639999866485596,7.199999809265137,7.260000228881836,5581300,0.0170225424051712
2022-12-08,IOVA,7.300000190734863,7.400000095367432,7.110000133514404,7.170000076293945,3493500,0.0106549104854542
2022-12-09,IOVA,6.849999904632568,6.960000038146973,6.409999847412109,6.920000076293945,16017700,0.0488527722006184
2022-12-12,IOVA,6.929999828338623,6.960000038146973,6.5,6.610000133514404,3823600,0.0116616904915365
2022-12-13,IOVA,6.789999961853027,7.019999980926514,6.639999866485596,6.900000095367432,4374200,0.0133409788021966
2022-12-14,IOVA,6.860000133514404,6.949999809265137,6.699999809265137,6.739999771118164,2508700,0.0076513450507683
2022-12-15,IOVA,6.650000095367432,6.75,6.329999923706055,6.380000114440918,3249000,0.0099092039980652
2022-12-16,IOVA,6.300000190734863,6.579999923706055,6.159999847412109,6.46999979019165,8809000,0.0268667830159915
2022-12-19,IOVA,6.480000019073486,6.480000019073486,6.010000228881836,6.059999942779541,3436100,0.0104798448315641
2022-12-20,IOVA,6.03000020980835,6.190000057220459,5.960000038146973,6.099999904632568,4224900,0.0128856251066253
2022-12-21,IOVA,6.150000095367432,6.329999923706055,6.019999980926514,6.050000190734863,2894300,0.0088273958546014
2022-12-22,IOVA,5.96999979019165,6.130000114440918,5.75,6.079999923706055,7634100,0.0232834269749552
2022-12-23,IOVA,6.159999847412109,6.230000019073486,5.909999847412109,6.119999885559082,2641900,0.0080575949653704
2022-12-27,IOVA,6.079999923706055,6.119999885559082,5.610000133514404,5.619999885559082,2753800,0.0083988814927276
2022-12-28,IOVA,5.619999885559082,5.880000114440918,5.590000152587891,5.679999828338623,2883700,0.0087950666571931
2022-12-29,IOVA,5.71999979019165,6.340000152587891,5.610000133514404,6.269999980926514,3029500,0.0092397456177711
2022-12-30,IOVA,6.190000057220459,6.400000095367432,6.130000114440918,6.389999866485596,2583300,0.0078788694023397
2023-01-03,IOVA,6.440000057220459,6.590000152587891,6.019999980926514,6.110000133514404,3295000,0.01004950051512
2023-01-04,IOVA,6.110000133514404,6.449999809265137,6.110000133514404,6.389999866485596,2892600,0.008822210983319
2023-01-05,IOVA,6.329999923706055,6.409999847412109,6.150000095367432,6.340000152587891,3970000,0.0121081994066848
2023-01-06,IOVA,6.389999866485596,6.510000228881836,6.239999771118164,6.360000133514404,2745600,0.0083738721136004
2023-01-09,IOVA,6.409999847412109,6.449999809265137,6.110000133514404,6.150000095367432,3186600,0.0097188887227561
2023-01-10,IOVA,6.070000171661377,6.309999942779541,5.920000076293945,6.159999847412109,3079800,0.0093931568092463
2023-01-11,IOVA,6.170000076293945,6.269999980926514,5.949999809265137,6.139999866485596,2782100,0.0084851943499591
2023-01-12,IOVA,6.130000114440918,6.480000019073486,5.949999809265137,6.480000019073486,4022900,0.0122695404012978
2023-01-13,IOVA,6.369999885559082,6.559999942779541,6.199999809265137,6.349999904632568,3063800,0.0093443580207055
2023-01-17,IOVA,6.440000057220459,6.5,6.230000019073486,6.429999828338623,3905200,0.0119105643130945
2023-01-18,IOVA,6.480000019073486,6.800000190734863,6.230000019073486,6.269999980926514,3234700,0.0098655900808068
2023-01-19,IOVA,6.269999980926514,6.300000190734863,6.079999923706055,6.159999847412109,2532600,0.0077242382411511
2023-01-20,IOVA,6.230000019073486,6.309999942779541,6.099999904632568,6.269999980926514,4455400,0.0135886326540411
2023-01-23,IOVA,6.650000095367432,7.119999885559082,6.5,7.0,9520900,0.0290380241136285
2023-01-24,IOVA,6.989999771118164,7.860000133514404,6.860000133514404,7.690000057220459,19669500,0.0599904857001982
2023-01-25,IOVA,7.550000190734863,7.829999923706055,7.170000076293945,7.739999771118164,10897900,0.0332377698524207
2023-01-26,IOVA,7.840000152587891,7.880000114440918,7.429999828338623,7.690000057220459,5459100,0.0166498416576909
2023-01-27,IOVA,8.239999771118164,8.430000305175781,7.920000076293945,8.15999984741211,7545800,0.0230141186606957
2023-01-30,IOVA,8.050000190734863,8.1899995803833,7.769999980926514,7.949999809265137,4104800,0.012519329200141
2023-01-31,IOVA,8.010000228881836,8.1899995803833,7.900000095367432,7.960000038146973,4476700,0.0136535960412861
2023-02-01,IOVA,7.949999809265137,8.010000228881836,7.699999809265137,7.909999847412109,2814700,0.008584621881611
2023-02-02,IOVA,8.100000381469727,8.260000228881836,7.920000076293945,8.130000114440918,4449900,0.0135718580704802
2023-02-03,IOVA,7.949999809265137,8.149999618530273,7.909999847412109,7.980000019073486,2664700,0.008127133239041
2023-02-06,IOVA,8.0,8.489999771118164,7.880000114440918,8.199999809265137,5083200,0.0155033751194106
2023-02-07,IOVA,8.210000038146973,8.34000015258789,7.980000019073486,8.220000267028809,2666600,0.0081329280951802
2023-02-08,IOVA,8.220000267028809,8.220000267028809,7.760000228881836,7.769999980926514,2468400,0.0075284331021311
2023-02-09,IOVA,7.840000152587891,7.909999847412109,7.320000171661377,7.420000076293945,3928200,0.0119807125716219
2023-02-10,IOVA,7.360000133514404,7.449999809265137,7.159999847412109,7.360000133514404,4056600,0.0123723228496618
2023-02-13,IOVA,7.340000152587891,7.380000114440918,7.159999847412109,7.190000057220459,2364800,0.0072124609463295
2023-02-14,IOVA,7.119999885559082,7.429999828338623,7.03000020980835,7.340000152587891,2942300,0.0089737922202238
2023-02-15,IOVA,7.309999942779541,7.400000095367432,7.179999828338623,7.28000020980835,2717500,0.0082881692412256
2023-02-16,IOVA,7.260000228881836,7.320000171661377,6.980000019073486,6.989999771118164,4771300,0.0145521037352935
2023-02-17,IOVA,7.0,7.369999885559082,6.829999923706055,7.349999904632568,2817800,0.0085940766468907
2023-02-21,IOVA,7.300000190734863,7.300000190734863,7.010000228881836,7.03000020980835,2933700,0.0089475628713831
2023-02-22,IOVA,7.050000190734863,7.400000095367432,7.050000190734863,7.400000095367432,2360100,0.0071981263021956
2023-02-23,IOVA,7.440000057220459,7.46999979019165,7.050000190734863,7.25,1835100,0.0055969160532008
2023-02-24,IOVA,7.150000095367432,7.150000095367432,6.989999771118164,7.0,2094600,0.0063883714048468
2023-02-27,IOVA,7.199999809265137,7.309999942779541,7.070000171661377,7.170000076293945,4153000,0.0126663355506201
2023-02-28,IOVA,7.090000152587891,7.340000152587891,7.059999942779541,7.289999961853027,3647500,0.0111245988251594
2023-03-01,IOVA,7.320000171661377,7.619999885559082,7.119999885559082,7.300000190734863,4964100,0.01514012913721
2023-03-02,IOVA,7.230000019073486,7.329999923706055,7.090000152587891,7.119999885559082,3026100,0.0092293758752062
2023-03-03,IOVA,7.190000057220459,7.460000038146973,7.019999980926514,7.349999904632568,2876400,0.0087728022099214
2023-03-06,IOVA,7.440000057220459,7.440000057220459,6.900000095367432,6.940000057220459,3227700,0.0098442406108202
2023-03-07,IOVA,6.940000057220459,7.369999885559082,6.679999828338623,7.199999809265137,4599900,0.0140293467130502
2023-03-08,IOVA,7.150000095367432,7.210000038146973,6.869999885559082,6.940000057220459,2037200,0.0062133057509567
2023-03-09,IOVA,6.960000038146973,7.010000228881836,6.449999809265137,6.489999771118164,2918100,0.0088999840525559
2023-03-10,IOVA,6.460000038146973,6.480000019073486,5.960000038146973,6.210000038146973,5464000,0.0166647862866815
2023-03-13,IOVA,6.269999980926514,6.539999961853027,6.179999828338623,6.5,3816900,0.011641255998835
2023-03-14,IOVA,6.599999904632568,6.699999809265137,6.489999771118164,6.650000095367432,3270800,0.009975692347452
2023-03-15,IOVA,6.579999923706055,6.940000057220459,6.519999980926514,6.820000171661377,2912100,0.0088816845068531
2023-03-16,IOVA,6.849999904632568,6.849999904632568,6.460000038146973,6.619999885559082,2458800,0.0074991538290067
2023-03-17,IOVA,6.599999904632568,6.599999904632568,6.380000114440918,6.460000038146973,3472900,0.0105920820452079
2023-03-20,IOVA,6.46999979019165,6.480000019073486,6.289999961853027,6.329999923706055,2231600,0.0068062110317274
2023-03-21,IOVA,6.349999904632568,6.389999866485596,6.210000038146973,6.289999961853027,2083600,0.006354822237725
2023-03-22,IOVA,6.269999980926514,6.269999980926514,5.920000076293945,5.929999828338623,3079200,0.009391326854676
2023-03-23,IOVA,6.0,6.039999961853027,5.670000076293945,5.75,4632600,0.0141290792371304
2023-03-24,IOVA,5.75,5.75,5.389999866485596,5.53000020980835,4692700,0.0143123796865868
2023-03-27,IOVA,6.03000020980835,6.28000020980835,5.960000038146973,6.150000095367432,8585700,0.026185734923419
2023-03-28,IOVA,6.110000133514404,6.460000038146973,6.079999923706055,6.210000038146973,4777800,0.0145719282431382
2023-03-29,IOVA,6.260000228881836,6.659999847412109,6.210000038146973,6.630000114440918,4639600,0.014150428707117
2023-03-30,IOVA,6.659999847412109,6.760000228881836,6.119999885559082,6.150000095367432,3145300,0.0095929268498351
2023-03-31,IOVA,6.139999866485596,6.25,6.03000020980835,6.110000133514404,5505600,0.0167916631368876
2023-04-03,IOVA,6.130000114440918,6.440000057220459,6.090000152587891,6.28000020980835,3521000,0.0107387834032587
2023-04-04,IOVA,6.199999809265137,6.210000038146973,5.820000171661377,5.920000076293945,6699600,0.0204332727317444
2023-04-05,IOVA,6.090000152587891,6.090000152587891,5.78000020980835,5.869999885559082,2219700,0.0067699169327501
2023-04-06,IOVA,5.909999847412109,6.03000020980835,5.78000020980835,5.929999828338623,2002000,0.0061059484161669
2023-04-10,IOVA,5.880000114440918,5.889999866485596,5.329999923706055,5.579999923706055,5157700,0.0157305944785537
2023-04-11,IOVA,5.570000171661377,5.630000114440918,5.349999904632568,5.5,2652900,0.0080911441324922
2023-04-12,IOVA,5.550000190734863,5.619999885559082,5.349999904632568,5.380000114440918,2947400,0.0089893468340712
2023-04-13,IOVA,5.440000057220459,5.909999847412109,5.369999885559082,5.820000171661377,3484000,0.0106259362047581
2023-04-14,IOVA,5.800000190734863,5.820000171661377,5.550000190734863,5.639999866485596,2635100,0.0080368554802405
2023-04-17,IOVA,5.670000076293945,5.860000133514404,5.630000114440918,5.809999942779541,3090100,0.0094245710293694
2023-04-18,IOVA,5.840000152587891,5.849999904632568,5.539999961853027,5.679999828338623,3204300,0.0097728723825793
2023-04-19,IOVA,5.619999885559082,5.940000057220459,5.559999942779541,5.849999904632568,2238100,0.0068260355395721
2023-04-20,IOVA,5.730000019073486,5.730000019073486,5.510000228881836,5.610000133514404,2955000,0.0090125262586281
2023-04-21,IOVA,5.619999885559082,5.820000171661377,5.570000171661377,5.710000038146973,1957400,0.0059699217931095
2023-04-24,IOVA,5.760000228881836,5.769999980926514,5.539999961853027,5.699999809265137,2659400,0.0081109686403369
2023-04-25,IOVA,5.650000095367432,5.789999961853027,5.420000076293945,5.510000228881836,2746900,0.0083778370151693
2023-04-26,IOVA,5.53000020980835,5.630000114440918,5.349999904632568,5.46999979019165,1991800,0.0060748391884722
2023-04-27,IOVA,5.480000019073486,5.570000171661377,5.320000171661377,5.360000133514404,2479300,0.0075616772768245
2023-04-28,IOVA,5.349999904632568,5.730000019073486,5.28000020980835,5.639999866485596,2911700,0.0088804645371395
2023-05-01,IOVA,5.699999809265137,6.550000190734863,5.590000152587891,6.429999828338623,8591400,0.0262031194918367
2023-05-02,IOVA,6.369999885559082,6.420000076293945,6.059999942779541,6.130000114440918,4451500,0.0135767379493343
2023-05-03,IOVA,6.150000095367432,6.670000076293945,6.150000095367432,6.53000020980835,4284900,0.0130686205636533
2023-05-04,IOVA,6.590000152587891,6.949999809265137,6.420000076293945,6.849999904632568,3562600,0.0108656602534648
2023-05-05,IOVA,6.980000019073486,6.989999771118164,6.739999771118164,6.849999904632568,3240600,0.0098835846340813
2023-05-08,IOVA,6.900000095367432,7.239999771118164,6.710000038146973,7.079999923706055,4645000,0.0141668982982496
2023-05-09,IOVA,7.059999942779541,7.409999847412109,7.019999980926514,7.360000133514404,4584200,0.0139814629017945
2023-05-10,IOVA,7.619999885559082,7.96999979019165,7.420000076293945,7.639999866485596,7331700,0.0223611298715342
2023-05-11,IOVA,7.619999885559082,7.840000152587891,7.429999828338623,7.5,5774700,0.0176123977616581
2023-05-12,IOVA,7.570000171661377,7.639999866485596,7.289999961853027,7.46999979019165,3743500,0.0114173915564041
2023-05-15,IOVA,7.5,8.0,7.449999809265137,7.840000152587891,5236200,0.0159700135348319
2023-05-16,IOVA,7.730000019073486,7.730000019073486,7.429999828338623,7.489999771118164,6485000,0.019778758980441
2023-05-17,IOVA,7.619999885559082,7.650000095367432,7.070000171661377,7.5,4407200,0.013441626303562
2023-05-18,IOVA,7.53000020980835,7.53000020980835,7.190000057220459,7.440000057220459,3307000,0.0100860996065256
2023-05-19,IOVA,7.519999980926514,7.679999828338623,7.269999980926514,7.360000133514404,2999100,0.0091470279195436
2023-05-22,IOVA,7.440000057220459,8.300000190734863,7.420000076293945,7.989999771118164,5480000,0.0167135850752223
2023-05-23,IOVA,8.220000267028809,9.359999656677246,8.210000038146973,9.0600004196167,14284100,0.0435654234622232
2023-05-24,IOVA,9.100000381469728,9.100000381469728,8.039999961853027,8.069999694824219,10038000,0.0306151399607813
2023-05-25,IOVA,8.069999694824219,8.180000305175781,7.119999885559082,7.690000057220459,9939600,0.0303150274112555
2023-05-26,IOVA,7.699999809265137,7.699999809265137,7.320000171661377,7.550000190734863,5664000,0.0172747711434415
2023-05-30,IOVA,9.09000015258789,9.199999809265137,8.149999618530273,8.850000381469727,20316000,0.0619622617496747
2023-05-31,IOVA,8.84000015258789,9.149999618530272,8.619999885559082,8.739999771118164,11727200,0.0357670720609758
2023-06-01,IOVA,8.75,9.140000343322754,8.600000381469727,8.729999542236328,7707800,0.0235082063946713
2023-06-02,IOVA,8.859999656677246,9.0,8.65999984741211,8.800000190734863,4956600,0.0151172547050815
2023-06-05,IOVA,8.800000190734863,8.859999656677246,8.109999656677246,8.220000267028809,7835400,0.0238973767332841
2023-06-06,IOVA,8.149999618530273,8.319999694824219,8.079999923706055,8.180000305175781,6903300,0.0210545423083544
2023-06-07,IOVA,8.199999809265137,8.390000343322754,8.119999885559082,8.239999771118164,4527200,0.013807617217618
2023-06-08,IOVA,8.25,8.300000190734863,7.929999828338623,8.0,6050600,0.0184538718715584
2023-06-09,IOVA,8.0,8.050000190734863,7.71999979019165,7.889999866485596,3559700,0.0108568154730417
2023-06-12,IOVA,7.860000133514404,8.520000457763672,7.840000152587891,8.489999771118164,6087700,0.0185670240624874
2023-06-13,IOVA,8.569999694824219,8.90999984741211,8.529999732971191,8.84000015258789,5502900,0.0167834283413213
2023-06-14,IOVA,8.880000114440918,8.880000114440918,8.430000305175781,8.670000076293945,5495600,0.0167611638940496
2023-06-15,IOVA,8.59000015258789,8.819999694824219,8.520000457763672,8.640000343322754,5998800,0.0182958857936576
2023-06-16,IOVA,8.770000457763672,8.770000457763672,8.0600004196167,8.119999885559082,12082500,0.0368507101590098
2023-06-20,IOVA,8.020000457763672,8.350000381469727,7.829999923706055,8.279999732971191,6124400,0.0186789562837028
2023-06-21,IOVA,8.260000228881836,8.369999885559082,7.940000057220459,8.239999771118164,4476200,0.0136520710791442
2023-06-22,IOVA,8.180000305175781,8.3100004196167,8.100000381469727,8.119999885559082,2390500,0.0072908440004231
2023-06-23,IOVA,7.949999809265137,8.149999618530273,7.949999809265137,8.069999694824219,11438900,0.0348877788899563
2023-06-26,IOVA,8.09000015258789,8.09000015258789,7.519999980926514,7.53000020980835,4729800,0.0144255318775158
2023-06-27,IOVA,7.630000114440918,7.699999809265137,7.300000190734863,7.550000190734863,3431900,0.0104670351495721
2023-06-28,IOVA,7.539999961853027,7.579999923706055,7.349999904632568,7.380000114440918,4606900,0.0140506961830368
2023-06-29,IOVA,7.320000171661377,7.389999866485596,7.0,7.050000190734863,3936900,0.012007246912891
2023-06-30,IOVA,7.119999885559082,7.21999979019165,6.929999828338623,7.039999961853027,3156100,0.0096258660321002
2023-07-03,IOVA,7.059999942779541,7.170000076293945,7.010000228881836,7.099999904632568,1648300,0.005027190196987
2023-07-05,IOVA,7.099999904632568,7.150000095367432,6.989999771118164,7.059999942779541,2188600,0.006675064287524
2023-07-06,IOVA,6.980000019073486,7.019999980926514,6.800000190734863,6.809999942779541,3300200,0.0100653601213957
2023-07-07,IOVA,6.800000190734863,7.28000020980835,6.800000190734863,7.239999771118164,5830400,0.0177822785442657
2023-07-10,IOVA,7.289999961853027,8.819999694824219,7.289999961853027,8.789999961853027,15289400,0.0466315123447271
2023-07-11,IOVA,7.820000171661377,8.170000076293945,7.699999809265137,7.929999828338623,20039700,0.0611195676700608
2023-07-12,IOVA,8.100000381469727,8.100000381469727,7.769999980926514,7.869999885559082,6385200,0.0194743765369178
2023-07-13,IOVA,7.880000114440918,7.880000114440918,7.369999885559082,7.679999828338623,8086400,0.0246629077285178
2023-07-14,IOVA,7.840000152587891,7.840000152587891,7.429999828338623,7.760000228881836,4633000,0.014130299206844
2023-07-17,IOVA,7.820000171661377,8.09000015258789,7.550000190734863,8.020000457763672,6724700,0.0205098258312678
2023-07-18,IOVA,8.0,8.289999961853027,8.0,8.149999618530273,4608800,0.014056491039176
2023-07-19,IOVA,8.199999809265137,8.260000228881836,7.75,7.800000190734863,4151400,0.012661455671766
2023-07-20,IOVA,7.760000228881836,7.869999885559082,7.599999904632568,7.619999885559082,3641600,0.0111066042718849
2023-07-21,IOVA,7.639999866485596,7.730000019073486,7.409999847412109,7.670000076293945,3350800,0.010219686290156
2023-07-24,IOVA,7.619999885559082,7.679999828338623,7.309999942779541,7.369999885559082,2986100,0.0091073789038542
2023-07-25,IOVA,7.329999923706055,7.389999866485596,7.050000190734863,7.090000152587891,3759600,0.0114664953373733
2023-07-26,IOVA,7.110000133514404,7.289999961853027,6.989999771118164,7.050000190734863,5172300,0.0157751233730971
2023-07-27,IOVA,7.099999904632568,7.179999828338623,6.96999979019165,7.03000020980835,3846500,0.0117315337576355
2023-07-28,IOVA,7.099999904632568,7.260000228881836,7.050000190734863,7.199999809265137,3199100,0.0097570127763036
2023-07-31,IOVA,7.199999809265137,7.389999866485596,7.159999847412109,7.260000228881836,3149200,0.009604821554542
2023-08-01,IOVA,7.21999979019165,7.25,7.059999942779541,7.190000057220459,2862800,0.0087313232396617
2023-08-02,IOVA,7.099999904632568,7.230000019073486,6.949999809265137,7.179999828338623,4425600,0.0134977449103839
2023-08-03,IOVA,7.199999809265137,7.460000038146973,7.110000133514404,7.230000019073486,3614700,0.0110245613086507
2023-08-04,IOVA,7.199999809265137,7.420000076293945,7.110000133514404,7.239999771118164,2858400,0.008717903572813
2023-08-07,IOVA,7.260000228881836,7.309999942779541,7.0,7.050000190734863,4724700,0.0144099772636684
2023-08-08,IOVA,7.039999961853027,7.260000228881836,6.980000019073486,7.139999866485596,3694800,0.0112688602437831
2023-08-09,IOVA,7.090000152587891,7.929999828338623,7.059999942779541,7.599999904632568,7496400,0.022863452401076
2023-08-10,IOVA,7.579999923706055,7.579999923706055,7.0,7.190000057220459,5775800,0.0176157526783703
2023-08-11,IOVA,7.130000114440918,7.179999828338623,6.800000190734863,7.059999942779541,4232800,0.0129097195084673
2023-08-14,IOVA,7.059999942779541,7.28000020980835,6.949999809265137,7.119999885559082,4465100,0.013618216919594
2023-08-15,IOVA,7.039999961853027,7.550000190734863,6.900000095367432,7.510000228881836,7399900,0.0225691347076894
2023-08-16,IOVA,7.400000095367432,7.78000020980835,6.840000152587891,6.900000095367432,8909500,0.0271733004065134
2023-08-17,IOVA,6.909999847412109,6.960000038146973,6.21999979019165,6.269999980926514,7931400,0.0241901694645289
2023-08-18,IOVA,6.199999809265137,6.320000171661377,6.059999942779541,6.070000171661377,3474800,0.0105978769013471
2023-08-21,IOVA,6.119999885559082,6.380000114440918,6.0,6.289999961853027,2904000,0.0088569801201543
2023-08-22,IOVA,6.340000152587891,6.420000076293945,6.190000057220459,6.380000114440918,2616700,0.0079807368734186
2023-08-23,IOVA,6.409999847412109,6.53000020980835,6.300000190734863,6.309999942779541,3375900,0.0102962393896794
2023-08-24,IOVA,6.309999942779541,6.320000171661377,6.059999942779541,6.079999923706055,3348600,0.0102129764567316
2023-08-25,IOVA,6.099999904632568,6.239999771118164,5.980000019073486,6.150000095367432,2976800,0.0090790146080149
2023-08-28,IOVA,6.199999809265137,6.289999961853027,6.010000228881836,6.119999885559082,1962600,0.0059857813993852
2023-08-29,IOVA,6.099999904632568,6.269999980926514,6.059999942779541,6.119999885559082,1680800,0.0051263127362105
2023-08-30,IOVA,6.090000152587891,6.190000057220459,6.050000190734863,6.159999847412109,2661600,0.0081176784737612
2023-08-31,IOVA,6.159999847412109,6.239999771118164,6.03000020980835,6.039999961853027,3672700,0.0112014569171111
2023-09-01,IOVA,6.070000171661377,6.190000057220459,5.980000019073486,6.150000095367432,2908800,0.0088716197567165
2023-09-05,IOVA,6.070000171661377,6.239999771118164,6.019999980926514,6.039999961853027,3585700,0.0109361135044205
2023-09-06,IOVA,6.039999961853027,6.090000152587891,5.809999942779541,5.989999771118164,3489100,0.0106414908186055
2023-09-07,IOVA,5.900000095367432,5.949999809265137,5.760000228881836,5.800000190734863,3453900,0.0105341334838157
2023-09-08,IOVA,5.800000190734863,6.099999904632568,5.769999980926514,5.949999809265137,2940400,0.0089679973640846
2023-09-11,IOVA,5.980000019073486,6.119999885559082,5.900000095367432,6.03000020980835,2530000,0.0077163084380132
2023-09-12,IOVA,6.03000020980835,6.46999979019165,5.940000057220459,5.960000038146973,3552600,0.0108351610106268
2023-09-13,IOVA,5.940000057220459,5.96999979019165,5.360000133514404,5.440000057220459,5965400,0.0181940183225787
2023-09-14,IOVA,5.480000019073486,5.480000019073486,4.409999847412109,4.639999866485596,20456300,0.0623901661266918
2023-09-15,IOVA,5.75,5.980000019073486,5.130000114440918,5.269999980926514,53311200,0.1625951234785025
2023-09-18,IOVA,5.579999923706055,6.179999828338623,5.429999828338623,5.929999828338623,22699100,0.0692305363103977
2023-09-19,IOVA,5.900000095367432,5.989999771118164,5.420000076293945,5.429999828338623,9275000,0.0282880477322422
2023-09-20,IOVA,5.480000019073486,5.710000038146973,5.239999771118164,5.25,5842100,0.0178179626583862
2023-09-21,IOVA,5.179999828338623,5.199999809265137,4.96999979019165,5.039999961853027,5092100,0.0155305194455364
2023-09-22,IOVA,5.050000190734863,5.170000076293945,4.809999942779541,4.869999885559082,8709400,0.0265630105573251
2023-09-25,IOVA,4.829999923706055,4.840000152587891,4.510000228881836,4.570000171661377,10787400,0.0329007532190608
2023-09-26,IOVA,4.639999866485596,4.840000152587891,4.409999847412109,4.440000057220459,5508800,0.0168014228945957
2023-09-27,IOVA,4.480000019073486,4.570000171661377,4.380000114440918,4.5,4683100,0.0142831004134623
2023-09-28,IOVA,4.480000019073486,4.570000171661377,4.360000133514404,4.559999942779541,4328000,0.0132000723002851
2023-09-29,IOVA,4.579999923706055,4.659999847412109,4.489999771118164,4.550000190734863,3821400,0.0116549806581121
2023-10-02,IOVA,4.550000190734863,4.590000152587891,4.369999885559082,4.429999828338623,4664700,0.0142269818066404
2023-10-03,IOVA,4.449999809265137,4.599999904632568,4.25,4.289999961853027,3785500,0.0115454883763237
2023-10-04,IOVA,4.25,4.289999961853027,4.070000171661377,4.090000152587891,4104300,0.0125178042379991
2023-10-05,IOVA,4.099999904632568,4.25,4.010000228881836,4.179999828338623,4881200,0.014887290414083
2023-10-06,IOVA,4.090000152587891,4.179999828338623,3.9800000190734863,4.039999961853027,5798900,0.017686205929326
2023-10-09,IOVA,4.0,4.059999942779541,3.880000114440918,3.9800000190734863,5688800,0.0173504092656797
2023-10-10,IOVA,4.010000228881836,4.190000057220459,3.9800000190734863,4.099999904632568,6903000,0.0210536273310693
2023-10-11,IOVA,4.099999904632568,4.179999828338623,3.7799999713897705,3.910000085830689,5396800,0.0164598313748102
2023-10-12,IOVA,3.910000085830689,3.910000085830689,3.5899999141693115,3.630000114440918,6231700,0.0190062131593545
2023-10-13,IOVA,3.609999895095825,3.7300000190734863,3.559999942779541,3.630000114440918,5165100,0.0157531639182538
2023-10-16,IOVA,3.7100000381469727,3.7100000381469727,3.400000095367432,3.569999933242798,6688700,0.020400028557051
2023-10-17,IOVA,3.559999942779541,3.7899999618530273,3.549999952316284,3.630000114440918,7377000,0.0224992914415903
2023-10-18,IOVA,3.650000095367432,3.650000095367432,3.3399999141693115,3.3399999141693115,5821600,0.0177554392105683
2023-10-19,IOVA,3.289999961853028,3.3399999141693115,3.2100000381469727,3.299999952316284,6285700,0.0191709090706797
2023-10-20,IOVA,3.299999952316284,3.390000104904175,3.2699999809265137,3.3299999237060547,4532800,0.0138246967936072
2023-10-23,IOVA,3.3299999237060547,3.490000009536743,3.2699999809265137,3.450000047683716,5501000,0.0167776334851821
2023-10-24,IOVA,3.509999990463257,3.9600000381469727,3.509999990463257,3.940000057220459,8437400,0.0257334311521315
2023-10-25,IOVA,4.0,4.019999980926514,3.680000066757202,3.680000066757202,4763000,0.0145267893637379
2023-10-26,IOVA,3.660000085830689,3.7899999618530273,3.630000114440918,3.700000047683716,4214600,0.0128542108865022
2023-10-27,IOVA,3.7699999809265137,3.7699999809265137,3.470000028610229,3.5,4408600,0.0134458961975593
2023-10-30,IOVA,3.549999952316284,3.799999952316284,3.549999952316284,3.700000047683716,4391300,0.0133931325074496
2023-10-31,IOVA,3.650000095367432,3.839999914169312,3.5299999713897705,3.819999933242798,4324000,0.0131878726031499
2023-11-01,IOVA,3.839999914169312,3.9800000190734863,3.740000009536743,3.869999885559082,4328200,0.0132006822851418
2023-11-02,IOVA,3.920000076293945,4.039999961853027,3.7799999713897705,3.880000114440918,5634200,0.0171838833997842
2023-11-03,IOVA,3.9800000190734863,4.329999923706055,3.9600000381469727,4.210000038146973,8502100,0.0259307612532934
2023-11-06,IOVA,4.340000152587891,4.389999866485596,3.9800000190734863,4.320000171661377,5060600,0.0154344468305967
2023-11-07,IOVA,4.309999942779541,4.369999885559082,4.099999904632568,4.320000171661377,7132300,0.0217529749693446
2023-11-08,IOVA,4.489999771118164,4.699999809265137,4.150000095367432,4.170000076293945,11554200,0.0352394351598784
2023-11-09,IOVA,4.300000190734863,4.409999847412109,3.900000095367432,3.950000047683716,7234100,0.0220634572614354
2023-11-10,IOVA,3.9800000190734863,4.019999980926514,3.759999990463257,3.9700000286102295,4140800,0.0126291264743577
2023-11-13,IOVA,3.900000095367432,4.039999961853027,3.799999952316284,4.03000020980835,2271700,0.0069285129955077
2023-11-14,IOVA,4.289999961853027,4.739999771118164,4.289999961853027,4.710000038146973,7399300,0.0225673047531191
2023-11-15,IOVA,4.730000019073486,4.96999979019165,4.659999847412109,4.75,5497300,0.016766348765332
2023-11-16,IOVA,4.730000019073486,4.75,4.329999923706055,4.400000095367432,5249900,0.01601179749752
2023-11-17,IOVA,4.460000038146973,5.079999923706055,4.440000057220459,5.050000190734863,13561400,0.0413612431823212
2023-11-20,IOVA,5.539999961853027,5.869999885559082,5.329999923706055,5.489999771118164,21704900,0.0661983015874441
2023-11-21,IOVA,5.449999809265137,5.489999771118164,5.139999866485596,5.170000076293945,7071200,0.0215666245956044
2023-11-22,IOVA,5.340000152587891,5.510000228881836,5.239999771118164,5.400000095367432,4614600,0.014074180600022
2023-11-24,IOVA,5.480000019073486,5.949999809265137,5.480000019073486,5.789999961853027,4893300,0.014924194497917
2023-11-27,IOVA,5.820000171661377,5.869999885559082,5.429999828338623,5.53000020980835,6094600,0.0185880685400456
2023-11-28,IOVA,5.480000019073486,5.769999980926514,5.409999847412109,5.570000171661377,4718800,0.014391982710394
2023-11-29,IOVA,5.610000133514404,5.920000076293945,5.610000133514404,5.679999828338623,4848500,0.0147875578900028
2023-11-30,IOVA,5.909999847412109,6.579999923706055,5.840000152587891,6.070000171661377,11810400,0.0360208257613879
2023-12-01,IOVA,6.050000190734863,6.28000020980835,5.760000228881836,6.260000228881836,6383900,0.0194704116353489
2023-12-04,IOVA,6.269999980926514,6.650000095367432,6.199999809265137,6.639999866485596,5937400,0.0181086204426323
2023-12-05,IOVA,6.579999923706055,6.690000057220459,6.25,6.269999980926514,6209900,0.0189397248099677
2023-12-06,IOVA,6.320000171661377,6.619999885559082,6.239999771118164,6.380000114440918,4941500,0.0150712008483962
2023-12-07,IOVA,6.360000133514404,6.75,6.28000020980835,6.730000019073486,7112600,0.0216928914609537
2023-12-08,IOVA,6.670000076293945,6.829999923706055,6.329999923706055,6.400000095367432,7209900,0.0219896490937674
2023-12-11,IOVA,6.349999904632568,6.369999885559082,6.019999980926514,6.25,5427100,0.0165522440806093
2023-12-12,IOVA,6.230000019073486,6.46999979019165,6.0,6.389999866485596,5739900,0.0175062603965819
2023-12-13,IOVA,6.400000095367432,7.369999885559082,6.380000114440918,7.349999904632568,11019600,0.0336089456377591
2023-12-14,IOVA,7.389999866485596,7.800000190734863,7.329999923706055,7.710000038146973,11966800,0.0364978339193742
2023-12-15,IOVA,7.800000190734863,8.5,7.590000152587891,7.78000020980835,13474300,0.0410955947772023
2023-12-18,IOVA,7.75,7.929999828338623,7.449999809265137,7.849999904632568,5124100,0.015628117022618
2023-12-19,IOVA,7.949999809265137,8.020000457763672,7.75,7.820000171661377,5268100,0.0160673061194852
2023-12-20,IOVA,7.800000190734863,7.820000171661377,6.75,7.179999828338623,10525700,0.0321025880339905
2023-12-21,IOVA,7.320000171661377,8.010000228881836,7.320000171661377,7.889999866485596,7154200,0.0218197683111598
2023-12-22,IOVA,7.96999979019165,8.800000190734863,7.96999979019165,8.34000015258789,9374400,0.0285912102060519
2023-12-26,IOVA,8.529999732971191,9.029999732971191,8.449999809265137,8.890000343322754,7150600,0.0218087885837381
2023-12-27,IOVA,7.059999942779541,7.369999885559082,6.699999809265137,7.230000019073486,31298300,0.0954574452116481
2023-12-28,IOVA,7.539999961853027,8.59000015258789,7.320000171661377,8.579999923706055,18124700,0.0552789626665844
2023-12-29,IOVA,8.600000381469727,8.729999542236328,8.09000015258789,8.130000114440918,10230200,0.0312013354081276
2024-01-02,IOVA,7.980000019073486,8.380000114440918,7.869999885559082,8.100000381469727,6827400,0.020823053055214
2024-01-03,IOVA,8.039999961853027,8.15999984741211,7.75,7.900000095367432,5754600,0.0175510942835537
2024-01-04,IOVA,7.949999809265137,8.25,7.880000114440918,8.109999656677246,5509400,0.016803252849166
2024-01-05,IOVA,7.949999809265137,8.5600004196167,7.690000057220459,8.470000267028809,7462100,0.0227588399981417
2024-01-08,IOVA,8.380000114440918,9.56999969482422,8.15999984741211,9.5600004196167,9630500,0.029372295815133
2024-01-09,IOVA,9.34000015258789,10.3100004196167,9.279999732971191,9.90999984741211,11439500,0.0348896088445266
2024-01-10,IOVA,9.949999809265137,10.0,9.270000457763672,9.350000381469728,9925000,0.030270498516712
2024-01-11,IOVA,9.1899995803833,9.350000381469728,8.880000114440918,9.149999618530272,6370400,0.0194292376575176
2024-01-12,IOVA,9.130000114440918,9.600000381469728,8.90999984741211,9.010000228881836,3812700,0.0116284463168431
2024-01-16,IOVA,8.880000114440918,8.90999984741211,8.289999961853027,8.369999885559082,5713400,0.0174254374030612
2024-01-17,IOVA,8.1899995803833,8.199999809265137,7.489999771118164,8.039999961853027,9530000,0.0290657784246111
2024-01-18,IOVA,8.149999618530273,8.25,7.800000190734863,7.940000057220459,5874900,0.0179180001748948
2024-01-19,IOVA,7.940000057220459,7.960000038146973,7.599999904632568,7.78000020980835,5045400,0.015388087981483
2024-01-22,IOVA,7.860000133514404,8.239999771118164,7.800000190734863,8.079999923706055,5502500,0.0167822083716078
2024-01-23,IOVA,8.260000228881836,8.420000076293945,7.440000057220459,7.78000020980835,7041600,0.0214763468368039
2024-01-24,IOVA,7.860000133514404,8.039999961853027,7.619999885559082,7.650000095367432,4620400,0.0140918701608681
2024-01-25,IOVA,7.75,7.880000114440918,7.440000057220459,7.639999866485596,6388000,0.0194829163249124
2024-01-26,IOVA,7.699999809265137,8.069999694824219,7.579999923706055,7.590000152587891,5192400,0.0158364268512015
2024-01-29,IOVA,7.599999904632568,8.359999656677246,7.340000152587891,8.300000190734863,7066500,0.0215522899514705
2024-01-30,IOVA,8.199999809265137,8.229999542236328,7.800000190734863,7.840000152587891,4403400,0.0134300365912836
2024-01-31,IOVA,7.78000020980835,8.220000267028809,7.710000038146973,7.730000019073486,4297500,0.0131070496096292
2024-02-01,IOVA,7.849999904632568,8.270000457763672,7.659999847412109,8.0600004196167,4393300,0.0133992323560172
2024-02-02,IOVA,7.800000190734863,7.980000019073486,7.599999904632568,7.900000095367432,5525600,0.0168526616225636
2024-02-05,IOVA,7.760000228881836,7.980000019073486,7.619999885559082,7.920000076293945,3193000,0.0097384082381724
2024-02-06,IOVA,7.900000095367432,8.199999809265137,7.679999828338623,8.15999984741211,4732500,0.014433766673082
2024-02-07,IOVA,8.170000076293945,8.4399995803833,7.989999771118164,8.069999694824219,5410600,0.0165019203299266
2024-02-08,IOVA,8.079999923706055,8.880000114440918,7.960000038146973,8.680000305175781,6159300,0.0187853986412074
2024-02-09,IOVA,8.819999694824219,9.350000381469728,8.6899995803833,9.18000030517578,7191400,0.0219332254945171
2024-02-12,IOVA,9.300000190734863,9.989999771118164,9.300000190734863,9.949999809265137,8146900,0.0248474281476877
2024-02-13,IOVA,9.449999809265137,9.56999969482422,8.960000038146973,9.15999984741211,6822900,0.0208093283959369
2024-02-14,IOVA,9.479999542236328,9.640000343322754,9.199999809265137,9.550000190734863,3664800,0.0111773625152691
2024-02-15,IOVA,9.729999542236328,10.149999618530272,9.640000343322754,9.869999885559082,6723500,0.0205061659221272
2024-02-16,IOVA,9.649999618530272,10.4399995803833,8.880000114440918,9.149999618530272,15530800,0.0473677640668363
2024-02-20,IOVA,11.649999618530272,13.40999984741211,11.3100004196167,12.029999732971191,58801000,0.1793385978117061
2024-02-21,IOVA,12.100000381469728,16.049999237060547,12.09000015258789,15.770000457763672,64322800,0.1961796697219913
2024-02-22,IOVA,16.3700008392334,16.93000030517578,14.859999656677246,15.9399995803833,34662600,0.1057183054796354
2024-02-23,IOVA,16.0,16.489999771118164,15.5,15.770000457763672,12851400,0.0391957969408234
2024-02-26,IOVA,15.800000190734863,17.280000686645508,15.800000190734863,16.600000381469727,15734000,0.0479875086813044
2024-02-27,IOVA,16.84000015258789,17.600000381469727,16.149999618530273,17.469999313354492,11485900,0.0350311253312949
2024-02-28,IOVA,17.260000228881836,18.32999992370605,16.950000762939453,17.43000030517578,11866300,0.0361913165288523
2024-02-29,IOVA,16.829999923706055,17.40999984741211,15.5,15.90999984741211,17507600,0.0533968543910516
2024-03-01,IOVA,16.360000610351562,17.190000534057617,16.260000228881836,16.790000915527344,10996700,0.0335391023716601
2024-03-04,IOVA,18.100000381469727,18.239999771118164,16.6200008392334,16.959999084472656,12323700,0.0375863518962623
2024-03-05,IOVA,16.739999771118164,17.280000686645508,15.960000038146973,16.489999771118164,8668200,0.0264373536768325
2024-03-06,IOVA,16.829999923706055,17.639999389648438,16.690000534057617,17.15999984741211,8240700,0.0251335110455081
2024-03-07,IOVA,17.399999618530273,17.549999237060547,16.520000457763672,16.6200008392334,6340400,0.0193377399290036
2024-03-08,IOVA,16.829999923706055,17.139999389648438,15.109999656677246,15.699999809265137,11444900,0.0349060784356591
2024-03-11,IOVA,15.699999809265137,15.989999771118164,14.800000190734863,15.100000381469728,7964200,0.0242902069810375
2024-03-12,IOVA,15.100000381469728,15.289999961853027,14.600000381469728,14.720000267028809,7218100,0.0220146584728946
2024-03-13,IOVA,14.699999809265137,15.010000228881836,14.350000381469728,14.729999542236328,6399400,0.0195176854617478
2024-03-14,IOVA,14.699999809265137,14.81999969482422,13.93000030517578,14.210000038146973,7045100,0.0214870215717972
2024-03-15,IOVA,14.06999969482422,14.390000343322754,13.68000030517578,13.90999984741211,18148400,0.0553512458721104
2024-03-18,IOVA,14.050000190734863,14.649999618530272,13.600000381469728,14.029999732971191,6693200,0.0204137532163281
2024-03-19,IOVA,13.779999732971191,14.270000457763672,13.600000381469728,13.899999618530272,5229900,0.015950799011844
2024-03-20,IOVA,13.899999618530272,15.010000228881836,13.699999809265137,14.93000030517578,5871000,0.017906105470188
2024-03-21,IOVA,15.039999961853027,15.899999618530272,15.020000457763672,15.359999656677246,7289600,0.0222327280591862
2024-03-22,IOVA,15.229999542236328,15.4399995803833,14.859999656677246,15.020000457763672,3692200,0.0112609304406452
2024-03-25,IOVA,15.0,15.5,14.4399995803833,14.529999732971191,4574700,0.0139524886210984
2024-03-26,IOVA,14.8100004196167,15.039999961853027,13.9399995803833,14.050000190734863,5101000,0.0155576637716622
2024-03-27,IOVA,14.199999809265137,14.31999969482422,13.75,14.100000381469728,4111400,0.012539458700414
2024-03-28,IOVA,14.119999885559082,15.18000030517578,14.100000381469728,14.81999969482422,6187900,0.0188726264757241
2024-04-01,IOVA,14.710000038146973,14.770000457763672,13.989999771118164,14.1899995803833,4006900,0.012220741612757
2024-04-02,IOVA,13.850000381469728,14.15999984741211,13.5600004196167,13.770000457763672,5513800,0.0168166725160147
2024-04-03,IOVA,13.59000015258789,14.199999809265137,13.270000457763672,14.010000228881836,4556900,0.0138981999688468
2024-04-04,IOVA,14.079999923706056,14.210000038146973,13.399999618530272,13.600000381469728,4096800,0.0124949298058706
2024-04-05,IOVA,13.479999542236328,13.890000343322754,13.199999809265137,13.529999732971191,3380200,0.0103093540640997
2024-04-08,IOVA,13.59000015258789,13.59000015258789,12.890000343322754,13.06999969482422,4660400,0.0142138671322201
2024-04-09,IOVA,13.06999969482422,13.300000190734863,12.90999984741211,13.220000267028809,4225400,0.0128871500687672
2024-04-10,IOVA,12.65999984741211,12.729999542236328,12.109999656677246,12.579999923706056,5652900,0.0172409169838913
2024-04-11,IOVA,12.640000343322754,13.220000267028809,12.489999771118164,13.1899995803833,3756300,0.0114564305872368
2024-04-12,IOVA,13.010000228881836,13.130000114440918,12.149999618530272,12.359999656677246,4496700,0.0137145945269621
2024-04-15,IOVA,12.350000381469728,12.529999732971191,11.65999984741211,11.890000343322754,6385200,0.0194743765369178
2024-04-16,IOVA,11.789999961853027,12.140000343322754,11.529999732971191,11.920000076293944,5396200,0.0164580014202399
2024-04-17,IOVA,11.960000038146973,12.119999885559082,11.649999618530272,11.800000190734863,3140600,0.0095785922057013
2024-04-18,IOVA,11.68000030517578,11.9399995803833,11.470000267028809,11.720000267028809,3700800,0.0112871597894859
2024-04-19,IOVA,11.600000381469728,11.6899995803833,11.010000228881836,11.3100004196167,5262600,0.0160505315359243
2024-04-22,IOVA,11.539999961853027,11.640000343322754,11.06999969482422,11.31999969482422,2404900,0.0073347629101098
2024-04-23,IOVA,11.420000076293944,11.970000267028809,11.40999984741211,11.859999656677246,3895100,0.0118797600778282
2024-04-24,IOVA,11.920000076293944,12.140000343322754,11.68000030517578,11.710000038146973,2932100,0.0089426829925291
2024-04-25,IOVA,11.5,11.649999618530272,11.15999984741211,11.539999961853027,3399000,0.0103666926406351
2024-04-26,IOVA,11.600000381469728,11.800000190734863,11.34000015258789,11.640000343322754,2489600,0.0075930914969477
2024-04-29,IOVA,11.789999961853027,12.109999656677246,11.720000267028809,12.029999732971191,4563100,0.0139171094994064
2024-04-30,IOVA,11.899999618530272,12.489999771118164,11.6899995803833,11.779999732971191,4418300,0.0134754804631122
2024-05-01,IOVA,11.75,13.0,11.75,12.5,5771000,0.017601113041808
2024-05-02,IOVA,12.869999885559082,12.899999618530272,12.3100004196167,12.880000114440918,4156700,0.0126776202704702
2024-05-03,IOVA,13.460000038146973,13.880000114440918,13.300000190734863,13.630000114440918,4292800,0.0130927149654953
2024-05-06,IOVA,13.800000190734863,14.229999542236328,13.729999542236328,13.880000114440918,4862900,0.0148314767996895
2024-05-07,IOVA,13.890000343322754,14.130000114440918,13.529999732971191,13.979999542236328,3954700,0.0120615355651426
2024-05-08,IOVA,13.760000228881836,13.880000114440918,13.109999656677246,13.390000343322754,4231000,0.0129042296447565
2024-05-09,IOVA,13.380000114440918,13.600000381469728,13.039999961853027,13.449999809265137,4734000,0.0144383415595077
2024-05-10,IOVA,13.039999961853027,13.199999809265137,10.699999809265137,10.970000267028809,19262100,0.0587479465469782
2024-05-13,IOVA,11.210000038146973,11.470000267028809,10.420000076293944,10.880000114440918,9969800,0.0304071351246262
2024-05-14,IOVA,10.920000076293944,11.18000030517578,10.640000343322754,10.720000267028809,6560800,0.020009943241153
2024-05-15,IOVA,10.989999771118164,11.399999618530272,10.640000343322754,10.68000030517578,7036100,0.021459572253243
2024-05-16,IOVA,10.68000030517578,10.800000190734863,10.3100004196167,10.43000030517578,4705800,0.0143523336947046
2024-05-17,IOVA,10.4399995803833,10.59000015258789,10.18000030517578,10.239999771118164,4505700,0.0137420438455163
2024-05-20,IOVA,10.18000030517578,10.449999809265137,10.079999923706056,10.350000381469728,3934400,0.0119996221021815
2024-05-21,IOVA,10.329999923706056,10.84000015258789,10.149999618530272,10.31999969482422,4633900,0.0141330441386994
2024-05-22,IOVA,10.289999961853027,10.539999961853027,10.100000381469728,10.329999923706056,5272700,0.0160813357711906
2024-05-23,IOVA,10.380000114440918,10.380000114440918,9.90999984741211,10.260000228881836,5763500,0.0175782386096795
2024-05-24,IOVA,10.869999885559082,10.880000114440918,9.850000381469728,10.010000228881836,6503800,0.0198360975569764
2024-05-28,IOVA,10.220000267028809,10.260000228881836,9.68000030517578,9.699999809265137,4405700,0.0134370514171363
2024-05-29,IOVA,9.529999732971191,9.579999923706056,9.130000114440918,9.279999732971191,8782300,0.0267853500376141
2024-05-30,IOVA,9.420000076293944,9.449999809265137,8.880000114440918,9.0,6775400,0.0206644569924564
2024-05-31,IOVA,8.989999771118164,9.420000076293944,8.859999656677246,8.880000114440918,7225200,0.0220363129353095
2024-06-03,IOVA,8.869999885559082,9.210000038146973,8.3100004196167,8.369999885559082,12342700,0.0376443004576545
2024-06-04,IOVA,8.350000381469727,8.4399995803833,8.0,8.100000381469727,7879400,0.0240315734017713
2024-06-05,IOVA,8.149999618530273,8.430000305175781,7.96999979019165,8.319999694824219,5457100,0.0166437418091233
2024-06-06,IOVA,8.199999809265137,8.289999961853027,7.980000019073486,8.140000343322754,7335700,0.0223733295686694
2024-06-07,IOVA,8.050000190734863,8.140000343322754,7.679999828338623,7.78000020980835,7227100,0.0220421077914488
2024-06-10,IOVA,7.670000076293945,8.140000343322754,7.590000152587891,8.0600004196167,8884900,0.0270982722691319
2024-06-11,IOVA,7.929999828338623,8.899999618530273,7.889999866485596,8.619999885559082,9571100,0.0291911303126753
2024-06-12,IOVA,9.130000114440918,9.25,8.319999694824219,8.529999732971191,9616300,0.029328986890303
2024-06-13,IOVA,8.539999961853027,8.800000190734863,8.130000114440918,8.430000305175781,6872900,0.0209618246101269
2024-06-14,IOVA,8.350000381469727,8.399999618530273,8.0600004196167,8.15999984741211,6404800,0.0195341550528803
2024-06-17,IOVA,8.050000190734863,8.15999984741211,7.869999885559082,8.079999923706055,5780800,0.0176310022997893
2024-06-18,IOVA,8.010000228881836,8.109999656677246,7.809999942779541,8.0,7402300,0.0225764545259705
2024-06-20,IOVA,7.820000171661377,8.09000015258789,7.760000228881836,7.96999979019165,7132800,0.0217544999314865
2024-06-21,IOVA,8.029999732971191,8.130000114440918,7.869999885559082,8.010000228881836,11295000,0.0344488947855176
2024-06-24,IOVA,8.0600004196167,8.520000457763672,7.940000057220459,8.15999984741211,8702600,0.0265422710721952
2024-06-25,IOVA,8.100000381469727,8.520000457763672,7.989999771118164,8.449999809265137,5464900,0.0166675312185369
2024-06-26,IOVA,8.380000114440918,8.460000038146973,8.100000381469727,8.109999656677246,6199200,0.0189070906201311
2024-06-27,IOVA,8.050000190734863,8.149999618530273,7.860000133514404,8.010000228881836,4730400,0.0144273618320861
2024-06-28,IOVA,8.050000190734863,8.199999809265137,7.659999847412109,8.020000457763672,20652200,0.0629876462938881
2024-07-01,IOVA,8.020000457763672,8.199999809265137,7.949999809265137,8.0600004196167,5323700,0.0162368819096644
2024-07-02,IOVA,8.039999961853027,8.079999923706055,7.690000057220459,7.730000019073486,4867900,0.0148467264211085
2024-07-03,IOVA,7.78000020980835,7.889999866485596,7.300000190734863,7.389999866485596,6285000,0.0191687741236811
2024-07-05,IOVA,7.360000133514404,7.460000038146973,7.170000076293945,7.28000020980835,8611300,0.0262638129850843
2024-07-08,IOVA,7.349999904632568,7.5,7.190000057220459,7.300000190734863,5166400,0.0157571288198227
2024-07-09,IOVA,7.269999980926514,7.670000076293945,7.170000076293945,7.539999961853027,5359700,0.0163466791838812
2024-07-10,IOVA,7.570000171661377,7.889999866485596,7.550000190734863,7.78000020980835,6420500,0.0195820388641359
2024-07-11,IOVA,8.100000381469727,8.640000343322754,8.079999923706055,8.4399995803833,9645800,0.0294189596566751
2024-07-12,IOVA,8.550000190734863,9.109999656677246,8.40999984741211,8.729999542236328,7217800,0.0220137434956094
2024-07-15,IOVA,8.739999771118164,8.880000114440918,8.5,8.680000305175781,5721500,0.0174501417897599
2024-07-16,IOVA,8.850000381469727,9.5600004196167,8.739999771118164,9.40999984741211,8599700,0.0262284338633922
2024-07-17,IOVA,9.229999542236328,9.40999984741211,8.829999923706055,8.9399995803833,5636100,0.0171896782559234
2024-07-18,IOVA,8.960000038146973,9.15999984741211,8.210000038146973,8.3100004196167,5599800,0.0170789660044215
2024-07-19,IOVA,8.300000190734863,8.300000190734863,7.909999847412109,7.960000038146973,4263500,0.01300335218398
2024-07-22,IOVA,8.069999694824219,8.350000381469727,8.0,8.329999923706055,4106600,0.0125248190638518
2024-07-23,IOVA,8.229999542236328,8.789999961853027,8.210000038146973,8.6899995803833,3954300,0.0120603155954291
2024-07-24,IOVA,8.550000190734863,9.239999771118164,8.510000228881836,9.130000114440918,7369800,0.022477331986747
2024-07-25,IOVA,9.119999885559082,9.649999618530272,9.06999969482422,9.43000030517578,5123900,0.0156275070377612
2024-07-26,IOVA,9.699999809265137,10.119999885559082,9.039999961853027,9.25,6523000,0.0198946561032254
2024-07-29,IOVA,8.430000305175781,9.149999618530272,8.270000457763672,9.050000190734863,9047800,0.0275951049349629
2024-07-30,IOVA,9.039999961853027,9.09000015258789,8.779999732971191,8.960000038146973,5384500,0.0164223173061194
2024-07-31,IOVA,9.020000457763672,9.18000030517578,8.6899995803833,8.729999542236328,7178800,0.0218947964485412
2024-08-01,IOVA,8.859999656677246,8.90999984741211,8.130000114440918,8.15999984741211,7365600,0.022464522304755
2024-08-02,IOVA,7.730000019073486,7.96999979019165,7.559999942779541,7.789999961853027,6849000,0.0208889314197441
2024-08-05,IOVA,7.119999885559082,7.860000133514404,7.110000133514404,7.420000076293945,8105200,0.0247202463050533
2024-08-06,IOVA,7.539999961853027,7.900000095367432,7.289999961853027,7.739999771118164,5259200,0.0160401617933593
2024-08-07,IOVA,7.949999809265137,7.980000019073486,7.28000020980835,7.329999923706055,6867800,0.0209462699962795
2024-08-08,IOVA,7.369999885559082,8.0,7.320000171661377,7.940000057220459,10892600,0.0332216052537166
2024-08-09,IOVA,9.390000343322754,10.15999984741211,8.65999984741211,9.920000076293944,23625100,0.0720547661971963
2024-08-12,IOVA,9.970000267028809,10.550000190734863,9.56999969482422,10.09000015258789,10120400,0.0308664537217664
2024-08-13,IOVA,10.229999542236328,10.789999961853027,9.9399995803833,10.739999771118164,6482100,0.019769914200018
2024-08-14,IOVA,10.850000381469728,10.9399995803833,9.869999885559082,10.109999656677246,7434400,0.0226743570954804
2024-08-15,IOVA,10.3100004196167,10.75,10.210000038146973,10.670000076293944,7398200,0.0225639498364069
2024-08-16,IOVA,10.600000381469728,10.65999984741211,10.25,10.5,5075000,0.0154783657402834
2024-08-19,IOVA,10.510000228881836,11.199999809265137,10.489999771118164,11.1899995803833,7246900,0.022102496292268
2024-08-20,IOVA,11.020000457763672,11.359999656677246,10.9399995803833,11.289999961853027,5795600,0.0176761411791895
2024-08-21,IOVA,11.279999732971191,11.890000343322754,11.279999732971191,11.829999923706056,6451100,0.0196753665472202
2024-08-22,IOVA,11.880000114440918,11.979999542236328,11.600000381469728,11.619999885559082,6154400,0.0187704540122168
2024-08-23,IOVA,11.699999809265137,12.5,11.6899995803833,11.869999885559082,8990000,0.0274188193113593
2024-08-26,IOVA,11.920000076293944,12.079999923706056,11.649999618530272,11.899999618530272,5243400,0.0159919729896753
2024-08-27,IOVA,11.880000114440918,12.0,11.1899995803833,11.399999618530272,5149900,0.01570680506914
2024-08-28,IOVA,11.270000457763672,11.470000267028809,11.050000190734863,11.329999923706056,4516000,0.0137734580656394
2024-08-29,IOVA,11.350000381469728,11.81999969482422,11.31999969482422,11.380000114440918,4867900,0.0148467264211085
2024-08-30,IOVA,11.43000030517578,11.6899995803833,11.260000228881836,11.65999984741211,3961900,0.012083495019986
2024-09-03,IOVA,11.5,11.800000190734863,10.760000228881836,10.850000381469728,6597500,0.0201218754623685
2024-09-04,IOVA,10.739999771118164,10.880000114440918,10.31999969482422,10.479999542236328,4038300,0.0123165092352683
2024-09-05,IOVA,10.489999771118164,10.710000038146973,10.34000015258789,10.460000038146973,3462600,0.0105606678250848
2024-09-06,IOVA,10.489999771118164,10.579999923706056,9.68000030517578,10.010000228881836,6728900,0.0205226355132598
2024-09-09,IOVA,10.149999618530272,10.15999984741211,9.449999809265137,9.859999656677246,7832400,0.0238882269604327
2024-09-10,IOVA,9.81999969482422,9.859999656677246,8.800000190734863,9.18000030517578,14393000,0.043897560216729
2024-09-11,IOVA,9.09000015258789,9.449999809265137,8.989999771118164,9.350000381469728,5644300,0.0172146876350506
2024-09-12,IOVA,9.3100004196167,9.600000381469728,9.170000076293944,9.460000038146973,3968200,0.0121027095429739
2024-09-13,IOVA,9.489999771118164,10.539999961853027,9.460000038146973,10.34000015258789,7623900,0.0232523177472605
2024-09-16,IOVA,10.31999969482422,10.369999885559082,9.729999542236328,9.8100004196167,4590700,0.0140012874096392
2024-09-17,IOVA,9.9399995803833,10.550000190734863,9.899999618530272,10.420000076293944,6406500,0.0195393399241627
2024-09-18,IOVA,10.40999984741211,10.93000030517578,10.149999618530272,10.170000076293944,5792200,0.0176657714366246
2024-09-19,IOVA,10.600000381469728,10.710000038146973,10.289999961853027,10.350000381469728,3940600,0.012018531632741
2024-09-20,IOVA,10.380000114440918,10.5,10.020000457763672,10.149999618530272,5975800,0.0182257375351302
2024-09-23,IOVA,10.18000030517578,10.220000267028809,9.640000343322754,9.65999984741211,4049700,0.0123512783721036
2024-09-24,IOVA,9.65999984741211,9.739999771118164,9.329999923706056,9.34000015258789,4388900,0.0133858126891685
2024-09-25,IOVA,9.380000114440918,9.520000457763672,9.119999885559082,9.220000267028809,4340500,0.0132381963538325
2024-09-26,IOVA,9.4399995803833,9.600000381469728,9.140000343322754,9.25,3226900,0.0098418006713932
2024-09-27,IOVA,9.399999618530272,9.75,9.279999732971191,9.609999656677246,3869800,0.011802596993448
2024-09-30,IOVA,9.5,9.920000076293944,9.34000015258789,9.390000343322754,3367300,0.0102700100408387
2024-10-01,IOVA,9.300000190734863,9.420000076293944,8.970000267028809,9.350000381469728,4975000,0.0151733733119035
2024-10-02,IOVA,9.25,9.829999923706056,9.149999618530272,9.760000228881836,4440600,0.0135434937746409
2024-10-03,IOVA,9.670000076293944,9.890000343322754,9.56999969482422,9.760000228881836,3043500,0.0092824445577443
2024-10-04,IOVA,9.989999771118164,10.470000267028809,9.869999885559082,10.460000038146973,4122400,0.0125730078675358
2024-10-07,IOVA,10.449999809265137,10.489999771118164,9.84000015258789,9.989999771118164,4024900,0.0122756402498654
2024-10-08,IOVA,9.90999984741211,10.270000457763672,9.710000038146973,9.720000267028809,3640100,0.0111020293854592
2024-10-09,IOVA,9.640000343322754,9.670000076293944,9.420000076293944,9.609999656677246,3751000,0.0114402659885326
2024-10-10,IOVA,9.399999618530272,9.489999771118164,9.199999809265137,9.470000267028809,4604300,0.0140427663798989
2024-10-11,IOVA,9.470000267028809,9.779999732971191,9.359999656677246,9.739999771118164,3422400,0.010438060868876
2024-10-14,IOVA,9.75,9.949999809265137,9.640000343322754,9.770000457763672,3467600,0.0105759174465038
2024-10-15,IOVA,9.770000457763672,9.770000457763672,9.399999618530272,9.59000015258789,3874700,0.0118175416224386
2024-10-16,IOVA,9.630000114440918,9.8100004196167,9.289999961853027,9.369999885559082,4751500,0.0144917152344742
2024-10-17,IOVA,9.380000114440918,10.289999961853027,9.270000457763672,10.170000076293944,7600100,0.0231797295493061
2024-10-18,IOVA,10.239999771118164,11.18000030517578,10.010000228881836,10.239999771118164,8881300,0.0270872925417102
2024-10-21,IOVA,10.149999618530272,10.18000030517578,9.699999809265137,9.920000076293944,4719700,0.0143947276422494
2024-10-22,IOVA,9.859999656677246,10.020000457763672,9.829999923706056,9.960000038146973,2051600,0.0062572246606434
2024-10-23,IOVA,9.869999885559082,10.029999732971191,9.59000015258789,9.81999969482422,3392700,0.0103474781176472
2024-10-24,IOVA,10.100000381469728,10.739999771118164,9.989999771118164,10.5600004196167,5345000,0.0163018452969094
2024-10-25,IOVA,10.630000114440918,11.140000343322754,10.539999961853027,10.670000076293944,8740300,0.0266572532176945
2024-10-28,IOVA,10.850000381469728,11.210000038146973,10.770000457763672,11.029999732971191,5697900,0.0173781635766623
2024-10-29,IOVA,11.0,11.079999923706056,10.65999984741211,10.8100004196167,3353600,0.0102282260781506
2024-10-30,IOVA,10.760000228881836,11.329999923706056,10.630000114440918,11.039999961853027,3700800,0.0112871597894859
2024-10-31,IOVA,10.850000381469728,10.949999809265137,10.380000114440918,10.4399995803833,4635200,0.0141370090402683
2024-11-01,IOVA,10.619999885559082,11.199999809265137,10.579999923706056,11.1899995803833,5314400,0.0162085176138251
2024-11-04,IOVA,11.31999969482422,11.470000267028809,10.850000381469728,11.4399995803833,5879100,0.0179308098568868
2024-11-05,IOVA,11.350000381469728,11.699999809265137,11.029999732971191,11.65999984741211,4885000,0.0148988801263615
2024-11-06,IOVA,12.09000015258789,12.380000114440918,11.789999961853027,12.140000343322754,9758100,0.0297614661537458
2024-11-07,IOVA,12.220000267028809,12.510000228881836,12.100000381469728,12.279999732971191,9412400,0.0287071073288362
2024-11-08,IOVA,10.670000076293944,10.800000190734863,9.3100004196167,10.59000015258789,27300700,0.0832650678947304
2024-11-11,IOVA,10.479999542236328,10.859999656677246,10.050000190734863,10.649999618530272,8577300,0.0261601155594351
2024-11-12,IOVA,10.40999984741211,10.470000267028809,9.68000030517578,9.6899995803833,9446700,0.0288117197317706
2024-11-13,IOVA,9.760000228881836,9.93000030517578,8.9399995803833,9.0,9322500,0.0284329191357227
2024-11-14,IOVA,9.020000457763672,9.210000038146973,8.59000015258789,8.59000015258789,6940900,0.0211692194614253
2024-11-15,IOVA,8.630000114440918,8.699999809265137,8.119999885559082,8.180000305175781,17439400,0.0531888495548964
2024-11-18,IOVA,8.130000114440918,8.649999618530273,8.130000114440918,8.430000305175781,13359900,0.0407466834391356
2024-11-19,IOVA,8.220000267028809,8.390000343322754,8.100000381469727,8.1899995803833,11583700,0.0353294079262505
2024-11-20,IOVA,8.210000038146973,8.260000228881836,8.050000190734863,8.140000343322754,6005400,0.0183160152939307
2024-11-21,IOVA,8.149999618530273,8.380000114440918,7.980000019073486,8.239999771118164,4416200,0.0134690756221162
2024-11-22,IOVA,8.149999618530273,8.720000267028809,8.079999923706055,8.550000190734863,9273800,0.0282843878231016
2024-11-25,IOVA,8.90999984741211,9.699999809265137,8.890000343322754,9.270000457763672,9967800,0.0304010352760586
2024-11-26,IOVA,9.279999732971191,9.420000076293944,9.06999969482422,9.119999885559082,5417900,0.0165241847771983
2024-11-27,IOVA,9.279999732971191,9.630000114440918,9.170000076293944,9.399999618530272,5705800,0.0174022579785043
2024-11-29,IOVA,9.520000457763672,9.520000457763672,9.199999809265137,9.31999969482422,2864400,0.0087362031185158
2024-12-02,IOVA,9.279999732971191,9.380000114440918,9.050000190734863,9.06999969482422,4682000,0.0142797454967501
2024-12-03,IOVA,8.979999542236328,9.15999984741211,8.720000267028809,8.729999542236328,4608600,0.0140558810543192
2024-12-04,IOVA,8.649999618530273,8.899999618530273,8.649999618530273,8.729999542236328,3539200,0.0107942920252238
2024-12-05,IOVA,8.729999542236328,8.829999923706055,8.430000305175781,8.470000267028809,3731200,0.0113798774877134
2024-12-06,IOVA,8.529999732971191,9.050000190734863,8.529999732971191,9.029999732971191,3851000,0.0117452584169126
2024-12-09,IOVA,9.130000114440918,9.300000190734863,8.899999618530273,8.9399995803833,3202400,0.0097670775264401
2024-12-10,IOVA,8.869999885559082,8.899999618530273,8.539999961853027,8.59000015258789,4892600,0.0149220595509184
2024-12-11,IOVA,8.649999618530273,8.739999771118164,8.380000114440918,8.579999923706055,4666600,0.0142327766627796
2024-12-12,IOVA,8.520000457763672,8.5600004196167,7.940000057220459,7.960000038146973,6923100,0.0211149308091737
2024-12-13,IOVA,7.900000095367432,8.029999732971191,7.690000057220459,7.829999923706055,5544200,0.0169093902142422
2024-12-16,IOVA,7.929999828338623,8.140000343322754,7.789999961853027,7.840000152587891,5205400,0.0158760758668909
2024-12-17,IOVA,7.730000019073486,7.849999904632568,7.639999866485596,7.809999942779541,4274600,0.0130372063435301
2024-12-18,IOVA,7.820000171661377,7.860000133514404,7.059999942779541,7.260000228881836,7058200,0.021526975579915
2024-12-19,IOVA,7.460000038146973,7.5,7.179999828338623,7.21999979019165,9662700,0.0294705033770713
2024-12-20,IOVA,7.170000076293945,7.440000057220459,7.070000171661377,7.380000114440918,11178000,0.034092053644313
2024-12-23,IOVA,7.380000114440918,7.659999847412109,7.360000133514404,7.460000038146973,7347200,0.0224084036979331
2024-12-24,IOVA,7.449999809265137,7.5,7.239999771118164,7.489999771118164,3542900,0.0108055767450739
2024-12-26,IOVA,7.400000095367432,7.630000114440918,7.269999980926514,7.599999904632568,6161600,0.0187924134670602
2024-12-27,IOVA,7.550000190734863,7.619999885559082,7.210000038146973,7.369999885559082,7358000,0.0224413428801981
2024-12-30,IOVA,7.239999771118164,7.340000152587891,7.050000190734863,7.170000076293945,9751600,0.0297416416459011
2024-12-31,IOVA,7.269999980926514,7.449999809265137,7.119999885559082,7.400000095367432,7594100,0.0231614300036033
2025-01-02,IOVA,7.539999961853027,8.149999618530273,7.400000095367432,7.789999961853027,7466600,0.0227725646574188
2025-01-03,IOVA,7.829999923706055,7.96999979019165,7.570000171661377,7.650000095367432,7587000,0.0231397755411883
2025-01-06,IOVA,7.710000038146973,7.78000020980835,7.409999847412109,7.480000019073486,5879400,0.0179317248341719
2025-01-07,IOVA,7.5,7.690000057220459,7.25,7.400000095367432,7909500,0.0241233761227137
2025-01-08,IOVA,7.300000190734863,7.340000152587891,7.0,7.170000076293945,7951900,0.0242526929123468
2025-01-10,IOVA,7.0,7.03000020980835,6.239999771118164,6.400000095367432,18544500,0.0565593208809235
2025-01-13,IOVA,6.309999942779541,6.349999904632568,5.769999980926514,5.78000020980835,16808700,0.051265262309104
2025-01-14,IOVA,5.940000057220459,6.440000057220459,5.869999885559082,5.889999866485596,15616100,0.0476279226082445
2025-01-15,IOVA,6.179999828338623,6.28000020980835,5.840000152587891,5.909999847412109,9106100,0.0277729155207084
2025-01-16,IOVA,5.929999828338623,5.989999771118164,5.619999885559082,5.760000228881836,9464600,0.0288663133764506
2025-01-17,IOVA,5.900000095367432,6.0,5.789999961853027,5.909999847412109,6557900,0.02000109846073
2025-01-21,IOVA,5.989999771118164,6.059999942779541,5.570000171661377,5.880000114440918,11462900,0.0349609770727675
2025-01-22,IOVA,5.900000095367432,6.050000190734863,5.800000190734863,5.989999771118164,8381600,0.0255632453770955
2025-01-23,IOVA,5.900000095367432,6.210000038146973,5.699999809265137,6.190000057220459,7887400,0.0240559727960417
2025-01-24,IOVA,6.239999771118164,6.380000114440918,5.989999771118164,6.25,6010600,0.0183318749002064
2025-01-27,IOVA,6.179999828338623,6.5,6.110000133514404,6.25,8089000,0.0246708375316557
2025-01-28,IOVA,6.28000020980835,6.300000190734863,6.070000171661377,6.190000057220459,5746400,0.0175260849044265
2025-01-29,IOVA,6.119999885559082,6.230000019073486,5.900000095367432,6.070000171661377,9256800,0.028232539110277
2025-01-30,IOVA,6.159999847412109,6.360000133514404,6.150000095367432,6.210000038146973,6442900,0.019650357168093
2025-01-31,IOVA,6.119999885559082,6.150000095367432,5.809999942779541,5.849999904632568,9082100,0.0276997173378972
2025-02-03,IOVA,5.590000152587891,5.989999771118164,5.519999980926514,5.639999866485596,9255600,0.0282288792011365
2025-02-04,IOVA,5.630000114440918,5.829999923706055,5.570000171661377,5.809999942779541,5390300,0.0164400068669655
2025-02-05,IOVA,5.860000133514404,6.099999904632568,5.840000152587891,6.099999904632568,6132800,0.0187045756476868
2025-02-06,IOVA,6.130000114440918,6.159999847412109,5.849999904632568,5.880000114440918,5401500,0.016474166018944
2025-02-07,IOVA,5.860000133514404,5.929999828338623,5.630000114440918,5.690000057220459,6058800,0.0184788812506856
2025-02-10,IOVA,5.769999980926514,5.78000020980835,5.300000190734863,5.320000171661377,11176600,0.0340877837503157
2025-02-11,IOVA,5.239999771118164,5.340000152587891,5.050000190734863,5.289999961853027,9468000,0.0288766831190155
2025-02-12,IOVA,5.210000038146973,5.429999828338623,5.199999809265137,5.340000152587891,5625400,0.0171570440660868
2025-02-13,IOVA,5.409999847412109,5.420000076293945,5.059999942779541,5.340000152587891,7753600,0.0236478929268693
2025-02-14,IOVA,5.400000095367432,5.75,5.389999866485596,5.570000171661377,8156800,0.0248776223980973
2025-02-18,IOVA,5.599999904632568,5.800000190734863,5.539999961853027,5.559999942779541,5635900,0.0171890682710667
2025-02-19,IOVA,5.5,5.730000019073486,5.440000057220459,5.650000095367432,6620600,0.0201923287133242
2025-02-20,IOVA,5.639999866485596,5.670000076293945,5.449999809265137,5.610000133514404,7021100,0.021413823388986
2025-02-21,IOVA,5.690000057220459,6.090000152587891,5.679999828338623,5.78000020980835,10904300,0.033257289367837
2025-02-24,IOVA,5.710000038146973,5.880000114440918,5.46999979019165,5.550000190734863,8461500,0.0258069343273711
2025-02-25,IOVA,5.550000190734863,5.590000152587891,5.230000019073486,5.340000152587891,7860200,0.0239730148555224
2025-02-26,IOVA,5.389999866485596,5.519999980926514,5.309999942779541,5.349999904632568,6894900,0.0210289229443705
2025-02-27,IOVA,5.380000114440918,5.639999866485596,5.25,5.260000228881836,13965600,0.042594022577833
2025-02-28,IOVA,3.930000066757202,4.429999828338623,3.619999885559082,4.239999771118164,49907700,0.1522147061785903
2025-03-03,IOVA,4.269999980926514,4.570000171661377,3.990000009536743,4.039999961853027,18837300,0.05745233871122
2025-03-04,IOVA,3.950000047683716,3.9600000381469727,3.75,3.920000076293945,18579500,0.0566660682308565
2025-03-05,IOVA,4.019999980926514,4.190000057220459,3.880000114440918,4.050000190734863,11220000,0.0342201504642326
2025-03-06,IOVA,3.930000066757202,3.950000047683716,3.740000009536743,3.75,9885700,0.0301506364923586
