Date,Stock,Open,High,Low,Close,Volume,Turnover
2020-03-13,NWSA,0.03766119968401286,0.06593621151312853,0.041919005768379175,0.12713886460360613,15.720673263291781,0.0178070823333139
2020-03-16,NWSA,0.0808325796377165,0.0056984166295205455,-0.005276721505973941,-0.032025662586879326,15.498663694007911,0.0142618288310486
2020-03-17,NWSA,-0.03763149227284353,0.08353264118136056,0.053565497614279534,0.07043782810433678,15.802206266590384,0.0193197768209397
2020-03-18,NWSA,0.038577780596991615,-0.07786711882966563,-0.0461854867202274,-0.09641350145434022,15.26513200360362,0.0112915529147261
2020-03-19,NWSA,-0.07359889007224137,-0.025752658820843096,0.0010495824072190277,-0.02148441633929275,15.066786993545442,0.0092600537666045
2020-03-20,NWSA,-0.04797564474023059,-0.0638300775970335,-0.06614854176178629,-0.06958373979111451,15.552690813765324,0.0150535491198953
2020-03-23,NWSA,-0.027072587196520306,-0.05504040249671403,-0.11261149563999538,-0.09165843272905845,15.250857191757305,0.0111315130705282
2020-03-24,NWSA,-0.051813490463189914,-0.05479298069138879,0.044178886821526715,0.053235511042200846,14.75883301822168,0.0068056678778538
2020-03-25,NWSA,0.0011554400493509751,0.059136007120668584,-0.02799932630829755,0.004597716650795972,15.433353251068292,0.0133601473909732
2020-03-26,NWSA,0.01376179671694038,0.018250774212223663,0.07260781090838131,0.04922701792222892,14.993427127890076,0.0086050562585626
2020-03-27,NWSA,0.012450700588906422,-0.05578257087144423,-0.03386196825098043,-0.07125684215121919,14.876386710948442,0.0076546209586653
2020-03-30,NWSA,-0.04839663535165157,0.004489253520588908,-0.015559960166878307,0.03343241782210714,15.265906078968245,0.0113002968134985
2020-03-31,NWSA,0.058469448240527216,0.04381873471207053,0.03903526394647092,0.017978153012642852,15.263394016820605,0.0112719453841456
2020-04-01,NWSA,-0.06438997022883877,-0.028262752407575257,-0.02466359176407788,-0.03859718499171952,15.061191651934882,0.0092083852738584
2020-04-02,NWSA,0.011806484684911668,-0.02342557718224682,-0.06255875686559646,-0.052268564111703185,15.399856483068527,0.0129200378194289
2020-04-03,NWSA,-0.04317230858962819,-0.06408713080128962,0.012578705838239368,-0.002442007384444192,15.021900738081523,0.0088535949570024
2020-04-06,NWSA,0.04902348219716023,0.0786530991349459,0.05944736715819604,0.08772417661418651,14.967316317873202,0.0083832791896989
2020-04-07,NWSA,0.029887378971776273,0.06042842143708088,0.016355614988027237,-0.01580165170922562,15.542820568755225,0.0149056977406528
2020-04-08,NWSA,0.0022623175273672343,-0.05598901522811459,-1.7862083608756773e-07,0.01803862499749886,15.134676647435692,0.0099105468419454
2020-04-09,NWSA,0.030052234267246614,0.06225179425214461,0.04752020528446264,0.05858502238113183,15.466512781333613,0.0138105906610667
2020-04-13,NWSA,0.037659330177194514,-0.01467506554153938,0.0055098629748055105,-0.010593072401097348,14.69047958715151,0.0063560195076487
2020-04-14,NWSA,0.011548757902168515,0.013634312093496234,0.00438607686477203,0.002127716877622927,14.697789801085406,0.0064026536344349
2020-04-15,NWSA,-0.049207924307771184,-0.05129347849909893,-0.05279175526328199,-0.0523566401459307,14.694432077599,0.0063811913374481
2020-04-16,NWSA,-0.01993434699069125,-0.002195433796568408,-0.03163723685723762,-0.056434267873608834,14.604604533827708,0.0058329753810813
2020-04-17,NWSA,-0.03297612415273638,-0.006615144005812665,0.029327757659490156,0.05306911623853377,14.705827266591992,0.0064543221271809
2020-04-20,NWSA,0.010350795936133458,-0.013363305739453,-0.004635088978702855,-0.014714465995910777,14.472823803756992,0.0051127960821906
2020-04-21,NWSA,-0.026668244550912434,-0.04002830869737621,-0.041499713874439806,-0.038354650242622974,14.674172600730516,0.0062532124554156
2020-04-22,NWSA,0.01284310191847792,0.011601102592301732,0.017996840598679453,0.0,14.246189118611888,0.0040759816610872
2020-04-23,NWSA,-0.01755445165878572,0.02280606337747579,0.00474504250589907,0.028039384490733333,14.27046463364094,0.0041761390470256
2020-04-24,NWSA,0.030234763458343753,0.004499427170706944,0.023392844279253294,0.01713342837772115,15.04201784291009,0.0090335072984104
2020-04-27,NWSA,0.015909485310017187,0.06831927641066513,0.02511552588258487,0.06891740042703619,14.895314065307648,0.007800882538131
2020-04-28,NWSA,0.08428323962598586,0.04207919776470964,0.06756395230925745,0.03633007648051942,15.062169506203812,0.0092173941392603
2020-04-29,NWSA,0.04061451098484736,0.055705452143572705,0.05234623781194335,0.06797267413334496,15.177410018423199,0.0103432373478646
2020-04-30,NWSA,0.02068019473522724,0.006631909366882796,-0.014098973031143358,-0.05783093805083572,14.51359602509091,0.0053255642856525
2020-05-01,NWSA,-0.0499605129502791,-0.07957079205431891,-0.04459007956269423,-0.044360139740402635,14.536565178016533,0.0054493037016134
2020-05-04,NWSA,-0.04398579253499173,-0.009244711381356891,-0.0246923029214141,0.016737239020457713,14.840656053494842,0.007385944796386
2020-05-05,NWSA,0.041934748955229376,0.03149063377320066,0.03314036067957737,-0.0093800463942391,14.592493704227602,0.0057627592242726
2020-05-06,NWSA,-0.014478131610775533,-0.019182952308105183,-0.001052277684007544,0.012486967224370012,14.491257732620316,0.0052079191021692
2020-05-07,NWSA,0.01959861745517988,0.013164965121372671,-0.0031625601916643667,-0.0020701385151028137,14.853523578661203,0.0074815977496235
2020-05-08,NWSA,0.08043529858056968,0.10676788653967838,0.07523853147646957,0.12455328524801161,14.967221493722937,0.0083824842898105
2020-05-11,NWSA,0.015895608872962434,-0.01640879365759978,0.03654252653953367,-0.02126761803685408,14.729438901595394,0.0066085327055305
2020-05-12,NWSA,-0.003717451316036836,0.010059517267385834,-0.0018903813872353167,-0.010333527995688272,14.588439335188166,0.0057394421608795
2020-05-13,NWSA,-0.026416697179322886,-0.03330563616293426,-0.025875948950204706,0.0018866545520100063,15.102840846938273,0.0096000059522103
2020-05-14,NWSA,-0.006714687820668805,0.015865884979443867,-0.022583301020172475,0.011246530021423399,15.193646983430558,0.0105125510240939
2020-05-15,NWSA,0.026592363352945226,0.009216731490737188,0.043717703441861246,0.01296330566807869,14.872467518875306,0.0076246797295356
2020-05-18,NWSA,0.06178163861024293,0.05705643707359789,0.052765497835256955,0.026329186212589253,14.713841371710386,0.0065062555865564
2020-05-19,NWSA,-0.016881756303618437,-0.011329029320465537,-0.002708703134067286,-0.005390722642439411,14.460885081518754,0.0050521187240428
2020-05-20,NWSA,0.007142914528545733,0.00872612582502349,0.011685484496928277,0.031044604363820418,14.358358548844123,0.0045598107264935
2020-05-21,NWSA,0.011499415092763133,-0.0034813466994849246,0.006236099711828017,-0.0061323330898021885,14.321304142229204,0.0043939416164473
2020-05-22,NWSA,0.007011362307011447,0.009544457796627956,0.006197371929697467,0.012227202911779447,14.43237100998824,0.0049100966106486
2020-05-26,NWSA,0.04190443958464026,0.03646026969921538,0.034695635440375815,0.030771708669542548,14.909746953026621,0.0079142882555428
2020-05-27,NWSA,0.010000157389528641,0.006639026215284381,0.0042535360321924965,0.0175223577972086,15.133579877740187,0.0098996832101372
2020-05-28,NWSA,0.01072167885994573,0.009876609882072113,0.002543506067356477,-0.017522357797208614,14.776545566144687,0.0069272875607791
2020-05-29,NWSA,-0.02913231085397717,0.006530585100011518,-0.0033927497024763393,0.030669569295988346,15.35224895206159,0.0123193584704277
2020-06-01,NWSA,0.034858374153162425,0.013737663266277969,0.03259797114453534,-0.0049099606011274895,14.559113657410746,0.0055735730508334
2020-06-02,NWSA,0.010547706854203403,-0.005633860389601806,-0.00908725554384713,0.004909960601127392,15.01872337357193,0.008825508494279
2020-06-03,NWSA,0.004027465346571155,0.042660628152698624,0.00990937262067035,0.05247639116595892,15.294384328271489,0.0116267357010016
2020-06-04,NWSA,0.02774637938473989,0.004629417033082399,0.03710085251132257,-0.009338760074668006,15.518475424837368,0.0145471978909843
2020-06-05,NWSA,0.02165596596777451,0.02508690342765503,0.0203769724516374,0.013204155548545154,15.042311115158872,0.009036156964705
2020-06-08,NWSA,-0.009223728577336462,0.004494423344542384,0.0023246629661254478,0.030397450835595537,14.6857158845087,0.0063258133118895
2020-06-09,NWSA,0.018363143195580155,-0.009009079537837198,-0.006990349881954107,-0.03658943115272834,14.38603859020337,0.004687789608526
2020-06-10,NWSA,-0.02378326850314265,-0.02907633560595475,-0.036512058676647016,-0.03878606935919273,14.583580128949333,0.0057116206647855
2020-06-11,NWSA,-0.0707691387595319,-0.06744135183521043,-0.08341679738456315,-0.08239963183606387,14.58214097985999,0.0057034066992721
2020-06-12,NWSA,-0.01005020870579843,-0.009178057507333396,0.0035088896687194334,0.02680677394671102,14.485696638500372,0.0051790377395573
2020-06-15,NWSA,-0.0465199549483592,-0.0025178367652700416,-0.01410951100618143,0.005954961244734306,14.577391042993234,0.0056763801030665
2020-06-16,NWSA,0.07555550577492015,0.0322474576735766,0.041745057126265105,0.012642266767675287,14.64650524083221,0.006082573946039
2020-06-17,NWSA,-0.01815225749546601,0.00648825630341243,0.008481847063842626,0.02970520468913777,15.216693777883304,0.0107576451563506
2020-06-18,NWSA,0.006639065137339142,-0.01301884286691899,-0.0008449277631123285,-0.03054297315577662,14.531544330997699,0.0054220121387784
2020-06-19,NWSA,-0.011647390920273145,2.3910984683920676e-08,-0.004235492074658117,-0.005884873157751236,15.369731911114355,0.0125366311065905
2020-06-22,NWSA,-0.014328083418633113,-0.014851760014824139,-0.005106325180215425,0.00839641053275872,14.191547541958803,0.0038592389581834
2020-06-23,NWSA,0.02680233706115904,0.01485179194467489,0.0236098513426063,0.003338906563468719,14.354107562242211,0.0045404681625424
2020-06-24,NWSA,-0.023412527868979155,-0.02236124832539382,-0.030459207888845433,-0.02788522685114096,14.467106832579233,0.0050836497529493
2020-06-25,NWSA,-0.017065266476063882,-0.005879895732146201,-0.011231251070960683,0.007682487205288931,14.87382189690027,0.0076350134280848
2020-06-26,NWSA,0.004293818323307315,-0.011864468277660883,-0.023737311454496472,-0.024097503854307794,14.898908019269681,0.0078289690008545
2020-06-29,NWSA,-0.00515486416264094,-0.001706620238147423,0.012378437187045807,0.014699618785924814,14.183828162334569,0.0038295626956831
2020-06-30,NWSA,0.006011327653551801,0.016095277457847744,0.019147782507045692,0.01786530761800762,14.601374102750057,0.0058141627503892
2020-07-01,NWSA,0.014449944980758765,0.025716971921875408,0.008583743240171093,0.01837987030554701,14.51662640420502,0.0053417272500499
2020-07-02,NWSA,0.029927421606343114,0.009780049873898498,0.025317854418582034,-0.004147648269099042,14.293544978906322,0.0042736467666694
2020-07-06,NWSA,0.0032705119035336475,0.010488071591928097,0.004987442464777625,0.011570271638425911,14.254282129607178,0.0041091024897705
2020-07-07,NWSA,-0.017291413376607303,-0.02437156552938047,-0.006655584714674101,-0.014067176578646248,14.091930196632202,0.0034933200428898
2020-07-08,NWSA,-0.005831052613093639,-0.013245371980498776,-0.023649886753884828,-0.012578907794146933,14.297258081932785,0.0042895447644374
2020-07-09,NWSA,-0.015151691545875109,0.010775221620928175,-0.0111731716540381,-0.010178137113896412,14.574539575758585,0.005660217138669
2020-07-10,NWSA,-0.0008485454853934864,-0.010775072329604115,0.0025896264414167875,0.019418138344574645,14.329471860347455,0.0044299770780548
2020-07-13,NWSA,0.021000304880884113,0.018167278453898365,0.022166186270648765,-0.002511537375007489,14.445345664992224,0.0049742185349795
2020-07-14,NWSA,-0.009185814029839687,0.017843103706690202,-0.005071791263896268,0.04105669410594802,14.792369815963884,0.0070377786452667
2020-07-15,NWSA,0.05070590693395302,0.02147207743181516,0.052817548753100865,0.017544297752552878,14.767284643139355,0.0068634306030776
2020-07-16,NWSA,0.005566575903005776,0.012509909828427633,0.01119117694296461,0.008658096151431264,13.938082994994668,0.0029951827794923
2020-07-17,NWSA,0.014173421878442914,0.0015527628907948522,0.004758102693580301,0.0046910638546210515,13.8915461710239,0.0028589899319463
2020-07-20,NWSA,-0.0031322159077159205,-0.005445290802011299,-0.002376168033684719,-0.01255889792854842,13.801919618129038,0.0026138957996896
2020-07-21,NWSA,-0.003929313950551373,0.003892564235938199,0.003957261120507169,0.007083846148992698,14.002488755756588,0.0031944376848513
2020-07-22,NWSA,0.027186035525185594,0.013889001255270955,0.007083732527998439,0.0078124350099905955,14.292117959230016,0.0042675525341917
2020-07-23,NWSA,-0.012336214696707534,-0.0038387008210808812,-0.006294181147982864,-0.010168172020998578,14.158604394751478,0.0037341747090751
2020-07-24,NWSA,-0.006225579771832502,-0.007721960516735366,1.151484721224618e-07,-0.0007863755536368179,13.734084644101976,0.0024424623904246
2020-07-27,NWSA,-0.0070507309370505394,0.0007747500666135236,-0.0015799765131017957,0.013286480182422346,13.928304278774712,0.0029660364502509
2020-07-28,NWSA,0.003923288162694998,-0.006995604175082279,-0.006344025517516895,-0.013286480182422464,14.004808556034861,0.0032018567504763
2020-07-29,NWSA,0.003907596564420584,0.010089220496935244,0.015002172297851179,0.012509799281079106,14.155690911016027,0.0037233110772669
2020-07-30,NWSA,-0.005475189820188044,0.001543211762792875,-0.010240384167415902,0.002328235343600125,13.95353272694141,0.0030418169062784
2020-07-31,NWSA,0.007812613243633883,-0.0038624708365006324,-0.002378057370150669,-0.014051659071042442,14.314891540951935,0.0043658551537238
2020-08-03,NWSA,-0.005462281138241694,0.009245181147796799,0.005540287956093312,0.0217739103909611,14.480721633996318,0.0051533359764991
2020-08-04,NWSA,0.015528059428057888,0.027978943815873895,-0.0023707730002709513,0.029558639355856852,14.286951279098629,0.0042455603039459
2020-08-05,NWSA,0.03259098854804937,0.007429461641068489,0.042592497677879655,-0.007496336846291056,14.466846192058895,0.005082324919802
2020-08-06,NWSA,-0.019578985863617084,0.006639622314119523,-0.012972292540418323,0.016418269495602544,14.724978467228846,0.0065791214096597
2020-08-07,NWSA,0.021813625746495584,0.05437677040819916,0.024280431474569267,0.05962272838606556,14.744638933537763,0.0067097499579868
2020-08-10,NWSA,0.06481756382943704,0.04160169844809225,0.07228581577710938,0.03427342410001307,15.341110452972988,0.0121829006562523
2020-08-11,NWSA,0.034947088176288554,0.02376351468939127,0.032924796515165784,0.003363664783325552,14.928880416057607,0.0080671740007451
2020-08-12,NWSA,0.016694793107040955,0.005204866483373225,0.015400319552687378,0.01862984359669055,15.171345969331382,0.0102807052233104
2020-08-13,NWSA,0.007258360289037472,0.0006487542463514678,0.0072823868743546565,0.007879239649959274,14.56272017030934,0.0055937105146728
2020-08-14,NWSA,0.006553135091270626,0.0025906793367133476,0.0026350519477077185,0.0026126772537594196,14.4066809360908,0.0047855622947992
2020-08-17,NWSA,0.001305447076429431,-0.004538079220692775,-0.011247233058302133,-0.01379332847731853,14.518410525114328,0.0053512660487107
2020-08-18,NWSA,-0.02912174042661571,-0.007827743223298005,-0.013395957266076949,0.003960506615892499,14.546676287059398,0.005504681727172
2020-08-19,NWSA,0.021920506854664817,0.009126496851347206,0.024643270928324766,0.0026315845365623034,14.406459440005667,0.0047845024282813
2020-08-20,NWSA,-0.011897199450658803,-0.008472018625327827,-0.012578899867735723,-0.005270244750146381,14.469761492725713,0.0050971630510521
2020-08-21,NWSA,0.008606553049754592,-0.007224897227586515,-0.029751990986995193,-0.035633997777017354,14.645415607969866,0.0060759497803023
2020-08-24,NWSA,-0.02131979329791662,-0.019301647138954353,0.011600386126509979,0.01763966466740711,14.459152843995886,0.0050433748252704
2020-08-25,NWSA,0.007379970499744849,0.008698510138513891,0.005412614382920329,0.008037430409955967,14.162570121947523,0.0037490128403252
2020-08-26,NWSA,0.005997931231248649,0.009283748341077914,0.00404034027929879,0.0006668067158858425,14.229936068163877,0.0040102699369794
2020-08-27,NWSA,0.00199149878006016,0.0006600085010311632,0.0013432953813779568,0.003992194260359509,13.977290064156003,0.0031149476960112
2020-08-28,NWSA,0.004631117018397996,0.007884363876675576,0.0033500674921623673,0.013192758383448817,14.13381955133608,0.003642761221909
2020-08-31,NWSA,0.011158612226726022,0.009768894500712094,0.010645441094807924,-0.009216703062348217,14.547830854390922,0.0055110409262792
2020-09-01,NWSA,-0.01380231310212015,-0.008460767561283718,-0.009976700739681002,0.003960506615892499,14.255764135431438,0.0041151967222483
2020-09-02,NWSA,0.005280412519883889,-0.0013081975022257947,0.002003198849103162,0.003944620268544823,14.726306621760447,0.0065878653084321
2020-09-03,NWSA,0.005252888665469745,0.011064253175888562,0.003994735462859515,-0.001970398020686759,14.905149708171171,0.0078779878273058
2020-09-04,NWSA,-0.0006551554328923275,-0.003891067918994647,-0.026255364897740694,-0.017241868780207607,14.700558682792895,0.0064204063986091
2020-09-08,NWSA,-0.027234966346871083,-0.03235659923819657,-0.0027320559847741344,-0.02095357152299342,14.475670079466264,0.0051273692468113
2020-09-09,NWSA,-0.005401883159735638,0.017958491281367908,0.004776395368144159,0.032260711439450515,14.491155972216117,0.0052073891689103
2020-09-10,NWSA,0.021434173710213097,0.0039473568153458125,0.009485207738962487,-0.01869209680641605,14.489016608186704,0.0051962605704727
2020-09-11,NWSA,-0.007984027350468622,-0.0013139887991295823,0.003365925362606124,0.014716041485315547,14.490697922208389,0.0052050044692451
2020-09-14,NWSA,0.013271591731205682,0.010464450936183308,0.017322243200603715,0.016463996453497647,14.605875642918814,0.0058403944467064
2020-09-15,NWSA,0.013123407916904828,0.005902212361107986,0.00985007539540212,0.007205964412843861,14.304397887520123,0.0043202808934556
2020-09-16,NWSA,0.008477332788699025,0.0026007766294301638,-0.007267934114222975,-0.013802393480873256,14.775780279800339,0.0069219882281897
2020-09-17,NWSA,-0.03166494160363844,-0.009788038439367775,-0.014696398178702995,0.006596298372165089,15.107961438150996,0.0096492897452911
2020-09-18,NWSA,0.004013279479561781,0.04173951401891918,0.002688103001585487,0.027878580127487885,15.899740740778766,0.0212990775430564
2020-09-21,NWSA,0.028949495056154018,-0.019689322873150155,-0.03621842571836736,-0.07086708830312922,15.456253514062784,0.0136696284141904
2020-09-22,NWSA,-0.04986072134965741,-0.05132698186650724,0.006934921347980812,0.011600326349310944,14.846557883769934,0.007429664290248
2020-09-23,NWSA,0.0006814766185441697,0.004715410482027302,-0.021656451608557722,-0.034509951323381055,14.88849764097892,0.0077478892122376
2020-09-24,NWSA,-0.02692597069835332,-0.03766271657559076,-0.014224893418506926,-0.0155698916491942,14.446889243984758,0.0049819025672341
2020-09-25,NWSA,-0.024797650780994798,-0.014763049295248831,-0.0086331755916127,0.005689873442052987,14.939335974137864,0.0081519633221744
2020-09-28,NWSA,0.02898741648674632,0.02999860569482132,0.02356392080072652,0.016877844302088798,14.792106237034965,0.0070359238788604
2020-09-29,NWSA,-0.01686605195810248,-0.021535941517824043,-0.02790863758132657,-0.03188348903074319,14.30550123377442,0.004325050292786
2020-09-30,NWSA,-0.00997151063662181,-0.006340254267502219,0.008670604998175424,0.00931577128660149,14.724535356763422,0.0065762067767356
2020-10-01,NWSA,0.004997990243675273,0.005637569548937021,0.005023166436882758,0.011347415114688137,14.290315766157452,0.0042598685019371
2020-10-02,NWSA,-0.0021389319633248797,0.006304847519867251,-0.005742923668432562,0.002816987759316742,14.21287695990374,0.0039424384798359
2020-10-05,NWSA,0.018387999092975987,0.00765216592457739,0.01783841547660149,0.008403314870136814,14.767246036842122,0.0068631656364481
2020-10-06,NWSA,0.009763029955762606,0.018538180975895328,-0.0007073858522491027,-0.0013956114900028035,14.702743574032105,0.0064344496299709
2020-10-07,NWSA,0.014468025443952792,-0.005457055943174056,0.007052153509683253,-0.0063047819160772815,14.453885240827205,0.0050168781623237
2020-10-08,NWSA,-0.024230979699377413,-0.011696041908068965,-0.013441980825129728,0.0146497276995776,14.618633039661022,0.0059153800028455
2020-10-09,NWSA,0.020805037802248086,0.008270100010939677,0.012738949380960105,-0.013245295582579603,14.421083112030274,0.0048549835517195
2020-10-12,NWSA,-0.014518007013277713,-0.002061077243300622,-0.006349185821373014,-0.002810909384596204,14.287886994874013,0.0042495348033879
2020-10-13,NWSA,-0.019691115410570927,-0.013850544679648462,-0.015692130839938853,0.007012757088097979,14.482314276531508,0.0051615499420125
2020-10-14,NWSA,0.02038723803802357,0.017968600252421828,0.015692101052143165,-0.009126189043873243,14.173605193663585,0.0037906126011515
2020-10-15,NWSA,-0.021808780316521014,-0.03272135446347173,-0.023631603227753605,-0.014920354658928171,14.353757361077248,0.0045388783627656
2020-10-16,NWSA,-0.000711484355904484,0.007052197653403366,0.00865807691877409,0.0064217463600572495,13.790091206363067,0.0025831596706714
2020-10-19,NWSA,-0.005710112508858334,-0.009177451031116671,-0.02252176448654274,-0.020841465780106535,14.179807083719782,0.003814194631174
2020-10-20,NWSA,-0.008626969085806357,-0.008547157256009508,0.010233995796199966,0.0057928773133978494,14.115986192681028,0.0035783743309486
2020-10-21,NWSA,-0.004341564646553549,0.0021436791152690477,0.0007270315172731342,0.007194240909138323,14.14625283826705,0.0036883354821773
2020-10-22,NWSA,0.012252452222046196,0.0056940012483178625,0.001452438262623807,-0.0021527930133029027,14.045749676098303,0.0033356648983571
2020-10-23,NWSA,0.0021465189412195754,0.031437979432715556,-0.003635213076997905,0.0043008903653564265,14.09722561312519,0.0035118677069525
2020-10-26,NWSA,-0.015124366836166853,-0.047175084132692516,-0.019118016919923382,-0.02388805110369296,14.419389817452965,0.004846769586206
2020-10-27,NWSA,-0.010944904242938288,-0.00941686807975347,-0.005210243897379604,-0.016248372566000917,14.209038703171952,0.0039273353819563
2020-10-28,NWSA,-0.033572722337072564,-0.03329942074253398,-0.03415892553318918,-0.03485203480324324,14.781924279686688,0.0069646478555339
2020-10-29,NWSA,-0.01992422116788213,-0.0030144906211925556,-0.012432334007418196,0.00920939946347496,14.1519120777994,0.0037092678459052
2020-10-30,NWSA,0.01154301869796645,-0.005296981532681555,0.0062354187785071,0.003051124122783919,14.434042483878335,0.004918310576162
2020-11-02,NWSA,0.018196233205663062,0.01953482520371848,0.015420565129847137,0.012112246383126801,14.379460369010046,0.0046570534795078
2020-11-03,NWSA,0.017132529722147283,0.016236468087520797,0.025681110616940936,0.015677744578397185,14.00497405031286,0.0032023866837353
2020-11-04,NWSA,-0.00369966677904411,0.003653598019260054,-0.006734099078929995,0.002958523857236161,14.386151629194595,0.0046883195417849
2020-11-05,NWSA,0.016905943952638218,0.029466683048616944,-0.003007562815407078,0.033409020393527895,14.310329353266008,0.0043459826565138
2020-11-06,NWSA,0.13289343815831725,0.11935562748086703,0.10769216888484864,0.0796030592158801,14.891093358616656,0.0077680266760771
2020-11-09,NWSA,0.016456174186646303,0.03580638227657373,0.05588057526938952,0.033087783431768235,15.286008420177309,0.0115297579146168
2020-11-10,NWSA,-0.013270233978619416,-0.007303574928866883,0.0051021520318895695,0.037574993242681244,15.24215504229066,0.0110350652174023
2020-11-11,NWSA,0.03623116493164423,0.0500400222891066,0.03377422212106803,0.055586386722617474,15.572523463422055,0.0153550811442285
2020-11-12,NWSA,0.04674319573925805,-0.0017445498541922508,-0.0018466920220172886,-0.04823799980757228,14.870031973478584,0.0076061320654729
2020-11-13,NWSA,-0.03636774881815407,-0.00876946674864298,0.00675467802499085,0.03536473098428116,14.528460856016357,0.005405319241122
2020-11-16,NWSA,0.077096008760884,0.06369396281786481,0.04838201071763158,0.02385909746311101,14.555112320200175,0.0055513158539581
2020-11-17,NWSA,-0.02966565773958833,-0.017227427251940434,0.005813968844859948,0.016538757938534012,14.653840180801057,0.0061273533064189
2020-11-18,NWSA,0.018928084110099472,0.006703955249602916,0.014388816508556515,-0.007380088974573661,14.448483546499054,0.0049898515661181
2020-11-19,NWSA,-0.004555812082213538,-0.014582329214435861,-0.005730696632532828,0.0,14.483750615428114,0.0051689690076376
2020-11-20,NWSA,0.0005706047730732381,-0.005665780658682975,-0.008658062513065461,-0.0017108164967304868,14.419225797969268,0.0048459746863176
2020-11-23,NWSA,0.009085733980575562,0.02247276789960196,0.017241696684130902,0.02145751362120199,14.256922435973877,0.0041199661215787
2020-11-24,NWSA,0.020700086809604296,0.014888744302792026,0.01470626762919763,0.014971301824983806,14.767670624159285,0.0068660802693722
2020-11-25,NWSA,0.008820236660882599,-9.906702527202227e-08,-0.0011236132414298682,-0.009400227777836678,14.74787186363915,0.0067314772216031
2020-11-27,NWSA,-0.012703796082507225,-0.014333200725709204,-0.007334343782044844,-0.01624233497369924,13.948029813550871,0.003025124008622
2020-11-30,NWSA,-0.016251175125706178,-0.005009582661899502,-0.003971441681037623,-0.0033934609026455543,15.861447150345791,0.0204988783220668
2020-12-01,NWSA,1.7577026485511343e-09,0.016053433416882913,0.006234117017247203,0.023517327707017407,15.68874263514794,0.0172474728118801
2020-12-02,NWSA,0.016807070516195594,0.0136353313198055,0.0022572765994441687,0.017553913015043693,14.828601631527096,0.0072974459421441
2020-12-03,NWSA,0.0181672247112974,0.0075553466668659515,0.026697815084129804,0.00974027842199016,14.584553860983828,0.0057171849640043
2020-12-04,NWSA,0.016234025839516348,0.005361907393968299,0.010374076774028112,0.00590603416972887,15.315223109314054,0.0118715648666289
2020-12-07,NWSA,-0.005921811540536037,-0.0037503510031151824,-0.00108690743951189,-0.009682642963202509,14.416378510740573,0.0048321964215853
2020-12-08,NWSA,-0.011950439400534583,-0.007002611103733689,-0.008190236951006572,-0.0065078644388152146,15.383501488947802,0.0127104492155207
2020-12-09,NWSA,0.007078939475147478,-0.0016228056579233768,-0.003294697170692546,-0.00600250643053362,15.10090693152006,0.0095814582881476
2020-12-10,NWSA,-0.011460016101884393,0.004321908882782952,-0.004410228195184077,0.0043691178367620594,15.186158398200396,0.0104341209017717
2020-12-11,NWSA,0.00328787549408673,-0.008118977990873388,-0.009994421492327264,-0.021482457340108726,14.628394863703459,0.0059734076946987
2020-12-14,NWSA,-0.009895699457410896,-0.01643873975163253,-0.018018543301935343,-0.011761551192916076,14.962564061037039,0.0083435341952789
2020-12-15,NWSA,-0.005540114112926157,0.005509763993407907,0.015224539754434599,0.01897387925907372,15.44971932383029,0.0135805996266895
2020-12-16,NWSA,0.0049873307148753454,-0.003302444193326443,-0.011821408830183374,-0.017847859146191875,14.943066896845819,0.0081824344845631
2020-12-17,NWSA,-0.011676525201163118,-0.009972339309529246,-0.010817041861208333,-0.0033822079952026203,14.676669479872423,0.0062688454865541
2020-12-18,NWSA,-0.023197590797999122,-0.012888870461942748,-0.011514119008143012,-0.020536824550965643,15.596596770090938,0.0157292140250355
2020-12-21,NWSA,-0.016739020260531322,-0.0011285639066576053,-0.006972637034437378,0.01714336364832005,15.179073762829974,0.0103604601787799
2020-12-22,NWSA,0.021307700536549894,0.005630395632492621,0.018486661889435284,-0.0005670173715220133,15.104082106219863,0.0096119294505363
2020-12-23,NWSA,0.005681927885216757,0.0005614101604863363,0.00854965585439117,0.002265131050821936,14.916886025534913,0.0079709911142486
2020-12-24,NWSA,0.009585829724743469,0.0067116680563841175,0.006787482415624803,0.007887517020462585,13.910821646859095,0.0029146329241344
2020-12-28,NWSA,0.006153527834306548,0.020414071233196756,0.00897835567020104,0.020000328732543964,14.331145199844263,0.0044373961436799
2020-12-29,NWSA,0.011092948596371935,-0.004378491181951292,0.002789740659144273,-0.008839553195580383,13.996415278185824,0.0031750951209002
2020-12-30,NWSA,-0.0060856556325227,0.0032859941400230457,4.526119243553459e-08,0.0005548429766367817,14.132873512584183,0.003639316655726
2020-12-31,NWSA,-0.0022224356998257486,-0.010442714811902704,-0.010641568686778204,-0.0033335744143306394,14.415610546231061,0.0048284868887728
2021-01-04,NWSA,0.003331641700874215,0.010989138709654234,-0.0005631546296742427,0.010517782086336021,14.926611537281122,0.0080488913033119
2021-01-05,NWSA,-1.209378221866343e-07,0.006535895874552747,0.013986121036917947,0.006586117880115356,14.427665121496279,0.004887044513885
2021-01-06,NWSA,0.02084551200568467,0.053381286547646616,0.01214813867023012,0.05170349956607039,14.984457351060573,0.0085282159360173
2021-01-07,NWSA,0.04563153138813873,-0.006194968751982265,0.02760687943082981,-0.026850554576647284,14.693642828296081,0.0063761569714882
2021-01-08,NWSA,-0.026808606468910926,-0.020932350840755405,-0.018863577407050452,-0.005887281689237001,14.467992502550034,0.0050881541856502
2021-01-11,NWSA,-0.02154090535854115,-0.005302234964586957,-0.004362028394810543,0.001609072391742019,14.197980628452664,0.0038841458213533
2021-01-12,NWSA,0.012980098837493473,-0.0037284100255920677,0.0021833972899731238,-0.014031603060638855,14.460517887855119,0.0050502639576365
2021-01-13,NWSA,-0.012980250876163597,-0.007498755705518302,-0.004371679783912442,-0.00654313263128929,14.70340222683928,0.0064386890960423
2021-01-14,NWSA,-0.0010892793085343416,0.01547111828868396,0.004916777902071459,0.02218111676769056,14.477425551955768,0.0051363781122132
2021-01-15,NWSA,0.015143587963108236,-0.007972340919707277,0.002721092279919557,0.0005349583036093063,14.51687438920419,0.0053430520831973
2021-01-19,NWSA,0.008551511938036402,0.005852458888970484,0.006500399406965684,0.00266997711153957,14.746020121428774,0.0067190237900182
2021-01-20,NWSA,0.002657588043155591,0.01735532418064475,0.01500574826407005,0.019018210719965192,14.673239962964258,0.0062473831895673
2021-01-21,NWSA,0.012134129282582158,0.01397902684423665,0.011634254851259192,0.00521914185107376,14.298492725441282,0.0042948440970267
2021-01-22,NWSA,0.002618657722263643,-0.013457661625077609,-0.024482272785884718,-0.03388346037531061,14.856776532787393,0.0075059746795345
2021-01-25,NWSA,-0.037298202228485886,-0.017346313963408168,-0.014654471805795414,0.009646107804271675,14.884351031705249,0.0077158282500721
2021-01-26,NWSA,0.027839377760070127,0.01682507257276924,0.01465448289832215,0.020586898493458548,14.371176268893343,0.0046186333182351
2021-01-27,NWSA,0.025027234154655263,0.04436091365241713,0.032337745772137466,0.02272816238794951,15.446749296044265,0.0135403246990106
2021-01-28,NWSA,0.015329966193091337,-0.012042163319106068,0.0031250933887709293,-0.0035813482091457878,15.153218746607013,0.0100960234825721
2021-01-29,NWSA,-0.011731963483927564,0.006039164880510531,0.00828575107578135,-0.00565427086574712,14.953568214036189,0.0082688136057693
2021-02-01,NWSA,-0.008243027018825887,-0.021811498483613887,-0.035164817923479086,-0.0015473401767666362,14.650418117476736,0.006106420942691
2021-02-02,NWSA,0.009781216963854249,0.025317709785510602,0.03619585675117265,0.02145118693245657,14.816473633421012,0.0072094770211612
2021-02-03,NWSA,0.005109793537126372,-0.0030045811755873087,0.009230751487384952,0.002523204732536993,14.37586949826499,0.0046403605818514
2021-02-04,NWSA,0.01567681596283408,0.04654291837149541,0.012681033139476593,0.022920902254215794,15.12300545909119,0.0097955513247568
2021-02-05,NWSA,0.09836167280722313,0.06307149044726877,0.06062463869234546,0.04432328054899735,15.778123436554315,0.0188600597188148
2021-02-08,NWSA,-0.0332901906513404,-0.01951508942021331,0.008972883452974131,0.022368147650658043,15.184455535124274,0.0104163681375974
2021-02-09,NWSA,0.028732184104653884,0.025340650151911687,0.022316057987242226,0.021878651162618463,15.112919332314661,0.0096972487052246
2021-02-10,NWSA,0.018556748749495117,0.022532430063462998,0.02047855385824077,0.019643500256147268,15.172942631719806,0.0102971331543374
2021-02-11,NWSA,0.013363196626052934,0.00826624875650678,0.01342290368766209,0.01839728549692033,14.81459749546239,0.0071959637230584
2021-02-12,NWSA,0.054253652377907885,0.04158438330038979,0.03836574422322651,0.029086802902483545,15.3182539542463,0.0119076003282364
2021-02-16,NWSA,-0.01053290879189129,-0.008347089589727213,0.002563223853865274,0.0029469741265940657,15.401884735466195,0.0129462695157461
2021-02-17,NWSA,0.01804871036133597,0.014975207083940923,-0.015477609598919782,-0.02597557216183574,15.201505124150154,0.010595485579117
2021-02-18,NWSA,-0.03729263189873258,-0.04087370800582618,-0.020132060809503687,-0.02313014625456859,15.322229130429951,0.0119550293549109
2021-02-19,NWSA,-0.021384273477125498,-0.018667896218214585,-0.0084352408971554,-0.006644621122344648,15.43301603986913,0.0133556429582722
2021-02-22,NWSA,-0.008416382543403713,0.034033126567174374,-0.0062610929874698405,0.03750995555682563,15.785207125167648,0.018994132833325
2021-02-23,NWSA,0.03152629283094265,-1.4064304597697697e-08,0.03135601339361189,0.0029920673923115714,15.220675985160916,0.0108005697503242
2021-02-24,NWSA,0.007728725967539588,0.022614104730469858,0.0030389604048181797,0.01608848990065195,15.590632555502093,0.0156356808048338
2021-02-25,NWSA,0.016963886428458055,-0.002487654902403935,0.0056191390396479295,-0.0255225707883648,14.78840881863574,0.0070099571491727
2021-02-26,NWSA,-0.022970101721546732,-0.01379342255242795,-0.004319781235085563,0.010287242866968112,15.287776401404038,0.0115501603450857
2021-03-01,NWSA,0.023810787917561728,0.030669774854670283,0.022684583073143666,0.038072101901666475,15.143858224043978,0.0100019603291114
2021-03-02,NWSA,0.02243552607548951,-0.004910047052343694,-0.0008466978661642087,-0.030002320309636038,15.199552634594609,0.0105748181820185
2021-03-03,NWSA,-0.029180750170037042,-0.00823705488339258,-0.00211986389435766,0.0063253730183262125,14.961515526839309,0.0083347902965065
2021-03-04,NWSA,0.004221083626389506,-0.006639151292844327,-0.017987769920986926,-0.010989260072235222,15.29711532616119,0.0116585316965376
2021-03-05,NWSA,0.054111390341781244,0.04238593417267142,0.007319576472862201,0.035076511878640866,15.603780780177297,0.0158426197424473
2021-03-08,NWSA,-0.0015973477176227252,-0.0015973477176227252,0.02708598268032845,-0.005348693211006669,15.48134789627982,0.0140169996654213
2021-03-09,NWSA,-0.025092344636115538,0.022135331866868006,0.013684700792565618,0.024853678168147264,15.792781075479603,0.0191385396463844
2021-03-10,NWSA,0.02668974752932689,0.0031224961105421503,0.012686803999507333,0.026604644558218586,15.34852110283317,0.01227351924353
2021-03-11,NWSA,0.016620923640233782,0.007377301529167045,0.0280692735082926,0.008195171147209968,14.836305799227405,0.0073538838342205
2021-03-12,NWSA,0.014803695437709959,0.014593271945587615,0.008269466511552663,0.018483485132456214,15.147850455345408,0.0100419702901609
2021-03-15,NWSA,0.014587480783816113,0.00038110130280622525,0.007812491799571901,-0.003822653941238227,15.071411739969669,0.0093029783605781
2021-03-16,NWSA,0.004218504106409554,0.02644583285735077,0.02157796959062763,0.017908778116495393,15.262476833899916,0.0112616116855964
2021-03-17,NWSA,0.0072118343322017464,-0.013881539302583722,-0.01269512841457487,-0.004921636129760657,15.340762407538234,0.0121786611901809
2021-03-18,NWSA,0.0018892745637635894,0.0363542205532664,0.019931700412778676,0.029908757967525484,15.700320230931036,0.0174483175170159
2021-03-19,NWSA,0.021289378765994342,0.008344016428353094,0.015066254280688626,0.0055097123179932575,15.943837616410196,0.0222593166082439
2021-03-22,NWSA,0.012486409177245993,-0.005433784966309335,-0.009389727637776912,-0.02184866868705829,15.18137284873026,0.0103843071754319
2021-03-23,NWSA,-0.028129241717752503,-0.029864086132674474,-0.01981780437664634,-0.02271965176516931,15.219620524539735,0.0107891761852572
2021-03-24,NWSA,-0.015891393486516626,-0.010912605680991951,-0.02218422516868796,-0.025602655985815657,15.085664564737765,0.0094365215418293
2021-03-25,NWSA,-0.034532845755594545,-0.00417049990995203,-0.01586689189537817,0.02942535482087036,15.096139079041814,0.0095358840278794
2021-03-26,NWSA,0.037959453168580286,0.0037920465362406446,0.015473244381475917,-0.01848353448563169,15.461087709915464,0.0137358700715571
2021-03-29,NWSA,-0.011083548370325744,-0.014871520890335804,-0.022696526852475057,-0.027582439919922156,15.266820123465225,0.0113106305120478
2021-03-30,NWSA,-0.035599347563774475,-0.007713195594682782,0.004019258966092043,0.026026644670491976,14.961960493809443,0.008338499829319
2021-03-31,NWSA,0.018935403790677964,0.010398669923083694,0.019070826683057752,-0.010172295342892643,15.26576538255359,0.0112987070137217
2021-04-01,NWSA,-0.003131029833270329,-0.00115002752968849,-0.0063165504304095,0.02447204494392577,14.8119797421444,0.0071771510923662
2021-04-05,NWSA,0.024396170730483308,0.018244529722301932,0.02387126823419098,0.013719777788300537,14.896536102452824,0.0078104213367918
2021-04-06,NWSA,0.003055759818216406,0.009372132614181352,0.013825047719099592,0.005284995035987073,14.949136324333576,0.0082322482109029
2021-04-07,NWSA,0.011376737913775943,0.0007460149086887074,0.003426630088586715,-0.005284995035987109,14.631848791126885,0.0059940750917971
2021-04-08,NWSA,-0.013285393580702175,-0.0011190792034737418,-0.0072476686747427,0.011291090529377804,14.608096203403209,0.0058533778115503
2021-04-09,NWSA,0.024906775887838097,0.005954441684997425,0.012554684362040805,-0.0014982567335517177,14.608050935095678,0.0058531128449208
2021-04-12,NWSA,0.00520456282013087,0.000741898749610276,0.001888658565299656,0.0029941240493880756,15.101570409645888,0.0095878174872548
2021-04-13,NWSA,-0.004831949013844236,-0.0018557591917921091,-0.016359671863163595,-0.023441714076801155,15.257712787429051,0.0112080884264441
2021-04-14,NWSA,-0.02451550499365502,-0.009705064699903187,0.004210689782823323,0.010276169568279172,15.43559182837949,0.0133900886201029
2021-04-15,NWSA,0.016285189194204637,0.007473928403541727,0.006472540937915699,0.007544411007234617,15.046641518294765,0.0090753720258661
2021-04-16,NWSA,0.006365694347292756,0.0018595663599252623,0.007937836146186261,0.0033763071641378707,15.085383736934192,0.0094338718755347
2021-04-19,NWSA,-0.005239415213158215,-0.0026044750601504517,-0.006421010893761644,0.0014971353533382425,15.014812772044811,0.0087910628324483
2021-04-20,NWSA,0.0048661827474602,0.008163238360005324,-0.009135998321923933,-0.00939331532860876,14.618722621274635,0.0059159099361044
2021-04-21,NWSA,-0.019608457927100104,0.010294264255861805,-0.005368057277332543,0.030851759274028927,14.907400636453232,0.0078957405914801
2021-04-22,NWSA,0.04249613605047809,0.004743652403404177,0.03178476107133329,-0.015864561780142554,15.11045715353739,0.0096734017085726
2021-04-23,NWSA,-0.00990298066400114,-0.008775262165614518,-0.006351679605808006,-0.005968011486614623,14.9767223014955,0.0084625042119095
2021-04-26,NWSA,-0.008885607480671878,-0.009964997115582516,-0.004131443526096815,-0.002622163324572715,15.000178517079968,0.0086633489170453
2021-04-27,NWSA,-0.014232473075601559,-0.004833644919091517,-0.004526615564736755,-0.004134644502729658,14.694058300313579,0.0063788066377829
2021-04-28,NWSA,0.00075412919888994,-0.007482329180554165,-0.01639073236966141,-0.014416035392505595,14.930750832238793,0.0080822770986247
2021-04-29,NWSA,-0.004533375853870248,9.764624365295203e-08,0.005366127725250234,0.013285560767603786,14.827220918198497,0.0072873772102244
2021-04-30,NWSA,-0.003793576353682712,-0.008295578355714341,-0.007674594762929445,-0.012139673267701948,15.20738954598583,0.0106580177036711
2021-05-03,NWSA,-7.248480945044892e-08,0.004910270383998473,0.006527118361049546,0.006088220417079506,15.198875883644952,0.0105676640830229
2021-05-04,NWSA,-0.0072477035367653694,-0.014421507965429988,-0.035446709425722034,-0.03277715698417111,14.82645707375428,0.0072818129110056
2021-05-05,NWSA,-0.013490371357531623,0.007236691461180463,0.011433160568323263,0.02363071816509298,14.982778194497978,0.008513907738026
2021-05-06,NWSA,0.0188360025922829,0.001895873667610712,0.006252624158546391,-0.004604631087311806,14.798450456994772,0.0070807032392403
2021-05-07,NWSA,0.01324010872866744,0.0480683234263567,0.03219890947235533,0.05390516269172652,15.351000700796154,0.0123039904059187
2021-05-10,NWSA,0.025599566317891592,0.009700041928278407,0.018685147343764325,0.0,15.372096277348929,0.0125663073690907
2021-05-11,NWSA,0.0036564171118431197,-0.011145070059968256,-0.008925209761868754,0.007262246381344917,15.118885431611409,0.0097552763970778
2021-05-12,NWSA,0.0003646996110876038,-0.003622099617563696,-0.027264341385229797,-0.05579749763550789,15.152772488070491,0.0100915190498712
2021-05-13,NWSA,-0.046294054356581814,-0.02833657810285543,-0.005002733550491624,0.004199435124757886,14.73104140119617,0.0066191313707092
2021-05-14,NWSA,0.009885868377201984,-0.0003735041556630258,-0.006192116634384011,0.016997452614893716,14.391000257485524,0.004711106671919
2021-05-17,NWSA,0.020225398497902475,0.025439136176357555,0.031712327840788396,0.00783439205642842,14.821459527466466,0.0072455124827686
2021-05-18,NWSA,-0.0029703525798485584,-0.008407690702591102,-0.0041451856823127116,-0.016107933757350083,14.885758007999197,0.0077266918818803
2021-05-19,NWSA,-0.030969383938448253,-0.03511771529943983,-0.02524049277767856,-0.01790877811649543,15.207165773989663,0.0106556330040059
2021-05-20,NWSA,0.003446212134043754,0.03217629451508341,0.009635750257569286,0.03920579644469418,15.393251590096057,0.01283498353137
2021-05-21,NWSA,0.018932814112448182,0.00036815501538321846,0.015226799900584868,-0.020919656602547385,15.004725295774962,0.0087028289448358
2021-05-24,NWSA,0.0007499450905440459,-0.009243897003817357,2.1631834533919745e-08,0.013126044776740842,14.949393782495633,0.0082343679439386
2021-05-25,NWSA,0.013033055178410233,0.00813902627985336,0.005650756167657529,-0.007479593054719875,15.092631867159515,0.0095024982325665
2021-05-26,NWSA,-0.008918598098697945,-0.001843900326076715,0.005245469181782236,0.005241613004178825,15.173354260124993,0.0103013726204088
2021-05-27,NWSA,0.0014918770062159479,0.015384854669827473,0.002612350923792138,0.011878309201792725,16.72522192748467,0.0486253510065933
2021-05-28,NWSA,0.01406395042229664,-0.008395632243090237,-0.010114264225492428,-0.004067230544568923,15.213338402031061,0.0107216096947431
2021-06-01,NWSA,-0.023049391914129715,-0.013655982836212159,-0.019772535760945054,-0.01794447337411201,15.134756851667792,0.0099113417418338
2021-06-02,NWSA,-0.0011287494622891359,-0.013091497537326557,-0.01626036624277581,-0.02289288321931711,15.025903012172712,0.008889100485351
2021-06-03,NWSA,-0.04387012282093444,-0.024005780263788565,-0.01020026267197146,-0.0007723055791575995,14.874793140872958,0.0076424324937099
2021-06-04,NWSA,0.01947861720442433,0.012265389257397839,0.020297295107863517,0.012665693498608408,14.365595932583103,0.0045929315551769
2021-06-07,NWSA,0.011507624250113943,0.0007616786150821813,-0.009706883043101014,-0.01421178990628614,14.761127443660206,0.0068213009089923
2021-06-08,NWSA,-0.014985922161989573,0.010602023660867188,0.0038940267024645168,0.02370130041866123,15.200829693706442,0.0105883314801213
2021-06-09,NWSA,0.020311234529219853,0.006008379787802587,0.020770118514691335,0.0022643096275151804,14.38349182889972,0.0046758661102
2021-06-10,NWSA,0.009063535903250269,0.0003743686887365584,0.005693719422521795,-0.0026420313817227064,14.237046502288555,0.0040388863329619
2021-06-11,NWSA,-0.0003761315282132784,0.00522577845483059,-0.015255923697858028,0.014259081309127931,14.102718267923956,0.0035312102709035
2021-06-14,NWSA,0.008985415310708964,0.0003722047522243965,0.006512152944415458,-0.01994427832477306,14.634938345118394,0.0060126227558598
2021-06-15,NWSA,-0.016156514813115988,-0.01348827384762121,-0.00920588882086925,-0.011852385653912587,14.166168133802548,0.003762526138428
2021-06-16,NWSA,-0.019121152188304257,-0.01827239401182359,-0.016317491325812228,-0.0026960371642684483,14.501784673029544,0.0052630321610983
2021-06-17,NWSA,0.0007719353344909299,-0.0007686422412470057,-0.015791925105294164,-0.016722144271500018,14.643145361314916,0.0060621715155701
2021-06-18,NWSA,-0.026188673382148364,-0.02255145150167832,-0.007589311170237942,-0.01461608868056275,15.12958389629043,0.0098602031823467
2021-06-21,NWSA,-0.004763922258751222,0.015994008687652193,0.0040015364316986785,0.023595205645578463,14.315316285095488,0.0043677099201301
2021-06-22,NWSA,0.022817640073183234,-0.0015492498982468716,0.005972501336187473,-0.00819515952358383,14.358997544689737,0.0045627253594176
2021-06-23,NWSA,-0.007417466626108092,-0.0034944340603772156,0.0015866755715224802,-0.0027466608116548546,14.321726171945155,0.0043957963828536
2021-06-24,NWSA,-0.0011762079905831217,5.901470959858728e-08,0.006321686182902594,0.0047040634083835775,14.070618559316987,0.003419659319898
2021-06-25,NWSA,0.006257273128350665,0.010061939359115778,0.008627478158878689,0.0062377569268550394,14.826929998632432,0.0072852574771887
2021-06-28,NWSA,0.003114075469785398,0.0038432407165350986,-0.007446631569493334,-0.00428425556520841,14.447899263999911,0.0049869369331939
2021-06-29,NWSA,-0.0023346429993269966,-3.235187659030471e-08,0.005100985674549109,-0.0023447529623665687,14.124392075825082,0.0036085805267078
2021-06-30,NWSA,-0.004685757841119015,-0.006542309037498931,-0.00392156058959695,0.008182387037612197,14.391056498841946,0.0047113716385485
2021-07-01,NWSA,0.013605622167105416,0.013422990039944342,0.010941790507341322,0.014255597398279316,14.400850342806667,0.0047577407987052
2021-07-02,NWSA,0.012660933608565225,-0.0007621014521360611,-0.0078032391949519175,-0.015031946578370637,14.286951279098629,0.0042455603039459
2021-07-06,NWSA,-0.015367199598179969,-0.015367199598179969,-0.005892856254870416,-0.008188767983914293,14.688434810861523,0.0063430361428048
2021-07-07,NWSA,-0.011682287615888408,-0.004656560096892244,-0.018290673849571767,-0.007467082976747046,14.791239702504539,0.0070298296463827
2021-07-08,NWSA,-0.016986365018481008,-0.01805379815184386,-0.009272340198387113,-0.02193509088325042,14.615267923020578,0.0058955075056355
2021-07-09,NWSA,-0.0027928294755578875,0.016496741117379744,0.013277097330657928,0.02861875299038228,14.467523716161674,0.005085769485985
2021-07-12,NWSA,0.015067736510291826,0.009691954632194385,-0.004807657124246794,0.01207420579985296,14.265248340144117,0.0041544117834094
2021-07-13,NWSA,0.014068258177361003,-0.005803824923112551,0.012372923809889936,-0.023502852568019428,14.206268713744148,0.0039164717501482
2021-07-14,NWSA,-0.016432256650876245,-0.008182393121122813,-0.010366811416002694,-0.009157878949616949,14.19134154766137,0.003858444058295
2021-07-15,NWSA,-0.017108174198366154,-0.01220257898755792,-0.005627202692321058,-0.0036066278135452423,14.20991539279435,0.0039307799481394
2021-07-16,NWSA,0.00480384285222255,-0.0039683173048641485,-0.0257209613316221,-0.028090656335387817,14.203558870415169,0.0039058730849695
2021-07-19,NWSA,-0.04701458358109773,-0.03767910817928393,-0.02005071405093608,-0.01413739296988371,15.158036139136684,0.010144777342394
2021-07-20,NWSA,0.00041841639599815344,0.0069943866374852556,-0.0067740303991674165,0.018257700377911804,15.061191651934882,0.0092083852738584
2021-07-21,NWSA,0.022751959097352406,0.019087078379744923,0.033009167883886574,0.011853999603094557,14.308376467226635,0.0043375037243709
2021-07-22,NWSA,0.0053026661103825,-0.010107409228849432,-0.0032937240747967825,-0.008160198848747942,13.807176929543175,0.0026276740644219
2021-07-23,NWSA,-0.006940123225683724,0.006884114361212923,0.0016482629765941677,0.013832710515343832,14.368015984228034,0.0046040601536145
2021-07-26,NWSA,0.04211578382205792,0.02707175806522503,0.014712209113706722,0.0020182381986155714,14.6383258658398,0.0060330251863287
2021-07-27,NWSA,-0.03192618721963522,-0.023446387208043883,-0.009374534804800244,-0.0032311391930261685,14.016818232330463,0.0032405418783785
2021-07-28,NWSA,0.009685313394341394,0.0052135501003584064,0.0028624066036258855,0.0012129009944106827,13.905626361232308,0.0028995298262548
2021-07-29,NWSA,-0.0016076867169405834,-0.002001981292401966,0.002854210715314662,-0.006892397181177975,13.901413904648322,0.0028873413612993
2021-07-30,NWSA,-0.01417879820765822,-0.006433364249715199,-0.003671126591919667,0.0020321825729672036,14.503896923808718,0.0052741607595359
2021-08-02,NWSA,0.008126674130738922,0.009235038415690271,0.006517226724378327,0.004456077713463076,14.70196085994354,0.006429415264011
2021-08-03,NWSA,0.0028289712436300107,-0.00842869687426424,-0.032180894447329855,-0.027455068313947745,14.449598047814096,0.0049954158653369
2021-08-04,NWSA,-0.014224949144594864,-0.006064227624705759,0.01415517037523929,0.01074397154790363,14.837242162267563,0.0073607729665867
2021-08-05,NWSA,0.005307134825101666,0.011290421169729007,0.011917043297745128,0.02114756528656929,14.778647088763819,0.0069418607253997
2021-08-06,NWSA,0.058898587838724266,0.057648270777101975,0.005702646359919551,-0.005245232620188076,15.48293450832967,0.0140392568622965
2021-08-09,NWSA,-0.0724263058380665,-0.07218828381012242,-0.03724069252439762,-0.012619809520933278,14.88311400358964,0.0077062894514113
2021-08-10,NWSA,0.0028848159615566336,-0.00530284096129758,0.013816432594886383,-0.0053398707344990744,14.32581664679536,0.0044138141136573
2021-08-11,NWSA,-0.0028847756838562767,-0.005331175245367794,-0.009189649589696602,-0.0041271093339829016,14.807799274792192,0.0071472098632365
2021-08-12,NWSA,-0.006625227250205484,-0.007843150122856352,4.9569492392326156e-08,-0.008722788437898595,14.489984982682818,0.0052012949364325
2021-08-13,NWSA,-0.004580497814628244,-0.002905150242563498,-0.015222301037349468,-0.018951871042004798,14.313737753760808,0.004360820787764
2021-08-16,NWSA,-0.02664560844683995,-0.016342217773877933,-0.015890302738416837,0.003395629528988481,14.593045301321984,0.0057659388238262
2021-08-17,NWSA,-0.010773557612376417,-0.007633551005618113,-0.03838983984115575,-0.026187312559672514,14.929011787533305,0.0080682338672629
2021-08-18,NWSA,-0.008266441700817652,-0.020211476414282514,-0.0036053387813856095,-0.03586844380457768,14.944264326980504,0.0081922382498534
2021-08-19,NWSA,-0.0392031122827473,-0.03402132548715028,-0.01592745539140088,-0.01407503353905691,14.920237778933535,0.0079977527438248
2021-08-20,NWSA,-0.008669896117266875,-0.0031509695297465036,-0.004136949677157607,0.01046179612360781,14.756962475558092,0.0067929494796394
2021-08-23,NWSA,0.016814687359783875,0.01165400153923902,0.0218687120592178,0.012589932366397636,14.112797109390149,0.0035669807658815
2021-08-24,NWSA,0.007631880754854668,0.0048898938449655925,0.0035987069958229247,-0.0026845753607921395,14.258015155933018,0.0041244705542796
2021-08-25,NWSA,0.007130209861565008,0.006189352060006033,-0.008115415638295362,0.011581493348898844,14.265758446314646,0.0041565315164451
2021-08-26,NWSA,-0.0004442841827197938,0.0004405100972430846,0.011253650460833866,-0.009791005430102619,14.260068806986164,0.0041329494864226
2021-08-27,NWSA,-0.002668974957077238,0.002200229257303119,0.0017889068705786808,0.016851844631113996,14.383151770145625,0.0046742763104232
2021-08-30,NWSA,0.010192985443153174,-0.0013194404660002838,-0.0017887236131282928,-0.016404523939084377,14.209375982451158,0.0039286602151037
2021-08-31,NWSA,-0.0066357410016920915,-0.002203129353538071,-0.0013438495724197117,0.004460209013342465,15.08636628940925,0.009443145707566
2021-09-01,NWSA,0.004870379123632978,0.01618934534800463,0.008480262372708538,0.01545621309058009,14.73718715996629,0.0066599362316471
2021-09-02,NWSA,0.007919094935706354,0.002167744661620774,0.0035492363832522376,-0.007477505722705871,14.133383029274961,0.0036411714221322
2021-09-03,NWSA,-0.006594915057479924,-0.015274203599149752,-0.008003665393166617,-0.003981484011595759,14.421355955734544,0.0048563083848668
2021-09-07,NWSA,-0.003092485571392991,-0.003082951216346224,-0.01032085560553317,-0.016086020556188567,14.475153177003035,0.0051247195805167
2021-09-08,NWSA,-0.01875890953056976,-0.016904261468030136,-0.021888659662866565,-0.005420087345733674,14.882494915218736,0.0077015200520809
2021-09-09,NWSA,0.0004506567606055852,0.005368983962568764,0.015099694051881439,-0.0013597592312409325,14.883732708927251,0.0077110588507417
2021-09-10,NWSA,-0.0004505888627346241,-0.005368916064698048,-0.006835102552687514,-0.007282507172335966,14.429452721556498,0.0048957884126574
2021-09-13,NWSA,-0.004971886017759673,-0.007204169108660044,-0.008264620378824764,-0.0004570412320154257,14.748422784261095,0.0067351867544157
2021-09-14,NWSA,-0.0036085114951264962,0.009539154244641416,0.006423235035065942,0.010504778033555645,15.073261352263462,0.0093202011914934
2021-09-15,NWSA,0.0013698269642279522,-0.008579646742551626,-0.001381232441492922,-0.0027294866021665746,14.701260017130792,0.0064249108313101
2021-09-16,NWSA,0.0004559066866840498,0.02684706369604732,0.006888439196615046,0.02341367726103402,14.801178460806208,0.0071000458031914
2021-09-17,NWSA,0.02298948048183372,-0.0026525454788545425,0.014087868366860755,-0.005354765137659916,15.359556465146833,0.0124097120910759
2021-09-20,NWSA,-0.019802661948473292,-0.02328814164649664,-0.0251326670835475,-0.022167838311185652,14.722276472441568,0.0065613686454855
2021-09-21,NWSA,0.0036298337375713263,0.026823330586171125,0.016976798528701587,0.015884155157943804,15.36604757461226,0.0124905269130633
2021-09-22,NWSA,0.022835212281362184,0.025262757148851074,0.025602196966687068,0.040155576418603275,15.067873732266879,0.0092701224985242
2021-09-23,NWSA,0.045009656794098934,0.03797917061481915,0.04211604872316599,0.037772278008185195,15.327578390455768,0.0120191512792419
2021-09-24,NWSA,0.005065367793081671,0.01438864624360454,0.009731280983139964,0.014882375303990255,14.824927632259334,0.007270684312568
2021-09-27,NWSA,0.02000907930393178,-0.0036801455482711816,0.012552528196646972,-0.007413461526129529,14.773826144632114,0.0069084749300869
2021-09-28,NWSA,-0.005379722211748104,-0.0028718469264059922,-0.00793158517938711,-0.011224477028554329,14.783596838075397,0.0069763063872304
2021-09-29,NWSA,-0.006243309414107229,-0.005355169495826239,-0.0037789504214717114,-0.004609103004489172,14.764230144294372,0.0068424982393497
2021-09-30,NWSA,-0.0016716302652935201,-0.010797427062784266,-0.01697116580999745,-0.011829455789157737,14.97709795878277,0.0084656838114631
2021-10-01,NWSA,-0.011779902298273463,-0.0029272852248358665,0.002563898190198957,0.007620446649758657,14.844916023688024,0.0074174758252926
2021-10-04,NWSA,0.0012688084083092768,-0.00125700806124914,-0.0064226011959005085,-0.011026322046254415,14.5513824018217,0.0055306484568597
2021-10-05,NWSA,0.0033755310990992637,0.007102606040369608,0.0094057724516098,0.013974396370347466,14.528019582415157,0.0054029345414568
2021-10-06,NWSA,-0.01186451094953307,-0.008781133250135836,-0.015005592705537448,-0.0063278000638194165,14.796690124609015,0.0070682498076554
2021-10-07,NWSA,0.016068113008020475,0.01624709523092955,0.02600880868411436,0.018033701277064048,14.317921477199226,0.0043791034851972
2021-10-08,NWSA,0.012919496608482774,0.012728523092658298,0.01088331248532093,0.0008309098260397574,14.256986746682081,0.0041202310882081
2021-10-11,NWSA,-0.0020726465980949217,-0.009428351027325244,-0.002918618617598733,-0.004578736092601302,13.73332497263419,0.0024406076240183
2021-10-12,NWSA,-0.007914992502041172,0.006158992024618665,-0.01133744407442327,-0.003761677684917655,14.504650219134586,0.0052781352589779
2021-10-13,NWSA,-0.0008368969865334475,-0.011113588697970215,-0.007630459440548573,-0.007988270353707064,15.008675466833607,0.0087372746066665
2021-10-14,NWSA,1.2666984480642817e-07,-0.0020715225726792123,0.010161085060064107,0.01549777430518629,14.567445851460688,0.0056202071776195
2021-10-15,NWSA,0.00999582090278599,0.0049647102624542925,0.005879785675111352,-0.006672333538415602,14.488710610788354,0.0051946707706959
2021-10-18,NWSA,-0.01629444888143522,-0.014969023991258433,-0.014340096220579546,-0.01475263847503807,14.40872745244626,0.0047953660600895
2021-10-19,NWSA,-0.005914632759070717,-0.0016771690144535686,0.0016977697348742576,0.006349310852502706,14.21589679039056,0.003954361978162
2021-10-20,NWSA,0.0008470163538990494,-0.0004198385440575817,-0.001697852899555271,0.004210366538118503,14.455890200077983,0.0050269468942434
2021-10-21,NWSA,0.012202992368477423,0.007111579775323047,0.005084774956354521,0.0008400660741060665,14.254604491672856,0.0041104273229179
2021-10-22,NWSA,-0.005031412422969957,0.008715597245111548,0.0054795105644545984,0.010440687867826606,14.404685702926107,0.0047760234961384
2021-10-25,NWSA,0.015846910300658445,0.008640288692046545,0.0108696772574271,0.0037322028618696867,14.328334783195153,0.0044249427120949
2021-10-26,NWSA,0.00041363868593957963,-0.007814189628993589,-0.008770137480827861,-0.012914154671761826,14.585434040374874,0.0057222193299642
2021-10-27,NWSA,-0.016680964451410173,-0.018333816418358188,-0.04811931174808579,-0.03803072853372276,15.402989323484373,0.0129605777137373
2021-10-28,NWSA,-0.03031188457685273,-0.017391759072781992,0.004391744033169766,0.008241209080877592,14.541415786648852,0.0054758003645601
2021-10-29,NWSA,-0.0047794411215563905,-0.00816324712502399,-0.0030720994044254367,-0.010857783892568916,15.002866361493568,0.0086866659804384
2021-11-01,NWSA,0.0013057588529872704,0.014986342453982119,0.007880926391961657,0.026714210201130326,15.483368499178521,0.0140453510947742
2021-11-02,NWSA,0.022366543468110466,0.004240823762250172,0.013428811956263696,0.0,14.568765050088187,0.0056276262432446
2021-11-03,NWSA,-0.0038355817455265583,-0.0038159858439356115,-0.006475363045543893,-0.007682579982394882,14.959924740843434,0.0083215419650332
2021-11-04,NWSA,-0.004278977237440869,-0.0017006837805075203,-0.0026018505330249212,0.005554383004522624,14.685045474976512,0.006321573845818
2021-11-05,NWSA,0.10377261654903737,0.09608354379477564,0.030363572199018043,0.0376298577741825,15.517892398290048,0.0145387189588413
2021-11-08,NWSA,-0.05645371535319255,-0.04304705856747946,0.009224421656464274,-0.013217871085344725,15.261723644755705,0.0112531327534535
2021-11-09,NWSA,-0.017327098165915843,-0.019560514324700604,-0.022795302973234826,-0.01339484303540409,15.064007583105447,0.0092343520035462
2021-11-10,NWSA,-0.013828100349463874,-0.017435167928391816,-0.0025652796983209967,-0.009739732366252815,14.894124540192289,0.0077916087060996
2021-11-11,NWSA,-0.003381166670476706,-0.00041871050908093467,0.004697863880840213,0.004246374407726563,14.82379725642761,0.0072624703470545
2021-11-12,NWSA,0.007591822968144519,0.0012560881139876113,0.006794195723438082,0.008859030520101924,14.700558682792895,0.0064204063986091
2021-11-15,NWSA,-0.0029455624233593273,0.004175322412179332,-0.009353845657848671,-0.014808898827885124,14.607598139277572,0.0058504631786261
2021-11-16,NWSA,-0.010165349764317908,-0.01215705641835842,-0.0029947291229049833,0.007220163948759803,14.6966718121563,0.0063954995354393
2021-11-17,NWSA,0.0008511483871750945,-0.004650068241514914,-0.011202130035044729,-0.009780984594985088,14.978505418110439,0.0084776073097891
2021-11-18,NWSA,-0.00212913905819898,-0.0004238992786262646,-0.003472293376122427,-0.007722130334085891,14.975845218641716,0.0084550851462844
2021-11-19,NWSA,-0.01980257991955619,-0.02055744083932509,-0.03991658179278265,-0.048079822206787096,15.329120376499695,0.0120376989433046
2021-11-22,NWSA,-0.02956312737194949,-0.017019860944333932,-0.008634453019918541,0.013911014435570222,15.437529200103338,0.0134160553497907
2021-11-23,NWSA,0.006694984398498409,-0.005738184224728625,0.005462087511407273,-0.013007583013248523,14.983804680730081,0.0085226516367984
2021-11-24,NWSA,-0.020674848286691923,-0.023288126500990738,-0.015092891985423667,-0.007704546827361713,15.132937307608993,0.00989332401103
2021-11-26,NWSA,-0.026226433421127224,-0.019213731892716784,-0.02378286050177166,-0.02440820948715504,14.895789479444755,0.0078045920709435
2021-11-29,NWSA,0.011587570860267377,0.015127447418105277,0.00752231615622763,0.01710224157422076,15.464861443884171,0.0137878035309325
2021-11-30,NWSA,-0.0041560577342241375,-0.0022773125954473387,0.0018717762257652998,-0.009208076182395102,16.815180120214304,0.0532023845640022
2021-12-01,NWSA,0.02060973355119673,0.009981845621230142,-0.014124550136216852,-0.024819906604855467,15.323026702132383,0.0119645681535717
2021-12-02,NWSA,-0.03976480250119081,-0.016386318847398034,0.00284085517929581,0.02851326342831613,15.045589901644119,0.0090658332272053
2021-12-03,NWSA,0.022388816193372928,-0.00045919873000082386,0.014084636697634987,0.002760980012525081,14.876282859837609,0.0076538260587769
2021-12-06,NWSA,0.0013829701130835493,0.01186709583429797,0.009280974927821215,0.005956670187366067,14.849051205633891,0.0074482119543107
2021-12-07,NWSA,0.01780448689829492,0.012175761515284697,0.006445556976765619,0.00455771333906117,15.320831847451803,0.0119383364572545
2021-12-08,NWSA,-0.004535007720710668,0.004918601246305903,0.006404550078986741,0.008152397617070055,15.080484666094252,0.0093877676820074
2021-12-09,NWSA,-0.0027308995742208776,-0.009410749766743868,-0.010082560030989798,-0.018207056200530376,14.744678422534356,0.0067100149246163
2021-12-10,NWSA,-0.0013685205344917547,0.014305000247415163,-0.006469683455273571,0.004125426406850497,15.008584484708802,0.0087364797067781
2021-12-13,NWSA,-0.0018270974312734815,-0.027448143211321063,-0.010720017079580112,-0.018933653577628842,14.829109835215904,0.0073011554749567
2021-12-14,NWSA,-0.021725034159750956,-0.020277282530338437,-0.017967502550295666,-0.020726220490908373,14.868602680188005,0.0075952684336648
2021-12-15,NWSA,-0.016015505784148135,-0.007007802352082733,-0.0043031374005613465,0.011358286690570953,15.092157728750749,0.0094979937998656
2021-12-16,NWSA,0.016015486566223664,0.018579308007014263,0.022739059951604176,0.005163211007153218,14.906897137291326,0.0078917660920381
2021-12-17,NWSA,-0.0014028915777442995,-0.013902045454538717,-0.016529415796894546,-0.0037524419041353725,15.380055910690755,0.0126667297216587
2021-12-20,NWSA,-0.018895318379731952,-0.01741636432585948,-0.020202732971462824,-0.018975995866107067,14.40185229056544,0.0047625101980356
2021-12-21,NWSA,0.0004768788745219009,0.030858092000319456,0.018296198969452514,0.03852068277871326,14.589869454948383,0.005747656126393
2021-12-22,NWSA,0.032359230687245846,0.01098910426578944,0.03238961382291081,0.004138888034916328,14.510756035558442,0.0053104611877729
2021-12-23,NWSA,0.007814293762503125,0.021622484471364514,0.008737676002838295,0.024479826431100245,14.636523549507938,0.0060221615545206
2021-12-27,NWSA,0.014094408667261703,0.011960298611326208,0.013642829110895852,0.01113358016883406,14.921396661516463,0.0080070265758561
2021-12-28,NWSA,0.0178975558931817,0.00527014444301594,0.01524010799643318,0.0035366965701382905,14.313859267752383,0.0043613507210229
2021-12-29,NWSA,0.004866223884997356,-0.0008764371825017988,0.002221787393145328,-0.0039796644235304615,14.781543762323086,0.0069619981892392
2021-12-30,NWSA,-0.0030939248810670414,-0.0008771427026494585,-0.003111889622952866,-0.0031062813473516065,14.67797890525987,0.0062770594520676
2021-12-31,NWSA,-0.007553891503467963,-0.007929545461125407,-0.008046437985569633,-0.008480300019817033,14.768557815527942,0.00687217450185
2022-01-03,NWSA,-0.0017858014892463388,0.015361172465029,0.0031368464227614244,0.020408869846239745,14.951740031230926,0.0082537105078897
2022-01-04,NWSA,0.02558579297016978,0.0060790292433180685,0.007577412249108279,-0.007936636166667394,14.873544225272257,0.0076328936950491
2022-01-05,NWSA,-0.011388472931202353,-0.0060790019168542415,-0.032493788252398716,-0.03422206961938319,15.138412674054372,0.0099476421700707
2022-01-06,NWSA,-0.0317772007162108,-0.012711100469034457,0.006401507613590675,0.03156258107674903,14.991485350381488,0.0085883633609062
2022-01-07,NWSA,0.02381606003385342,0.004840550870254907,0.023424459952507956,-0.0013324451171211234,14.935982507111174,0.0081246717593394
2022-01-10,NWSA,-0.003558697488374308,0.000877535992874724,-0.02616294769388927,-0.012072580170182845,14.94138159477307,0.0081686562198309
2022-01-11,NWSA,-0.005362123863460007,-0.015024737200378656,0.010004543337222936,0.009847797538289646,14.546676287059398,0.005504681727172
2022-01-12,NWSA,0.008920793930842236,0.01238966388222988,0.012143281406007858,0.007101759285166574,14.227157187706101,0.0039991413385418
2022-01-13,NWSA,0.0061974049536830484,0.02002681298645435,0.00934372201072355,0.015361197977935715,14.662237255268895,0.0061790217991649
2022-01-14,NWSA,0.005720624911047265,-0.011706211031565363,-0.009343751977439944,-0.010507977598415093,14.757118487822533,0.0067940093461573
2022-01-18,NWSA,-0.008814600484906733,-0.012727938092404694,-0.018043012164883028,-0.023603856908447917,14.754423858927346,0.0067757266487241
2022-01-19,NWSA,-0.012472359829339627,-0.011997420459097366,0.0022732898391686256,-0.0072365761302509105,14.401407104384013,0.0047603904649999
2022-01-20,NWSA,-0.026340998873775785,0.0035700475844096936,-0.015099590191728702,-0.012791222017948817,14.631362420762189,0.005991160458873
2022-01-21,NWSA,-0.0073905331204684975,-0.026632343673892462,-0.018144518735467883,-0.014355602593701706,14.918546713554186,0.007984239445722
2022-01-24,NWSA,-0.01494652597307701,0.00774670622298801,-0.020873533155172853,0.025784117155714634,15.281424691179211,0.0114770295553529
2022-01-25,NWSA,0.021876644928857693,-0.009119948068905655,0.014751686765658203,-0.014652185863434279,15.013727126909727,0.0087815240337875
2022-01-26,NWSA,0.0050516904787303455,0.01455229906610646,-0.00047250210768230017,-0.014870161117302622,14.831502179987353,0.0073186432725015
2022-01-27,NWSA,-0.016628553738303506,-0.020986096388382346,-0.006638179133043566,-0.013195289193027857,14.875139785237685,0.0076450821600045
2022-01-28,NWSA,-0.023087196998243287,0.004140601331877413,-0.005247079321437382,0.031748514214023645,14.884522720203673,0.0077171530832195
2022-01-31,NWSA,0.035124214818338696,0.022248375558287792,0.03339136765041774,0.021819049349801955,15.131945869001392,0.0098835202457398
2022-02-01,NWSA,0.022298959612967035,0.00894053332045033,0.017878034414828946,0.0008988765446518782,15.049440434726213,0.0091008088222949
2022-02-02,NWSA,-0.01862396002425986,-0.0004449095328179636,-0.009128112652277634,0.004929694446829164,15.010130056182296,0.0087499930048809
2022-02-03,NWSA,0.019073978951494798,0.011949536471803088,0.019073978951494798,0.003569662448405485,15.271307893779683,0.0113615041049054
2022-02-04,NWSA,0.03839004825136316,0.04305455502562253,-0.017241646790057998,0.002224782631893264,15.544756299221282,0.0149345791032647
2022-02-07,NWSA,-0.02276820029262279,-0.033422203000786424,0.023519752424169565,-0.002224782631893341,15.198349204976228,0.0105620997838041
2022-02-08,NWSA,-0.0017729025559035266,0.007380213910355488,0.0035699387114037106,0.01766058941978838,15.182367480098616,0.0103946408739811
2022-02-09,NWSA,0.02842967854401094,0.017578205294220266,0.030272100693298984,0.026345723642005048,15.06294535694147,0.0092245482382559
2022-02-10,NWSA,0.004302887832655223,0.005932133751758989,-0.0025963181311817315,-0.011575690979593543,14.976158550834995,0.0084577348125791
2022-02-11,NWSA,-0.006893728377561816,-0.014039838484544502,-0.021901928123022232,-0.023561384341420202,15.148615354227466,0.0100496543224154
2022-02-14,NWSA,-0.01920616529198066,-0.023846797626952305,-0.019227123734501604,-0.016470436869959793,15.003201834640413,0.0086895806133625
2022-02-15,NWSA,-0.00044060244484126,0.01783065569643693,0.019227303642424306,0.03787347707982814,15.028671323405485,0.0089137423818914
2022-02-16,NWSA,0.011398516273327466,0.02132264238178619,0.004418810579334012,0.02306800112098579,15.077516676626413,0.0093599461859134
2022-02-17,NWSA,0.022840765211851473,-0.00550045674514043,0.00044074960069143387,-0.03962628400176698,14.739293552611096,0.0066739794630088
2022-02-18,NWSA,-0.03954446137696947,-0.03540944233087968,-0.02906518023225542,-0.027167023772850157,14.90911063981716,0.0079092538895829
2022-02-22,NWSA,-0.02241248120111221,-0.024923452245022494,-0.012326197410395893,-0.012264607931499494,14.782342681618049,0.006967562488458
2022-02-23,NWSA,1.4614644942910298e-08,-0.0009017193278137997,-0.02135646060991782,-0.023584815980324213,14.521722521363637,0.005369018812885
2022-02-24,NWSA,-0.05737177682852517,-0.025121214863691985,-0.037289195395039616,0.009315298827608754,14.91101836604873,0.0079243569874625
2022-02-25,NWSA,0.04229947662509931,0.03096774825794655,0.04243775913753566,0.03238595465801834,15.22474013469814,0.0108445542108157
2022-02-28,NWSA,0.01824038742938172,0.007149308785853198,0.020790848972659103,0.0017937224540271223,14.996961948441049,0.0086355274209513
2022-03-01,NWSA,0.0031582288352739064,-0.0035682214327321196,-0.02734815459130977,-0.03510732096335375,15.445280565344953,0.0135204522018006
2022-03-02,NWSA,-0.021858838179694917,0.010666864017800995,0.014462576466582526,0.04447202538752114,14.94138159477307,0.0081686562198309
2022-03-03,NWSA,0.03794504255650306,1.030516325798865e-07,0.00462120091847021,-0.0343147855957361,14.407289797477965,0.0047884769277233
2022-03-04,NWSA,-0.045338716502015756,-0.04799482133428628,-0.029950860391803797,-0.025588830261261006,15.110922696392032,0.0096779061412735
2022-03-07,NWSA,-0.019199798524863424,-0.016838468315080297,-0.038745695042408844,-0.045308852956904434,14.917284842251018,0.0079741707138022
2022-03-08,NWSA,-0.04546246116928671,-0.011862594708584926,-0.009925737680026192,0.00246235147802482,14.967189883674605,0.0083822193231811
2022-03-09,NWSA,0.03117641942960445,0.0217193516930461,0.03672377333045867,0.03859610702656454,14.914023174998665,0.0079482039841145
2022-03-10,NWSA,0.00047940043563872816,-0.015059205604571076,-0.005785997485902452,-0.007124322616929963,14.835404622554186,0.0073472596684839
2022-03-11,NWSA,0.03254241813229001,0.03081487162673338,0.012971734205831953,-0.0009536495581942986,15.186056816084248,0.0104330610352538
2022-03-14,NWSA,-0.023475329854949805,-0.021846133386726075,-0.00286820902688525,0.007131002407387764,15.38834693220976,0.0127721864401864
2022-03-15,NWSA,0.010905345596543195,0.012705499100520105,0.003311447379819378,0.004274682686855534,14.659704033302038,0.0061633887680264
2022-03-16,NWSA,0.010800637989847692,0.017560383221780242,0.01191330903823011,0.024808039701440878,15.27950665805813,0.0114550373251071
2022-03-17,NWSA,0.009298191919696155,0.028895977203582744,0.015045021584540153,0.035872308513106355,14.957118796398621,0.0082982249016401
2022-03-18,NWSA,0.03232678736041329,-0.0026739123522105564,0.02942724499773103,-0.012567659051497888,15.47691472829518,0.0139549974741261
2022-03-21,NWSA,-0.002242735537935637,0.004452270560708621,-0.012309385165218106,-0.006343559876376633,14.361896936167444,0.004575973690891
2022-03-22,NWSA,-0.01083516546459853,-0.0035601585718932475,0.008678003737339193,0.01085015010955701,14.774362954255125,0.0069121844628995
2022-03-23,NWSA,0.000453789805902067,-0.013917191578909248,-0.005471965131072075,-0.014493037565810003,14.423481585571206,0.004866642083416
2022-03-24,NWSA,-0.0009077640715303184,0.019696298032391674,-0.01195956463020584,0.0283356762245348,14.65076518891316,0.0061085406757268
2022-03-25,NWSA,0.026883287222467692,0.011458859619847377,0.03768883720729941,0.001329454743416528,14.304336554796828,0.0043200159268261
2022-03-28,NWSA,-0.002212855135080601,-0.007919029338628102,-0.004018690980140921,-0.0031048149099004146,13.985169784757552,0.0031395895925516
2022-03-29,NWSA,0.010577436307770288,0.017513649921055842,0.018617562784806845,0.019793867222759238,14.22450343616778,0.0039885426733632
2022-03-30,NWSA,0.001314385141339507,0.001301189949075184,-0.003960401308396073,-0.008309624841241378,14.184381527117754,0.0038316824287188
2022-03-31,NWSA,-0.008353690249122536,-0.014847575099837387,-0.024549510042892683,-0.027606554778113628,14.811684354000388,0.0071750313593305
2022-04-01,NWSA,-0.016021570562105465,-0.013732120624538092,-0.014107073667434649,-0.009981826869560395,14.291621126836757,0.0042654328011559
2022-04-04,NWSA,-0.023605272748587838,-0.012567501885367016,-0.004133173767586057,0.008174465577799198,14.280690697866678,0.0042190636409993
2022-04-05,NWSA,0.01005471208731661,-0.00045196936977020803,0.0018389372741890002,-0.004987754913441132,14.47396328637913,0.0051186253480389
2022-04-06,NWSA,-0.009136445102400827,-0.011361018859133602,-0.016207669608965337,-0.015113476205981321,14.764926927237136,0.0068472676386801
2022-04-07,NWSA,-0.010611393936646885,-0.009644044362819775,-0.023619349971964274,-0.017221706406573088,14.613783676670893,0.0058867636068631
2022-04-08,NWSA,-0.014482830627388038,-0.00694606723163531,0.003816790151983163,0.0018762113995252573,14.265694697271657,0.0041562665498156
2022-04-11,NWSA,-0.005189907411084226,-0.0013950201721988095,0.00237812254994377,-0.011310158073643637,14.601738617100239,0.0058162824834249
2022-04-12,NWSA,0.0037769349145681647,-0.00046566601693911347,-0.011467123484847588,-0.006657457130700303,14.756611358945149,0.0067905647799742
2022-04-13,NWSA,-0.012328173614538748,0.0083450976384382,-0.002405433979424534,0.03146549683214108,14.673663997052774,0.006250032855862
2022-04-14,NWSA,0.03377439725229339,0.007817954916355922,0.014347434401718758,-0.021496090037236876,14.80857749907938,0.0071527741624553
2022-04-18,NWSA,-0.024750327516978265,-0.022701938368061853,-0.0047596898989195535,0.00047224150624041594,14.386321163726642,0.0046891144416733
2022-04-19,NWSA,0.0037753999978222728,0.02086797124920219,0.00713110830070417,0.025636451921088405,14.603832000001157,0.0058284709483804
2022-04-20,NWSA,0.027411559321582853,0.009591109441614678,0.0173752046121322,0.006421946915807755,14.954176866335455,0.0082738479717292
2022-04-21,NWSA,0.010939095258468754,0.009049941947859469,-0.007476591284622765,-0.02406404345903395,14.507207186982832,0.0052916485570807
2022-04-22,NWSA,-0.03835073390382967,-0.04044673670213738,-0.02758139165881501,-0.02321827715086414,14.700682483422868,0.0064212012984975
2022-04-25,NWSA,-0.022387236723717507,-0.019418130733896182,-0.020950894362114857,0.0009581920957267618,14.82943640125717,0.0073035401746219
2022-04-26,NWSA,-0.006281780702995309,-0.010093766797964608,-0.012884231379342697,-0.04056260490362042,14.460570352348473,0.005050528924266
2022-04-27,NWSA,-0.03301592170275881,-0.01705266680931107,-0.007006865603566488,0.010419534101975879,14.746374975900766,0.0067214084896834
2022-04-28,NWSA,0.01836727792025786,0.008806212890746916,0.006008952594350046,0.007866185402983495,14.44299912364914,0.004962560003283
2022-04-29,NWSA,-0.0009841884817846794,0.0009737254481403507,-0.009530988302227504,-0.027807041014319037,14.746769111017748,0.006724058155978
2022-05-02,NWSA,-0.01888725701154106,-0.011747611770882859,-0.004040462896474943,0.017964433032225644,14.873926003886254,0.0076358083279732
2022-05-03,NWSA,0.01790207487945274,0.0054014926324857165,0.007562431966131712,-0.0004946680620570463,15.004999272466131,0.008705213644501
2022-05-04,NWSA,-0.003950805633909372,0.02323423145695987,0.01148565378384339,0.03117638763699199,14.683283508569406,0.0063104452473804
2022-05-05,NWSA,0.026369028402439005,-0.00479592285058425,-0.03743454273853076,-0.05521340186704854,14.966399307553289,0.0083755951574444
2022-05-06,NWSA,-0.08128863739275655,-0.07900171250911094,-0.15949143175622643,-0.14247730355500088,15.831812732567165,0.0199003187061013
2022-05-09,NWSA,-0.12335251621380013,-0.08578228235697177,0.022123478420482602,0.022537826834539604,15.657281825814822,0.0167133000868751
2022-05-10,NWSA,0.03999367285993037,0.020202644946316073,0.017004177317759488,0.003991906928764981,15.53675832429325,0.0148156090866341
2022-05-11,NWSA,-0.009706069092816093,-0.002224768412896505,-0.01937250428626019,-0.03887930788788576,15.464284753796235,0.0137798545320485
2022-05-12,NWSA,-0.043383080183578476,-0.032251691445198676,-0.01192621778094135,0.028006499377682827,15.704593482028036,0.0175230381065255
2022-05-13,NWSA,0.04739119779650614,0.03225180516923813,0.03882848452511018,0.026123150694498293,15.055738432267706,0.0091583065808892
2022-05-16,NWSA,0.01868149958808608,-0.003346367441120479,0.008618197635912194,-0.011841233976323138,14.815076061070537,0.0071994082892414
2022-05-17,NWSA,0.010044771859371165,0.0264624072908406,0.029869855415919255,0.03511096645321519,15.130899773938276,0.0098731865471906
2022-05-18,NWSA,0.0005550776578487975,0.001087544586520691,-0.03330822412140002,-0.04365557169085874,14.987962044574315,0.008558157165147
2022-05-19,NWSA,-0.03788969599271143,-0.03822119057267699,-0.009227223676951637,0.0011435901009060334,15.387952688249399,0.0127671520742266
2022-05-20,NWSA,0.018275771154674752,0.01011247218943117,-0.0029011330051102414,0.006266085122974054,15.368864984498677,0.0125257674747823
2022-05-23,NWSA,0.01069532488661053,0.0005588340451904461,0.0052159062904985854,-0.010847975450101287,15.037961878043376,0.008996941903544
2022-05-24,NWSA,-0.037073033488744064,-0.039310115401723335,-0.05464541110572748,-0.05123290097223526,15.23567504526607,0.0109637891940758
2022-05-25,NWSA,-0.04213028988285204,-0.01227732673317096,-1.1376334566448923e-07,0.017964509950167514,14.781010794643715,0.0069582886564267
2022-05-26,NWSA,0.026907484766111548,0.016336445891133845,0.03006839909553076,0.022301331369497843,15.023515522196412,0.0088679031549936
2022-05-27,NWSA,0.022748217784424127,0.02288438782813309,0.022262375935815933,0.025782166968461497,14.481954869221095,0.0051596951756063
2022-05-31,NWSA,0.004028702775593105,-0.007950097417957321,-0.006393609635254341,-0.015963952261598992,15.305218766211699,0.0117533897498867
2022-06-01,NWSA,0.004012490487994791,0.005117801130799751,-0.014093106017682563,-0.010979735806719695,15.285801568846827,0.0115273732149516
2022-06-02,NWSA,-0.012665565006046006,0.009034684450955345,0.020486625146531087,0.028638923190580437,14.563241089734413,0.005596625147597
2022-06-03,NWSA,0.01094806047717504,-0.015864326748133907,-0.01459021202922631,-0.02921990489949956,14.45483545947537,0.0050216475616541
2022-06-06,NWSA,-0.0034444912681009113,-0.004005802432401034,0.008779573137704453,0.010410551207035325,14.564707677121312,0.0056048391131104
2022-06-07,NWSA,-0.01974513905572683,0.009700503294358877,-0.009956167725194927,0.010872808510202739,14.83828553387695,0.0073684569988412
2022-06-08,NWSA,0.019169862363100428,-5.02044943785677e-08,0.009956112750974749,-0.020702378008319155,14.691437940124564,0.0063621137401264
2022-06-09,NWSA,-0.009248692019821377,-0.020075337845964155,-0.018230485324807796,-0.020546647845755703,14.810169118762214,0.0071641677275223
2022-06-10,NWSA,-0.04149934655308537,-0.03538075456722978,-0.02951099418625309,-0.017349858984647963,15.236206587347361,0.010969618459924
2022-06-13,NWSA,-0.02637401154214695,-0.027999524473735053,-0.047568616000815196,-0.05584593801172467,15.1340882864293,0.0099047175760971
2022-06-14,NWSA,-0.02453724615787667,-0.025634439357439667,-0.017459226677460627,-0.007687386221299913,15.127189395070863,0.0098366211523241
2022-06-15,NWSA,0.004448699823607541,0.003161540194403126,0.0006520880059264878,-0.0006433383797035492,15.352205934842434,0.0123188285371688
2022-06-16,NWSA,-0.037472116737167084,-0.024282326110480725,-0.022413580501824928,-0.007751945119696792,15.090929502052195,0.0094863352681691
2022-06-17,NWSA,0.02020271871219051,0.02175389024814394,0.028263468821074434,0.005174634612425577,15.702837901063413,0.0174923019775074
2022-06-21,NWSA,0.014729657143848144,0.0037902355550469198,-0.015018277749087951,-0.018229660846884373,15.271447812594351,0.0113630939046822
2022-06-22,NWSA,-0.04153738027137906,-0.0385651288986165,-0.015915415401741385,-0.007915576088484845,15.309088808871522,0.011798964010155
2022-06-23,NWSA,0.0026472226756975663,0.0006550785565990008,-0.0006687178145477588,0.009228736359436994,15.0968334943873,0.009542508193616
2022-06-24,NWSA,0.016388454699984477,0.040428954571564014,0.02705543683497399,0.03481978180144396,15.586846377101406,0.0155765932464627
2022-06-27,NWSA,0.03136256377564527,0.0031397400050413252,0.016145015132651448,-0.0025380620810405985,15.024202509577787,0.0088739973874714
2022-06-28,NWSA,-0.002523702959853864,0.010601927161525623,-0.008362918649311593,-0.016010633501195633,15.091683365428109,0.0094934893671647
2022-06-29,NWSA,-0.03209511521654417,-0.03922069926505669,-0.02022897425073024,-0.011035429310470924,14.839722883135389,0.0073790556640199
2022-06-30,NWSA,-0.011151369686729789,0.01536515259380096,-0.004625081234773664,0.016828839224489085,15.22659533177,0.0108646916746552
2022-07-01,NWSA,0.025400278723416846,0.004437447296083931,0.020970601980463133,0.010852327707282916,14.512102299207582,0.0053176152867685
2022-07-05,NWSA,-0.007746940859116696,-0.010171761272617034,-0.016345550814320105,-0.007648189637496675,14.571726899430582,0.005644319140901
2022-07-06,NWSA,0.019891520434482855,0.013959612855858323,0.016993865903232402,-0.00320413806978612,14.448483546499054,0.0049898515661181
2022-07-07,NWSA,-0.0019077620481227746,0.0012594865316643852,0.014796006369703263,0.016550372177662125,14.758871950678154,0.0068059328444833
2022-07-08,NWSA,0.005079357433262056,0.0031416311598001794,0.00127633984347698,-0.005698044470379285,14.193605154442224,0.0038671879570674
2022-07-11,NWSA,-0.017891860093381097,-0.021560734515849868,-0.021922254686054795,-0.022472906810041965,14.091702622368048,0.0034925251430014
2022-07-12,NWSA,-0.007766976596820577,0.015267502500392327,0.0032542094625066897,0.016103453151995215,14.2048469616491,0.0039109074509294
2022-07-13,NWSA,-0.0006500296453979977,-0.0159087341669486,-0.01836124760069873,-0.010276283963254562,14.304888413932236,0.0043224006264913
2022-07-14,NWSA,-0.01308916125364019,-0.015514175779120742,0.001983535316208679,-0.01627108621920768,14.188659753158628,0.0038481103597458
2022-07-15,NWSA,0.020861228750583466,0.025089726459863085,0.011818870603189164,0.03164614962553752,14.559018573306407,0.0055730431175744
2022-07-18,NWSA,0.018536806757751757,0.01388037079527614,0.021311753050041293,-0.0012722284418486976,14.705663042821957,0.006453262260663
2022-07-19,NWSA,0.011335218818610993,0.02536491396046147,0.012067569130948625,0.03748099491570742,14.375184058520006,0.0046371809822978
2022-07-20,NWSA,0.019839472863900556,0.02711816674730543,0.027398979728002017,0.018828429029672133,14.660520517386638,0.0061684231339862
2022-07-21,NWSA,0.01824856483601018,0.001188311725871254,0.01038805109087023,0.012556093998639745,14.761476978452379,0.0068236856086576
2022-07-22,NWSA,0.011387589147480974,0.006510821550302025,0.01208463051256571,0.0029663963685738677,14.647114917021598,0.0060862834788515
2022-07-25,NWSA,0.00712591264114712,0.012313261573935861,0.007181464860163974,0.0011842151504864074,14.863741767628783,0.0075584380721689
2022-07-26,NWSA,-0.010109955448230236,-0.014675775009051708,-0.01199763383885749,-0.011904677977411675,14.666046455958996,0.0062026038291875
2022-07-27,NWSA,0.0005975236145174544,0.011757929552180723,0.006616562068232255,0.02074135373746275,14.943034513960948,0.0081821695179337
2022-07-28,NWSA,0.008328351959793522,0.002917925489614786,-0.0030022085885215823,0.0029282907326232846,14.69156287500242,0.0063629086400148
2022-07-29,NWSA,0.008846972062934916,0.008125248754208652,0.016105233135817194,0.002336268261842751,14.606646600182028,0.0058448988794073
2022-08-01,NWSA,-0.0005872404040960547,1.4454939910584256e-07,-0.00593461381130591,-0.0005834696664562416,14.172206201688764,0.0037853132685622
2022-08-02,NWSA,0.0017609480923325867,-0.00754283889950667,0.006526252041659832,-0.007617980136935261,14.240059734613505,0.0040510747979173
2022-08-03,NWSA,0.0005862894058751246,0.021890164716063792,0.004719705954671892,0.02955875294238924,14.614008704136443,0.0058880884400104
2022-08-04,NWSA,0.020308283560333585,0.0005697006576091828,0.015766826007311326,-0.00745203851583184,14.345080013406019,0.0044996633016046
2022-08-05,NWSA,-0.01972235863845935,-0.024792427000855464,-0.024634813592078284,-0.021518784237636066,15.220626918663289,0.0108000398170653
2022-08-08,NWSA,0.0005859432486497869,0.029338030917746397,0.010044680271805419,0.02094348698815848,15.208880080993609,0.0106739157014391
2022-08-09,NWSA,0.09913491135630126,0.15415049640282932,0.06541973058956833,0.05051555255960964,15.456234130277203,0.0136693634475609
2022-08-10,NWSA,-0.024149298573115832,-0.10438909314206332,0.001100764802698002,0.009804040430618551,15.126192238501238,0.0098268173870339
2022-08-11,NWSA,0.0021706504972217704,0.012862126439432884,0.013657908320320395,0.011853775417435396,14.833816576451524,0.0073356011367873
2022-08-12,NWSA,0.014527681828344203,0.005839798156826247,0.010793010622651356,0.00853303627420826,14.599412558413583,0.0058027691853221
2022-08-15,NWSA,0.005859117290326234,0.0010584384412657146,-0.009708514685158556,-0.01822109255433472,15.125409987677681,0.0098191333547793
2022-08-16,NWSA,-0.02636682709356184,-0.005302223304974028,-0.005979900314491058,0.0053938132965714244,14.678822786810423,0.0062823587846569
2022-08-17,NWSA,0.005979928103145351,-0.0176995820647972,-0.008212461845134383,-0.014084760838899238,14.445505456113612,0.0049750134348679
2022-08-18,NWSA,-0.010899402400314388,-0.00705951674420391,-0.01105605724081912,-0.002731524691248783,14.322389001855337,0.0043987110157777
2022-08-19,NWSA,-0.0054946403488893205,-0.008208059300253668,-0.008372999548352321,-0.02100701206674913,14.333054165460686,0.0044458750758228
2022-08-22,NWSA,-0.029635763862447283,-0.022784975168551252,-0.02325015097124317,-0.025460891472484475,14.303784390944745,0.0043176312271609
2022-08-23,NWSA,-0.009695009335792686,-0.00846757073062199,-0.009221991943763741,-0.008055387602388098,14.152626159010776,0.0037119175121999
2022-08-24,NWSA,-0.002869453799254708,-0.004545403910846136,-0.001158720913807016,0.009773059977670761,14.303661646451369,0.004317101293902
2022-08-25,NWSA,0.005730735321087388,0.011325231346402962,0.014388776140654176,0.014200788916540632,14.123216556753208,0.0036043410606364
2022-08-26,NWSA,0.01531080150246187,0.01008415045312691,-0.008608338044978793,-0.021665551383032555,14.834394339592658,0.0073398406028588
2022-08-29,NWSA,-0.026805368756989943,-0.029988299617171643,-0.009846752293193003,-0.003464333966274119,14.133310257068674,0.0036409064555028
2022-08-30,NWSA,0.0011555470081560082,-0.004028645966655196,-0.009944395559148028,-0.011049747932774436,14.744836362928769,0.0067110747911342
2022-08-31,NWSA,-0.008698347031629399,-0.0005770216970824094,-0.005896406846551558,-0.010582267999627389,14.891400300519397,0.0077704113757423
2022-09-01,NWSA,-0.022975937393298493,-0.023942740637918583,-0.012496388779253308,0.0,14.623325259333722,0.0059432014989395
2022-09-02,NWSA,0.014788899929352903,0.023365633721791845,0.010720781237013055,0.002361324589542403,14.570223564328009,0.005635840208758
2022-09-06,NWSA,0.0005870503880306617,-0.014539356332905,-0.027629320526418005,-0.03053204253842494,14.83099519095172,0.0073149337396889
2022-09-07,NWSA,-0.035238209730458395,-0.011785730815319775,-0.004272346187779181,0.022242954618660986,14.505703880177022,0.0052836995581967
2022-09-08,NWSA,0.010882780299671617,0.003550329016360224,0.009132521382332682,-0.0011897342544852007,14.539332907687525,0.005464406799493
2022-09-09,NWSA,0.014328839970504933,0.033113803164032486,0.022176701803777975,0.03910638025089768,14.568859212002494,0.0056281561765035
2022-09-12,NWSA,0.04122497420932023,0.019242287372596978,0.04122497420932023,0.007981904922856994,14.422828026729556,0.0048634624838624
2022-09-13,NWSA,-0.021404130115457484,-0.018703756463836287,-0.04147565056007313,-0.0396093192725397,14.69841036639065,0.0064066281338769
2022-09-14,NWSA,-0.013533582140313971,-0.028548284342731205,-0.012601384438632663,0.0017810870911745924,14.378720450788473,0.0046536089133247
2022-09-15,NWSA,-0.0011855125228670813,0.028548324480995223,0.01795381022006713,0.016470826937443186,14.842913592210952,0.0074026376940424
2022-09-16,NWSA,0.012378522407185651,-0.0197222338336608,-0.03194009421089925,-0.036237931933964546,15.215954588676107,0.0107496961574666
2022-09-19,NWSA,-0.04309464224753641,-0.023112147695769653,-0.000612615467730947,0.0006047475817439577,14.241889440521794,0.0040584938635424
2022-09-20,NWSA,0.0030533888002783585,-2.0947812395546756e-09,0.0024480355509073977,-0.0048486074150662604,14.457417600618575,0.005034630926498
2022-09-21,NWSA,0.012121517476339104,-0.0011996769432099388,-0.022875745246810228,-0.027719487619232968,14.713759918619786,0.0065057256532974
2022-09-22,NWSA,-0.04057119253101609,-0.03792508928934997,-0.02021557252080358,-0.02019012252979662,14.623013128732177,0.0059413467325332
2022-09-23,NWSA,-0.021560642383630323,-0.02206205357040538,-0.03176920322043189,-0.023211786148781288,14.643494965675597,0.0060642912486058
2022-09-26,NWSA,-0.02531777847477869,-0.015414497547593106,-0.010596063803680436,-0.019098320466943687,15.180045132801197,0.0103705289106997
2022-09-27,NWSA,-0.007920841259469472,-0.005842301002532552,-0.008021504835373483,-0.006002044278676363,14.540544411694832,0.0054710309652297
2022-09-28,NWSA,-0.005982102200579867,0.007782112811322412,0.005354739770154876,0.028356664028701524,14.456101014766855,0.0050280067607613
2022-09-29,NWSA,0.00531914381159814,-0.015625315956998623,-0.007370207361502151,-0.021689980256813558,14.580327490633813,0.0056930730007229
2022-09-30,NWSA,0.003310079632276279,0.011741739631603413,0.008704350114940432,0.003978651483491786,15.176436084156997,0.0103331686159449
2022-10-03,NWSA,0.014436087400887688,0.016720785182432488,0.014560292756268932,0.03383552207251151,14.635907379696697,0.0060184520217081
2022-10-04,NWSA,0.030159360541476037,0.044895193561927185,0.038664489447990676,0.04686879181153776,15.104467961753175,0.0096156389833489
2022-10-05,NWSA,0.014433921057215474,-0.00857313130840194,0.00881071342818423,-0.014760340098588468,14.45620640544757,0.0050285366940202
2022-10-06,NWSA,0.01851915284243479,0.005519836687252123,-0.006916035812497775,-0.016240127791577443,14.194016169374018,0.0038687777568442
2022-10-07,NWSA,-0.037387504333973205,-0.0329529265566121,-0.024913427694912765,-0.020999761065317125,14.239340004625117,0.0040481601649932
2022-10-10,NWSA,-0.005730746676056563,-0.005069776824431448,-0.00453813769105243,-0.0025757211689265307,14.016572903994055,0.0032397469784901
2022-10-11,NWSA,-0.019994134337021876,0.0006351844209803123,-0.011107552583636882,-0.00322889872157572,14.889762187272774,0.0077576929775279
2022-10-12,NWSA,0.007140452234229266,-0.009569521070819072,0.005242376378725839,0.0038734041155600862,14.50915811331587,0.0053019822556299
2022-10-13,NWSA,-0.014332423183288333,0.024692661026566216,-0.016474749792979984,0.026702189990596033,14.791917923827363,0.0070345990457131
2022-10-14,NWSA,0.05053844877752376,0.01243026270566509,0.033325516410643415,-0.02156073376758678,14.940505412560693,0.0081615021208352
2022-10-17,NWSA,0.013630846064009166,0.03876914973783038,0.03535719016695871,0.03340984814384051,15.90902769700154,0.0214978025151565
2022-10-18,NWSA,0.012232554971078835,-0.0053620121247769945,-0.0037291737192424795,0.007412008824126833,15.245654565636917,0.0110737503453045
2022-10-19,NWSA,-0.002434482133824803,0.0011942029751152254,0.01850783887076038,0.020707350277512162,15.275218239308806,0.0114060184986558
2022-10-20,NWSA,0.00849507145758705,0.008318402183589911,0.0018318985714256054,0.006009567809573234,15.166851348713577,0.0102346010297832
2022-10-21,NWSA,0.00662455406114496,0.01875784197324082,0.0072948984841845164,0.03009964070934469,15.208880080993609,0.0106739157014391
2022-10-24,NWSA,0.041158175427262904,0.008097343882323018,0.01144255192876339,-0.016413010872856855,15.297024412958462,0.0116574718300197
2022-10-25,NWSA,-0.021543867302958132,-0.006936537555898438,0.013087548454936891,0.014667275541120066,15.086310169552936,0.0094426157743071
2022-10-26,NWSA,0.010538801348673351,0.006936536639488512,0.003539839445157372,-0.009950291088489478,14.893035734738962,0.0077831297739567
2022-10-27,NWSA,-0.002916169857466892,-0.008097195504879225,-0.01722629449068276,-0.015412202906512285,14.69733447498334,0.0063997390015107
2022-10-28,NWSA,-0.02005972356493844,-0.014035350990721588,-0.008423759738623499,0.010104056708148162,14.890376794245853,0.0077624623768583
2022-10-31,NWSA,0.007717240326707958,-0.0011787491427397334,0.013205375806967587,-0.0023683791827145504,15.123411122043311,0.0097995258241988
2022-11-01,NWSA,0.008831412535908155,0.027335356322391074,0.007722051889157364,0.007088031571314951,14.70340222683928,0.0064386890960423
2022-11-02,NWSA,-0.012979549574770382,-0.02615677980749448,-0.029422760244448707,-0.031084476404534937,14.97195172084872,0.0084222292842305
2022-11-03,NWSA,-0.037511967368379424,-0.020827867031565875,-0.02655293995860277,-0.0006073187184549891,15.215486152743042,0.0107446617915067
2022-11-04,NWSA,0.02856485154089445,0.004200610590393996,0.009962801556125552,0.013277363821430204,14.865667976245708,0.0075730112367896
2022-11-07,NWSA,0.005377912181339446,0.011904774143359824,0.01598062643829398,0.0023950912569399552,15.148061520377702,0.0100440900231966
2022-11-08,NWSA,0.0005957965376848394,0.02339287092596657,0.015729328889591346,0.021887952346384732,15.173122739996243,0.0102989879207436
2022-11-09,NWSA,-0.10940540915217599,-0.05038082121540129,-0.10496031388044265,-0.055954349808253104,15.716438433622896,0.0177318318105453
2022-11-10,NWSA,0.10702015313541863,0.05614455943889871,0.09531007853696552,0.0681673124851974,15.480004865432825,0.0139981870347291
2022-11-11,NWSA,0.045515528238161164,0.03778295182502491,0.05597935986971513,0.04299310942071269,15.05570950002095,0.0091580416142598
2022-11-14,NWSA,0.0242331126499465,0.020811162977347357,0.022103282189786876,0.006622425972821672,15.077403435993627,0.0093588863193956
2022-11-15,NWSA,0.014921779258860112,0.0016248571813992935,0.005032396509336046,-0.0016513382655452046,14.600051623282614,0.0058064787181346
2022-11-16,NWSA,-0.008262318050068187,-0.019672799726823873,-0.006154004934432274,-0.013311437354515702,14.520537395149733,0.0053626596137778
2022-11-17,NWSA,-0.026339297811246765,-0.003870608653867324,-0.016407571048819326,0.001673774612329274,14.509657738357678,0.0053046319219246
2022-11-18,NWSA,0.03295458383795446,0.008825105955607053,0.010780073327250297,-0.006150553800720556,14.78059183496017,0.0069553740235025
2022-11-21,NWSA,-0.03295466237147818,-0.023896558295165713,-0.0205251455729508,-0.019825067093014775,14.713800645994413,0.0065059906199269
2022-11-22,NWSA,-0.004553235528140451,0.003929244428227437,0.002875984161478691,0.01982506709301488,14.38150652065826,0.0046665922781686
2022-11-23,NWSA,0.020328121526070855,0.029803472055646235,0.020466919136556884,0.022186132209264138,14.55358377991142,0.0055428369218152
2022-11-25,NWSA,0.01553016883534884,0.004882181647953226,0.01784778554718554,0.003832600208669382,14.0260153759075,0.0032704831075082
2022-11-28,NWSA,-0.00330767145724856,0.007009971560295102,0.0011049073075932744,-0.006029086714761065,15.071155369956832,0.0093005936609129
2022-11-29,NWSA,0.005506440567947644,0.0005371161716954034,-0.0005524435480363237,0.020136579395701376,14.887471157971689,0.0077399402133536
2022-11-30,NWSA,0.015799974717175577,0.033274829909597924,0.02023588378376915,0.03129408321950186,15.400410050919634,0.0129271919184245
2022-12-01,NWSA,0.03139387563881652,0.005698014633420475,0.02934328614220531,0.0005220308646322528,14.844630207425205,0.0074153560922568
2022-12-02,NWSA,-0.005778926181021177,-0.009862601851293668,-0.0073880144321562214,-0.002089862576476898,14.32905308759674,0.0044281223116485
2022-12-05,NWSA,0.002105416674430808,-0.005230052874746923,-0.009579447053725822,-0.021142412593285153,14.232048139365439,0.0040187488691224
2022-12-06,NWSA,-0.014830919170021424,-0.013727891270699366,-0.01834924880556619,-0.012903495508905334,14.447048788665851,0.0049826974671225
2022-12-07,NWSA,-0.015595688841845116,-0.01769940956132594,-0.016474736101732078,-0.01526724152365887,14.523990094913616,0.0053812072778405
2022-12-08,NWSA,-0.008709913507844204,-0.002709267330921958,0.0027647730517199524,-0.002751110437774886,14.629946178620731,0.00598268152673
2022-12-09,NWSA,-0.0076841069278618754,-0.01200907893909785,-0.006648404520228964,-0.0055250313446313926,14.276726311693755,0.0042023707433428
2022-12-12,NWSA,-0.007743286671096899,-0.0005491263352553145,-0.007812424517530211,0.007726460504897038,14.597264134461215,0.0057903157537372
2022-12-13,NWSA,0.039732970119075235,0.040382213205398886,0.03306075966057245,0.027651420188260025,14.854550108891866,0.0074892817818781
2022-12-14,NWSA,-0.009112932246030506,-0.003700882102767256,-0.004345493506344385,-0.001070142101819591,14.661250491127117,0.0061729275666872
2022-12-15,NWSA,-0.010828328582189859,-0.016555671899036336,-0.03489689549602952,-0.04937909499640158,14.58534142638667,0.0057216893967053
2022-12-16,NWSA,-0.03715424991287933,-0.0361881390624466,-0.009629066834102522,0.0028081712067884344,15.173431421591316,0.0103021675202972
2022-12-19,NWSA,0.004509589969051053,-0.0044767760088155655,-0.014330995367408558,-0.022689546607486726,14.520438571204018,0.0053621296805189
2022-12-20,NWSA,-0.018734577138880076,-0.015258870606451503,-0.004049742841105039,0.004579281524639233,14.726507703500449,0.0065891901415795
2022-12-21,NWSA,0.011395929079717869,0.016939911512227745,0.014959875575206104,0.01248579458159093,14.43743076614846,0.0049350034738184
2022-12-22,NWSA,-0.005681745952647242,-0.0011203645434738623,-0.004579172954570867,0.004502082421759174,14.27660020041678,0.0042018408100839
2022-12-23,NWSA,0.035268222384805745,0.038487497102573,0.027166353801003802,0.02768728549236875,15.124897146529241,0.0098140989888195
2022-12-27,NWSA,0.007125239081067844,-0.004324414941528739,0.010552766892404513,-0.0016397108323472867,14.225366678119695,0.0039919872395462
2022-12-28,NWSA,-0.003282314357902559,-0.0037992389201183634,-0.008879137815229601,-0.01821751101831203,14.3139200192115,0.0043616156876524
2022-12-29,NWSA,-0.012127914280579164,-0.0016324965418219534,0.002783239289164291,0.014929787156768176,14.1946323751953,0.0038711624565094
2022-12-30,NWSA,8.240465214839184e-08,-0.00820349256780123,-0.0022257953971859573,-0.0010981357382988009,14.436033818466388,0.0049281143414523
2023-01-03,NWSA,0.01868189289636202,0.018498927744248824,0.007216216589411756,0.005479405437251766,14.435657383505333,0.004926259575046
2023-01-04,NWSA,0.00867196817017892,0.02449525634484106,0.014823080273946465,0.03648458663593401,14.739452345720286,0.0066750393295267
2023-01-05,NWSA,0.01924149651102289,-0.00474567622264684,0.010840077297096636,-0.01593239526425466,14.179459680796295,0.0038128697980267
2023-01-06,NWSA,0.0010583268181440348,0.00789693737275113,0.004303493060976681,0.01698563144824148,14.345727547999632,0.0045025779345287
2023-01-09,NWSA,0.00999751785438948,0.01457607301135677,0.01861266692826167,0.0036774618737323867,14.223838896446713,0.0039858930070685
2023-01-10,NWSA,-0.003146281094594056,0.002580603698495459,-0.004753123378390998,0.01664103065010061,14.165534130494356,0.0037601414387628
2023-01-11,NWSA,0.018215260175348212,0.0025739627303107164,0.006858331828218156,-0.00413446914746771,14.645590029034093,0.0060770096468202
2023-01-12,NWSA,-0.0025819893737814518,-4.951177246417185e-08,0.008898207153096803,0.002069320894841941,14.321243837727636,0.0043936766498178
2023-01-13,NWSA,-0.010395057798223972,0.0010277608077965486,-0.0031315122867896852,0.005668676501912885,14.289008699284201,0.0042543042027183
2023-01-17,NWSA,0.01503794046002464,0.0020523977495382926,0.0020888369555351095,-0.00981150802944152,14.41687189095869,0.0048345811212505
2023-01-18,NWSA,-0.004642674380986129,-0.005654013160759588,-0.019489624983517976,-0.020975995526709288,14.547109406037695,0.0055070664268372
2023-01-19,NWSA,-0.0320491101864437,-0.031416321439281227,-0.015545794590707627,-0.008515416788856714,14.40701308825719,0.004787152094576
2023-01-20,NWSA,0.0021334182420423343,0.026248262397722228,0.006998672833990648,0.028972362171730215,14.407566430151928,0.0047898017608707
2023-01-23,NWSA,0.027845090296974583,0.013892618336768412,0.02803669342729537,0.01494473805570914,14.056809105465884,0.0033727602264824
2023-01-24,NWSA,0.009283195140957207,-0.0005111517047832361,0.005202921950138171,-0.0010234905532231283,14.21422023276119,0.0039477378124253
2023-01-25,NWSA,0.05152443365357773,0.08428118456249858,0.05796543541622269,0.05527925611996926,16.071486212277687,0.0252900049160848
2023-01-26,NWSA,0.005833608200343044,-0.021853743170375695,-0.00294268977122086,0.0038683782511938036,14.93147181256727,0.008088106364473
2023-01-27,NWSA,0.0033875004371452695,-0.0019229801025866088,0.004410747847827597,-0.009699291929519205,14.871006903578463,0.007613551131098
2023-01-30,NWSA,-0.02000542731114628,-0.017476091384564667,-0.01975369323829214,-0.01720357600473718,15.040462062447391,0.0090194640670486
2023-01-31,NWSA,-0.0064278966746911075,-0.006386750862132885,0.0024905849936927103,0.004452021019902824,14.844415791605641,0.00741376629248
2023-02-01,NWSA,0.004948047263539459,0.022418020496987094,-0.010000148702410786,0.022450846914353537,14.99502702928362,0.0086188345232949
2023-02-02,NWSA,0.03301279706791304,0.04430517902347533,0.0480720864992563,0.03555727189614688,14.92275250379965,0.0080178902076643
2023-02-03,NWSA,0.012811428579005284,-0.012993319872551617,0.006206737043470792,-0.014071557044537619,14.736032724677326,0.0066522521993926
2023-02-06,NWSA,-0.011856813301631339,-0.017432567754514985,-0.020192900963414803,-0.01907533248600026,14.570599610033275,0.0056379599417938
2023-02-07,NWSA,-0.012965416822346454,-0.0014270242513603458,-0.0038930638257130066,0.00671772759644834,14.387563539511936,0.0046949437075216
2023-02-08,NWSA,0.004821732810529409,0.008058933304586367,0.011151712995304671,-0.0014356788484053819,14.61697433067951,0.0059055762375552
2023-02-09,NWSA,0.014326847690896514,-0.004258360984210831,-0.0096899508203419,-0.01398620249883188,14.792068577230287,0.007035658912231
2023-02-10,NWSA,-0.07072173014325515,-0.06615202663479647,-0.09867519294172582,-0.09842338852809003,15.933283114248372,0.0220256160410543
2023-02-13,NWSA,-0.05330406329223697,-0.0392611373032047,-0.0064689543870376075,0.011191332656747138,15.108949498890619,0.0096588285439519
2023-02-14,NWSA,0.008019253439061402,-0.003695011799937376,0.000540581726357651,-0.002653403250776477,14.909646509434152,0.0079134933556544
2023-02-15,NWSA,-0.002132248268751067,0.013133887454863298,0.008075391028632565,0.01686023367150976,14.8457729826575,0.0074238350243998
2023-02-16,NWSA,0.006913091750650539,-0.005232941880148357,0.0016072759944912658,-0.023256836984124802,14.71530639396199,0.0065157943852172
2023-02-17,NWSA,-0.01011987987778353,-0.002626626826407501,-0.0075227647794045725,0.01591548934642192,14.802334680782387,0.0071082597687049
2023-02-21,NWSA,0.0037403899286116444,-0.006861965624059217,-0.016313550771141643,-0.03972600481509426,14.671499540892938,0.0062365195577592
2023-02-22,NWSA,-0.05199535757116925,-0.0544204130490775,-0.051177892363765874,-0.032278832821874846,15.343673553867227,0.0122141667185294
2023-02-23,NWSA,-0.009596491619727789,-0.008988842371847224,-2.599065885203157e-08,-0.010233219531761357,14.571679954401793,0.0056440541742715
2023-02-24,NWSA,-0.027603768106977844,-0.01535418472588493,-0.019225725937469133,-0.003434402494656683,14.81687782957041,0.0072123916540853
2023-02-27,NWSA,0.023055573626502474,0.0057140326254245715,0.014598617976930513,-0.00979571188274533,14.579116668155898,0.0056861838683567
2023-02-28,NWSA,-0.01782148467409008,-0.012614637308334314,-0.011075462912391342,-0.006972597489951713,15.134435996135856,0.0099081621422802
2023-03-01,NWSA,-0.013430871822634236,-0.013945632995893405,-0.012979532610434753,-0.01350183240842875,14.77374943401406,0.006907944996828
2023-03-02,NWSA,-0.011232758414635953,0.01105632210402971,-0.0029734672099585857,0.01989536527661141,14.568576699656003,0.0056265663767267
2023-03-03,NWSA,0.029870462923917936,0.004618941278364818,0.02004773772642155,0.0,14.62941457028482,0.0059795019271764
2023-03-06,NWSA,-0.0011548006579598557,0.0040240929814423215,-0.00938426422861811,-0.013415203590184941,14.967316317873202,0.0083832791896989
2023-03-07,NWSA,-0.016895143411926893,-0.01736156881379725,-0.008283990231533275,-0.010032501336705605,14.8073543031314,0.0071440302636829
2023-03-08,NWSA,-0.0070756225019894935,-0.008206412949706397,-0.008952660260976231,-0.0053524574611537624,14.88294207303953,0.007704964618264
2023-03-09,NWSA,-0.007721812085262585,-0.008867720197166095,-0.024887281720227455,-0.029039940176051993,15.034066805071712,0.0089619663084543
2023-03-10,NWSA,-0.033346714078614816,-0.03689578185442575,-0.03311783821946579,-0.01733805481187081,15.134970698176533,0.0099134614748695
2023-03-13,NWSA,-0.018668831341494718,-0.019285178309204405,-0.01021720309821852,-0.02594261279218491,15.194956773973269,0.0105263292888261
2023-03-14,NWSA,0.003915083156318082,0.008940214542545299,0.010274526862352642,0.026107699389617742,15.530209161073852,0.0147188962668787
2023-03-15,NWSA,-0.015228699410754751,-0.001881444786473072,-0.0032020576654191134,0.0006283589956599605,15.166178000508337,0.0102277118974171
2023-03-16,NWSA,0.010178153947388274,0.022347294647885024,0.007667720749880437,0.019901094342640074,14.966177834191358,0.0083737403910381
2023-03-17,NWSA,0.023147760745025746,-0.005540154939870446,0.012650412605796055,-0.020529453338300002,15.34013126626809,0.0121709771579263
2023-03-20,NWSA,-0.015581393183024969,-0.005570954342319463,-0.00440933682399048,0.010006427915673737,14.597767370968741,0.0057932303866613
2023-03-21,NWSA,0.022361123519230624,0.01601011355037045,0.020619188264067084,0.008674024485560499,15.030838942940983,0.0089330849458425
2023-03-22,NWSA,-0.006779658610717874,-0.006742258619890459,-0.02251493471099273,-0.02372134436140997,14.72979968796928,0.0066109174051957
2023-03-23,NWSA,-0.016838496621092422,0.0018434570714998075,0.005676503923562439,0.021869157870085667,15.645657219987088,0.0165201394139938
2023-03-24,NWSA,0.011878848885973512,-0.0024586064073454763,-0.001258658576120694,0.0024690394950233788,14.893614310240995,0.0077876342066576
2023-03-27,NWSA,0.019083210089253354,0.019500773252498264,0.029167326656288222,0.016508985344605643,14.99757542638628,0.0086408267535406
2023-03-28,NWSA,0.003044220831447574,0.0030130357121612764,0.0006114566179822916,0.006648604461705484,14.601465243794989,0.0058146926836481
2023-03-29,NWSA,0.019862242289161326,0.020840222781434325,0.02056942054586099,0.01968451974849104,14.501935696135863,0.0052638270609867
2023-03-30,NWSA,0.011259205273800133,0.011716549018524038,0.01249629722876616,0.002359733062546727,14.628306144406377,0.0059728777614398
2023-03-31,NWSA,0.004116488556081382,0.006964625504232671,0.004130952247851149,0.017523832091661928,14.585017209864628,0.005719834630299
2023-04-03,NWSA,0.007600358222084667,0.010929245391629434,0.011127779427173837,0.008648311137707343,14.864302502009238,0.0075626775382404
2023-04-04,NWSA,0.019037032138647932,0.010244673057975572,0.0029076103338792647,-0.005757259727583562,14.996041025279489,0.0086275784220673
2023-04-05,NWSA,-0.013809182013361771,-0.01770965815590724,-0.010507883995400934,0.0,14.95603256936176,0.0082892160362382
2023-04-06,NWSA,0.0005791351882095844,0.001152015627959861,0.0052676036541399775,-0.002891051410123896,14.502187350639717,0.005265151894134
2023-04-10,NWSA,-0.008139635916411292,0.0028743666403796917,1.9404466511856973e-08,0.007499285036522493,14.138174323528883,0.003658659219677
2023-04-11,NWSA,0.01621359756816751,0.013683326627924328,0.01563903684938753,0.011428855318040021,14.283512810791645,0.0042309871393253
2023-04-12,NWSA,0.021029572913095845,0.009580290284652543,-0.007499216407984858,-0.017192417091264928,14.83313004887728,0.0073305667708275
2023-04-13,NWSA,-0.028524613023019903,-0.009014284377387109,0.0005787370168406755,0.018328063303819322,14.566832774317797,0.0056167626114364
2023-04-14,NWSA,0.016073736991421166,0.0028255980879657834,0.0005785318442161893,-0.0125645015305943,14.128129847234714,0.0036220938248106
2023-04-17,NWSA,-0.011454748246865935,-0.015354148901197042,-0.006964608137535552,-0.0046082336263987556,14.682443384534494,0.0063051459147911
2023-04-18,NWSA,0.00230135534566888,0.001145307911242569,0.002907695211307637,-0.002891051410123896,14.86528303123035,0.0075700966038654
2023-04-19,NWSA,-0.013889079724721283,0.0017158154922352912,-0.009334928961367683,0.007499285036522493,14.53491059671278,0.0054402948362116
2023-04-20,NWSA,0.009857994752880074,-0.0005716243898641192,0.011655168752774505,-0.007499285036522604,14.587746606822195,0.0057354676614375
2023-04-21,NWSA,-0.0005770394688141264,-0.005733808333886529,-0.003482096397914988,0.0005790587892994227,14.45166454632854,0.0050057495638861
2023-04-24,NWSA,-0.0017336070536785567,-0.000575295904105866,-0.006415996306061819,-0.001737733820669411,14.068757229371602,0.0034133001207908
2023-04-25,NWSA,-0.01280587031849674,-0.015656984574106414,-0.017710017038891752,-0.020498580720997545,14.82689362773511,0.0072849925105592
2023-04-26,NWSA,-0.010008896501602011,-0.004099525377024629,-0.011380784204988085,-0.01490338277150541,14.369338773020317,0.0046101543860922
2023-04-27,NWSA,-0.008318423097141304,0.007600171772872347,-0.0006025373933239459,0.02958802540280022,14.388635259685746,0.0046999780734814
2023-04-28,NWSA,0.023586018516699538,0.025303319873981024,0.03027841447617237,0.026468847857994065,14.828565321378878,0.0072971809755147
2023-05-01,NWSA,0.020762000646798763,0.002835203546253776,0.013360587686547293,-0.013722354421130293,14.416542997861878,0.0048329913214737
2023-05-02,NWSA,-0.01205883267817015,-0.020017907577364526,-0.035235671065637526,-0.022708534021339506,14.634277100923718,0.0060086482564178
2023-05-03,NWSA,-0.015134091864955122,-0.002313332182418547,0.017185749892244282,0.0029404685584170256,14.429073800599747,0.0048939336462511
2023-05-04,NWSA,-0.014771445982518165,-0.01575770260498818,-0.022579879323905008,-0.018371096401440943,15.555766359800737,0.015099918280052
2023-05-05,NWSA,0.007708383842408321,0.010532600931099909,0.010759248355669502,0.02364186381277139,14.33668306760846,0.0044620380402203
2023-05-08,NWSA,0.012911060667587545,0.00290621312202349,0.01064483112459551,0.0011675812951752334,13.935691604980649,0.0029880286804967
2023-05-09,NWSA,-0.0029197308765405157,-0.007573603479734761,-0.008862729943202474,-0.012327728713582746,14.512899230665344,0.0053218547528399
2023-05-10,NWSA,0.0029197936157395778,0.008733785724292424,-0.030122630699070653,-0.016076458527315592,15.022140129955492,0.0088557146900382
2023-05-11,NWSA,-0.031993259596346184,-0.02702868645855146,0.003053322296296011,0.004790355210056359,15.178357412277775,0.0103530411131549
2023-05-12,NWSA,0.09361193657736859,0.10398953879925986,0.07004918070512148,0.08142023823291376,15.548899290550672,0.0149965812945599
2023-05-15,NWSA,0.0038304258460029684,0.010678267476221266,0.036834581029299575,0.033038578640696536,15.256388033574437,0.011193250295194
2023-05-16,NWSA,0.019470626507552758,-0.008533382590904305,-0.0027434496396450186,-0.02154093568807873,14.81658388493791,0.0072102719210496
2023-05-17,NWSA,-0.008066677926406035,0.0037423327350310474,0.0021953658737171597,0.018873519236010675,14.6383258658398,0.0060330251863287
2023-05-18,NWSA,0.010741156269636079,0.003728326159256172,0.015234257672721295,0.0026674164520680958,14.35469095845303,0.0045431178288371
2023-05-19,NWSA,0.006389792674640377,0.001593612123583266,-0.0005401651876384804,-0.010174195910071541,14.166238553808618,0.0037627911050575
2023-05-22,NWSA,-0.010672474790130426,-0.004788498886972606,-0.004874078037675023,-0.0026946259823321596,14.38761997448109,0.004695208674151
2023-05-23,NWSA,-0.011872722898748274,-0.007494630319848668,-0.0032625978877307477,-0.00867211379567511,14.30641975995974,0.004329024792228
2023-05-24,NWSA,-0.009820199497807758,-0.014614764929435364,-0.014262595715015414,-0.00819922739315812,14.301449665341767,0.0043075624952412
2023-05-25,NWSA,-0.0010969527231709552,0.004895478321323501,0.002207616922029221,0.0005488746638800799,14.534277238494905,0.0054368502700285
2023-05-26,NWSA,0.005473394510194494,0.00756747675816047,0.0033021310299594306,0.016861952006517224,14.377809029997053,0.0046493694472533
2023-05-30,NWSA,0.019995332296839065,0.013372783853696167,0.02227749229140164,0.012861925666581715,14.413688050745906,0.0048192130567415
2023-05-31,NWSA,0.000534921218882847,-0.00586201998682297,-0.023927210242726378,-0.025345174222404867,15.095916764249267,0.0095337642948436
2023-06-01,NWSA,-0.015086532776591225,-0.0005345297802603522,0.0038450824046441815,0.020541317436882596,14.64200830230019,0.0060552823832039
2023-06-02,NWSA,0.02148308885829176,0.014335188976722106,0.018468763067243765,0.005868185097664659,14.458469622675509,0.0050399302590873
2023-06-05,NWSA,-0.0031932014712316575,-0.005285383203701746,0.0005380413538585626,-0.009083728996043415,14.614998223854876,0.0058939177058587
2023-06-06,NWSA,-0.005880863788615331,0.005812331562937916,-3.364569579591666e-08,0.017030798577318096,14.589638928762124,0.0057463312932457
2023-06-07,NWSA,0.018066535870299605,0.02497540938220718,0.017595906449310937,0.025014456041223675,15.404133534891091,0.0129754158449874
2023-06-08,NWSA,0.02032888140081089,-0.002057731905698792,0.003166032421114187,-0.0119081293118789,14.675654552316672,0.0062624862874469
2023-06-09,NWSA,-0.0077698721768115825,-0.008272893352348955,0.002105467306851329,0.0005207655370913539,14.39403277340946,0.0047254148699102
2023-06-12,NWSA,-0.0015612750931058414,0.0010378484757754493,-0.0036871674628883707,-0.010992008022375774,15.274730281516302,0.011400454199437
2023-06-13,NWSA,-0.007843295845549285,0.012371241040383332,0.005263051135523483,0.021349371554397027,14.74795058517004,0.0067320071548621
2023-06-14,NWSA,0.021294041301013995,0.009179143149055461,0.006801096956220363,-0.007757897952668097,14.59538620049717,0.005779452121929
2023-06-15,NWSA,-0.010849990334610598,-0.006110062623165515,-2.1357172258953562e-08,0.012896726755589906,14.689061206962268,0.0063470106422468
2023-06-16,NWSA,0.0210749773510416,0.005602217695637691,0.012950124856484427,0.003070530574541225,15.179022611947905,0.010359930245521
2023-06-20,NWSA,-0.013313109872011014,-0.009183802728014353,-0.01817766639448679,-0.024833169403409336,14.32953167071273,0.0044302420446843
2023-06-21,NWSA,-0.01715664875852458,-0.01082211594826918,-0.007892686641029822,0.009384854488755966,14.327496108754739,0.0044212331792824
2023-06-22,NWSA,0.008355158413566485,-0.0015555239718289854,-0.006359340194844539,-0.022567202707219274,13.967030065004671,0.0030831517004752
2023-06-23,NWSA,-0.031161698892946177,-0.019387543909694518,-0.011764744589487983,-0.004255261078942049,14.616884592307185,0.0059050463042963
2023-06-26,NWSA,0.009610334596036706,0.005277070451996609,0.008569935642573585,0.009549153344238209,13.979329492089743,0.0031213068951184
2023-06-27,NWSA,0.006883853058442189,0.019802583203162156,0.007968148676673606,0.015195419051833541,14.067669851468247,0.0034095905879783
2023-06-28,NWSA,0.013106303500606292,0.009756159174933757,0.015227392487123606,0.015480200770594714,14.460255524092556,0.0050489391244892
2023-06-29,NWSA,0.0170414612769219,0.005605141317083348,0.0134577714405293,0.0,13.974223102361051,0.0031054088973504
2023-06-30,NWSA,0.009681667336073587,0.002537522730538075,0.0010278078555512936,-0.0015371814489623494,14.218773910653582,0.003965755543229
2023-07-03,NWSA,-0.015329971487568358,-0.0061007494249985415,-0.007216618768578112,0.0025606579119993632,13.931515124192133,0.0029755752489117
2023-07-05,NWSA,-0.0010302964612740762,-0.0040877673610355365,-0.006747846578517481,-0.002560657911999418,14.6426207254985,0.0060589919160165
2023-07-06,NWSA,-0.005168144487298198,-0.0005123300728342368,-0.011524704168297446,-0.0005131182554849368,14.69634031599924,0.0063933798024035
2023-07-07,NWSA,0.007227783891406884,0.017771508131287438,0.022402634023358348,0.01122458670613144,14.755166582905463,0.0067807610146839
2023-07-10,NWSA,0.00819678662809769,-0.003024237615184352,0.0041131398895791725,-0.007128281467536229,14.398285239389985,0.0047455523337497
2023-07-11,NWSA,0.004073352423280495,0.006039346777104394,-0.0005131960692036508,0.01772652116403303,14.39218066223156,0.0047166709711378
2023-07-12,NWSA,0.02409755148563595,0.023798842790852568,0.03133158231071492,0.011976202630172829,14.58950058753774,0.0057455363933573
2023-07-13,NWSA,0.0059347176111604295,-0.0024528070210807548,0.004467565396955907,0.008397128917397564,14.120566575555756,0.0035948022619756
2023-07-14,NWSA,0.0029543169555302094,0.000981896369513074,-0.007956143403260839,-0.0059200063581644116,14.076644065360904,0.0034403267169964
2023-07-17,NWSA,-0.007897417711308617,0.004406329876712163,0.000499088305899994,0.009357346398675356,14.345727547999632,0.0045025779345287
2023-07-18,NWSA,0.008880142891050793,0.011173322277997765,0.01584185103753847,0.009270597578702673,14.453990865276406,0.0050174080955826
2023-07-19,NWSA,0.009288655194057487,-0.0063000752612815515,-0.0123550144869682,-0.021601285951164503,14.521771871155465,0.0053692837795145
2023-07-20,NWSA,-0.021146507524866402,-0.018151037304033328,-0.01857020237626877,-0.013490101099294485,14.701136287983635,0.0064241159314217
2023-07-21,NWSA,-0.007984032505425787,-0.011451399710266263,-0.006607221655450555,-0.011636710689114862,14.760311387041213,0.0068157366097735
2023-07-24,NWSA,-0.01565301445842265,-0.009054415512540619,-0.016971454881229232,-0.015901929332408946,14.676500396796856,0.0062677856200363
2023-07-25,NWSA,-0.01797223761845316,-0.019388391653675556,-0.005200214527052968,-0.0025885986327254655,14.631671956545006,0.0059930152252792
2023-07-26,NWSA,-0.0015556476627439882,0.003086297333673432,-0.00470353709967388,-0.004676653072684491,14.217838082333833,0.0039620460104165
2023-07-27,NWSA,0.0092975892291709,0.004100449409639925,0.00574565915999157,0.0036391735319224404,14.641176556167686,0.0060502480172441
2023-07-28,NWSA,0.005639534296861963,0.0005113961806572327,6.283883837961466e-09,0.00569206326088103,14.387732834865579,0.00469573860741
2023-07-31,NWSA,-0.009245045031231438,0.016227550823713556,0.008815231088549463,0.022449979459311833,14.966620731875631,0.0083774499238507
2023-08-01,NWSA,0.015361387621330025,0.003515066213829266,0.007714127339443162,-0.0005046361041626015,14.605921009803085,0.0058406594133359
2023-08-02,NWSA,0.0010157404293332439,-0.011088911656822943,-0.006682193570533797,-0.007600753705277941,14.352589137327696,0.0045335790301763
2023-08-03,NWSA,-0.010717196981532987,0.004551192385738604,0.0015460047292760071,0.0025399434714371083,14.80724302927185,0.0071432353637945
2023-08-04,NWSA,0.010717210210007705,0.022450507056832415,0.013299477853292144,0.00858812181282177,14.800431802347962,0.0070947464706021
2023-08-07,NWSA,0.016612625458476405,0.004430354584808115,0.015128959150034907,0.016463443073081008,14.859420590436772,0.0075258471767445
2023-08-08,NWSA,0.002493047274020867,0.0014722732007716396,0.0010004634532507117,0.00837644070906734,14.945104907405486,0.0081991273822195
2023-08-09,NWSA,0.01776948158972439,0.00976095494816543,0.010939887229790628,-0.0019646073428508702,14.81216431543547,0.0071784759255135
2023-08-10,NWSA,0.0014665116226079628,0.0009708330232024085,-0.004957855733687192,-0.0014761118683184922,15.235626709245647,0.0109632592608168
2023-08-11,NWSA,0.00827048410346763,0.03246103658198152,0.014310521593289511,0.04477277549137659,15.375380213593365,0.0126076421632876
2023-08-14,NWSA,0.02818443229805493,0.016768004107638197,0.03135060118841733,0.01773275461782943,15.19706897217055,0.0105485864857013
2023-08-15,NWSA,0.005167981617472441,-0.012081959522177475,-0.009542019768325785,-0.0333913621387466,14.866856870298296,0.0075820201021914
2023-08-16,NWSA,-0.017490344982938756,0.006523944580237096,0.0038278479858718053,0.00951948050130876,15.04016824734136,0.009016814400754
2023-08-17,NWSA,0.00854715033476509,-0.01450316739282868,-0.008633086575232762,-0.015755797009966172,15.021511604016636,0.0088501503908194
2023-08-18,NWSA,-0.02247301966829797,-0.017590330896386428,-0.007251841415799054,-0.0009631460015149394,14.335256873776387,0.0044556788411131
2023-08-21,NWSA,0.0048240122089222605,0.0014378141720898518,-0.012204144964868772,-0.008222482980807005,14.52458079116968,0.0053843868773941
2023-08-22,NWSA,-0.010157343065499987,-0.000478974699473315,0.009288668976194908,0.003393914675606187,14.625195999770291,0.0059543300973771
2023-08-23,NWSA,0.005816791212173598,0.004303016942832049,0.005822436039757803,0.010113267466982179,14.49739505190881,0.0052399800643347
2023-08-24,NWSA,0.004821655779435437,0.004759693016278611,-0.001452438900247778,-0.011081822817061573,14.250276182533899,0.0040926745587436
2023-08-25,NWSA,-0.009181002845586716,-0.008104886248137625,-0.0024253338438301364,0.004833329471308049,14.449969272398093,0.0049972706317431
2023-08-28,NWSA,0.009181076709102013,0.008579692096882257,0.009666642572110504,0.007206379701212919,14.425548375131681,0.0048767108153358
2023-08-29,NWSA,0.005277012862795479,0.009447455452512507,0.0024020963512119626,0.015673572527353748,14.44203758562716,0.0049577906039526
2023-08-30,NWSA,0.01425208332263184,0.006093259843988829,0.015238381947489462,0.005170434454578017,14.543542623236126,0.0054874588962567
2023-08-31,NWSA,0.005175187158600029,0.0111525053464893,0.0065944208927870415,0.007473154872489396,14.946880733461555,0.0082137005468402
2023-09-01,NWSA,0.008411135757020034,-0.004631854739277286,-0.006594580315289297,-0.009820146460793835,14.391618738504661,0.0047140213048432
2023-09-05,NWSA,-0.02068699050119999,-0.014496274460418193,-0.0109288631218959,-0.0042381136387632445,14.534277238494905,0.0054368502700285
2023-09-06,NWSA,0.005684390351173494,0.004230156315296177,0.0038148001969293974,0.000943153412970597,14.523054111661454,0.0053761729118806
2023-09-07,NWSA,0.0023591425398958085,-0.0018777577798471045,-0.0019055831180946978,-0.009950157225159961,14.489679281506392,0.0051997051366557
2023-09-08,NWSA,-0.006145163147288843,-0.0014108654158237993,0.0028571461500932855,0.002852979577914619,14.900767729400181,0.0078435421654751
2023-09-11,NWSA,0.0009479727483865054,0.001880710238666739,-0.000951412913500869,-0.0009499662627906923,14.38626465540945,0.0046888494750438
2023-09-12,NWSA,-0.008108462072766658,-0.006097836067780938,-0.010100584129223428,-0.005747178360829172,14.526449030715908,0.0053944556093138
2023-09-13,NWSA,0.004309197550961092,-0.005714379681081255,-0.023461686775393592,-0.0257859788498731,14.560301446509753,0.00558019721657
2023-09-14,NWSA,-0.023200623006395478,-0.018313808099242917,0.004441177899326714,0.010784392519926637,14.701589886699233,0.0064270305643458
2023-09-15,NWSA,-0.0009784010227060656,0.0009724070938120172,-0.0054306121140550055,-0.011277275656075305,15.123519271043538,0.0098005856907167
2023-09-18,NWSA,-0.006383658730256231,-0.011238879492282517,-0.015968566590583,-0.017911040022384434,14.794626218614884,0.0070536766430347
2023-09-19,NWSA,-0.019398666160846383,-0.016349061990204732,-0.0010063977722871151,0.0015049974834286663,14.700063326950096,0.0064172267990555
2023-09-20,NWSA,0.004510108038854877,0.0019959040554712914,-0.010630425550593622,-0.014134600401700712,14.470125308449786,0.0050990178174584
2023-09-21,NWSA,-0.018673324806749235,0.011893075765205378,-0.010230226400452888,0.012629602918272077,15.532816020816696,0.0147573164281514
2023-09-22,NWSA,0.016170224442085507,-0.01289051816344588,0.006661532315116802,-0.012121340456052336,14.878115976880764,0.0076678692901387
2023-09-25,NWSA,-0.018209937174318062,-0.01103880373857098,-0.0005108627333038331,0.005573903404198751,14.868951476721435,0.0075979180999594
2023-09-26,NWSA,0.0005103197421405749,-0.0015147338394353748,0.0005108411803646715,-0.010157592342624717,14.64576441968092,0.0060780695133381
2023-09-27,NWSA,0.007624050563033005,0.0010101727899895698,-0.0020447948220804193,0.0030582240716472355,14.661207566242654,0.0061726626000577
2023-09-28,NWSA,-0.006604080262772096,0.013039228023968745,0.004085717615713739,0.016654345580019946,14.69869983179556,0.0064084829002831
2023-09-29,NWSA,0.02217828812347192,0.00794051007330838,0.0176816452565668,0.003996034725758484,14.749798759405568,0.006744460586447
2023-10-02,NWSA,-0.0009974796723519416,-0.0029703184662609873,-0.002506902720637694,-0.002995528020021405,14.76326158406855,0.006835874073613
2023-10-03,NWSA,-0.007513164333422252,-0.003476426316331923,-0.027482597439235923,-0.02891389906950881,14.843486124763437,0.0074068771601139
2023-10-04,NWSA,-0.02185617027198513,-0.013019862299664196,-0.006730640228419166,0.019873096605015732,14.801812682456589,0.0071045502358923
2023-10-05,NWSA,0.01580463529204199,0.0035220055308629525,0.017508183678015248,-0.006072834366354632,14.635643190652049,0.0060168622219313
2023-10-06,NWSA,-0.004562657366372322,0.02235020708767932,0.0025491279434423594,0.023081857002096966,14.870310621937842,0.0076082517985086
2023-10-09,NWSA,0.022608327741237243,-0.002458835452081799,0.012648827241396246,0.003466229828592595,14.652542041846859,0.0061194043075349
2023-10-10,NWSA,0.005449580186586195,0.01708605204556706,0.010502716900827751,0.020064227527104735,14.899855212958037,0.0078363880664795
2023-10-11,NWSA,0.02295577353393307,0.020125239192412225,0.028930658970515513,0.012518205120893078,15.186615390069578,0.0104388903011021
2023-10-12,NWSA,0.01056689970660047,-0.0004745268533237224,-0.0038741131847147958,-0.004315546108207599,14.870449917056018,0.0076093116650265
2023-10-13,NWSA,-0.003350059984105033,0.020202734023956854,-0.005351526149808323,0.004793903623680458,15.919827744263586,0.0217312381157167
2023-10-16,NWSA,0.015695871721709907,0.020258497125465534,0.02979556550039325,0.04580233057919316,15.790965778237597,0.0191038290179242
2023-10-17,NWSA,0.03432618318672622,0.014479881265302794,0.025246740278186835,0.015412828056359809,15.729237038543165,0.0179602330451457
2023-10-18,NWSA,0.009981898598816201,0.0026917633862405936,0.010105700344914832,-0.01541282805635984,15.204052641063376,0.0106225121753226
2023-10-19,NWSA,-0.010437893074898575,-0.016260428255952922,-0.015661104332000613,-0.012410911989828985,15.190820055786796,0.0104828747615936
2023-10-20,NWSA,-0.01147068524129269,-0.011449671981115312,-0.02491322723087566,-0.019146164366718385,15.149985433650805,0.0100634325871477
2023-10-23,NWSA,-0.02381622230095038,-0.012981121004276246,0.0009514936035966182,-0.005199669861460265,14.824781849091856,0.0072696244460501
2023-10-24,NWSA,0.001888514782258475,0.008364271932195466,0.007107229112101196,0.016917532874891617,14.776622062577506,0.006927817494038
2023-10-25,NWSA,0.007050529353799734,-0.009765305083209627,-0.030683116031219256,-0.04332980124686967,14.962627573242994,0.0083440641285378
2023-10-26,NWSA,-0.038677467293600436,-0.03325712589865867,-0.005859391425396988,-0.00243597649671589,14.924799316423114,0.0080343181386912
2023-10-27,NWSA,-0.001949417577565292,0.02339560570657337,-0.015297636986163831,-0.013752761159384836,14.466533333735798,0.0050807351200252
2023-10-30,NWSA,0.0038948917409198707,-0.026298435254860076,0.010880440938836684,0.019589390841756316,14.65591370434258,0.0061400717046333
2023-10-31,NWSA,0.001941836989888702,0.011081894659292692,0.010763324328576419,0.002905589508313492,14.927795942359733,0.0080584301019727
2023-11-01,NWSA,0.005320490145656364,-0.003359706205111184,-0.0024359126029367614,0.004824059386315395,14.681602554097683,0.0062998465822018
2023-11-02,NWSA,0.009123727530845758,0.032169287354704736,0.019324243626952016,0.02236586570845844,15.411559435975192,0.0130721286647428
2023-11-03,NWSA,0.025950765520130533,0.02118905931403814,0.026907267645165576,0.03149850943000243,15.453574993542583,0.0136330630193239
2023-11-06,NWSA,0.016170505545282442,0.0022764340048812377,0.006962390154932999,-0.01238822278206315,14.885689420917066,0.0077261619486214
2023-11-07,NWSA,-0.008745764388142311,-0.012814851573517834,-0.010695355603370035,-0.010675409936818057,14.9315045720527,0.0080883713311024
2023-11-08,NWSA,-0.01115778122337009,-7.461779261976984e-08,-0.001403526511166843,-0.0009338028692187254,15.00143170714718,0.0086742125488534
2023-11-09,NWSA,0.00373318037706874,-0.005542595097306346,-0.011773056865480315,-0.005620478538681386,15.267897154457412,0.0113228189770032
2023-11-10,NWSA,-0.032184505220020525,-0.006505641869731038,-0.028346919380187626,-0.017531950282207578,15.5378486710618,0.0148317720510316
2023-11-13,NWSA,0.0004809072188077803,-0.029810529315146602,-0.008319008878547479,-0.022722619949150334,14.955904700340382,0.0082881561697204
2023-11-14,NWSA,0.0019212305501855515,0.013832798614769888,0.022352640478622787,0.02463285234737208,14.851999539848444,0.0074702041845565
2023-11-15,NWSA,0.006218467759065644,0.008960025919947111,0.0019202315951483268,-0.003824213155371794,14.787614732943933,0.0070043928499539
2023-11-16,NWSA,-0.0009540052235764377,-0.006594312956909238,-0.000959590769769778,0.009058614671695952,14.812496461534092,0.0071808606251787
2023-11-17,NWSA,0.010918612646440028,0.0023600664825545545,0.003833195382799305,-0.001900250117021845,14.606873239248047,0.0058462237125547
2023-11-20,NWSA,-0.006632029758503366,0.007047210695074983,0.0019110700823943318,0.011817567815518855,14.301080525660659,0.0043059726954643
2023-11-21,NWSA,0.009931601626301172,0.004670789513048702,0.007608345626877252,0.007957121840719564,14.682359333298493,0.0063046159815322
2023-11-22,NWSA,0.016336493306161232,0.023487216928059253,0.021092886822726937,0.02304254966277543,14.687557196611916,0.006337471843586
2023-11-24,NWSA,0.018803439669033705,0.004994228893237955,0.013361083812558053,0.0027295977405471412,13.96831833650309,0.0030871261999172
2023-11-27,NWSA,-0.0018189907061910756,0.015727204272693217,-0.0009157118447958159,0.0171175575017247,14.895076273455246,0.0077990277717247
2023-11-28,NWSA,0.018936507233753355,0.005335629003475468,0.019506148088499473,-0.002683381889408277,14.916354022374236,0.0079667516481772
2023-11-29,NWSA,-0.002683261952172228,-0.003553897513463063,-0.010840125083453184,0.00044781699897313937,14.803750161382473,0.0071183285006246
2023-11-30,NWSA,-0.0017929944732411722,-0.006250113712569224,-0.005921388940034069,-0.01351989515630755,15.361028637833552,0.0124279947885091
2023-12-01,NWSA,-0.008560559284292824,-0.0022416131552487977,0.005012573108370493,0.004978456847128449,14.591941802705936,0.005759579624719
2023-12-04,NWSA,-0.0018115680296316055,0.009825931471486846,6.813911358372749e-08,-0.0040714215138859065,14.678189942419655,0.0062783842852149
2023-12-05,NWSA,-0.005910366322720809,-0.025659685917059923,-0.022059649845572873,-0.013233046394695877,14.856140917326048,0.0075012052802041
2023-12-06,NWSA,-0.0022827408903057967,0.003186773270418095,0.009710912895035527,0.0009181909565456083,14.509757633418,0.0053051618551835
2023-12-07,NWSA,0.0018266679653915446,-0.00045451759749172866,-0.0036881947711063057,0.007316124909378472,14.341245089584566,0.0044824404706892
2023-12-08,NWSA,-8.035036081777705e-08,0.004537149831001394,0.00276742454042243,-0.00045577544078516564,14.404130764263108,0.0047733738298437
2023-12-11,NWSA,0.004551674575706561,0.00406595939470234,0.008256929985682117,0.005907715305208555,14.198798902744299,0.0038873254209069
2023-12-12,NWSA,0.0054347135002061,0.0009012934342134336,-0.0018289787813259104,-0.003176787212088206,14.690187732114667,0.0063541647412424
2023-12-13,NWSA,-0.007252878160543471,0.022713085961772773,0.0013720936004472672,0.03044113235998079,15.048216872615736,0.0090896802238573
2023-12-14,NWSA,0.04405602396611243,0.032491453704020054,0.04643692128500547,0.0269698008195509,15.107329665631807,0.0096431955128134
2023-12-15,NWSA,0.01469345412976211,0.0008521820647594326,0.007822749667397929,0.00428268903511292,15.580823548310576,0.0154830600262609
2023-12-18,NWSA,0.003853529693413923,-0.00042604108891856755,0.004319631284450378,-0.0021390518411374113,14.63520272041653,0.0060142125556366
2023-12-19,NWSA,0.0038388320896283103,0.013962617238659877,0.009865003211257103,0.01656442831252972,14.396552864055153,0.0047373383682362
2023-12-20,NWSA,0.011007724421975819,0.004611209335672395,-0.0021363625277905753,-0.013571035244772165,14.573181103296934,0.0056525331064144
2023-12-21,NWSA,-0.007183592611628969,-0.0071353495528081795,0.0021363913914707777,0.011884764900743434,14.248786015093781,0.0040865803262659
2023-12-22,NWSA,0.01012658771980465,0.006716991914141212,0.00976851503442819,0.004210396766610833,13.999498226023698,0.0031848988861905
2023-12-26,NWSA,-0.0012601779686327698,0.01123376524376341,0.0008449811504521255,0.013770306584327248,13.934626926559323,0.0029848490809431
2023-12-27,NWSA,0.01460486563220348,0.017227702606651612,0.012172234942175387,0.011946664994742598,14.415665420401858,0.0048287518554023
2023-12-28,NWSA,0.0164342206435443,0.007293333987238604,0.019008812400024642,0.008562640690807524,14.375184058520006,0.0046371809822978
2023-12-29,NWSA,-0.0012232150612140318,0.0016135688467499784,0.0024530185074295072,-0.0032533002444768335,14.58677598021581,0.0057299033622187
2024-01-02,NWSA,-0.005728293893622625,-0.014616518142423615,-0.013980486404976076,-0.005309340446330621,14.517816171750797,0.0053480864491571
2024-01-03,NWSA,-0.005348826385639992,0.002858806541886463,-0.004981362050012545,-0.004926228927148926,14.67501969910938,0.0062585117880049
2024-01-04,NWSA,0.0049383578482004335,-0.0036771902656924068,0.0016632025032292256,-0.0024721254812082147,14.821934821161209,0.0072489570489517
2024-01-05,NWSA,-0.004113527367217451,0.009370621366557837,0.007862701413658966,0.007807773582222499,14.9922871758726,0.0085952524932723
2024-01-08,NWSA,0.004523923647011529,0.0004053766084993536,-0.0020632452933708463,0.008559150656247402,14.555303223560225,0.005552375720476
2024-01-09,NWSA,0.0008203162091982236,-0.004061728441123575,0.0012384497052099841,-0.015954465430764272,14.443639635739085,0.0049657396028366
2024-01-10,NWSA,-0.009061027193357217,-0.0069430953094101805,-0.00537747211256778,-0.0024773085460770474,14.288448004356697,0.0042519195030531
2024-01-11,NWSA,0.0012405251471239445,-0.005342019735337163,-0.008748216201970622,0.001239421405046326,14.526399911207644,0.0053941906426844
2024-01-12,NWSA,0.008230438325213234,0.011470770912885231,0.007918366333593496,0.0008254283333252511,14.873995402522807,0.0076363382612321
2024-01-16,NWSA,-0.01154168835947431,-0.013120285574960344,-0.022246465192845163,-0.020421599625538474,14.835837288711046,0.0073504392680375
2024-01-17,NWSA,-0.028170850424898784,-0.020851435977679175,-0.0068143012527214705,-0.011433526215498082,14.715916187013065,0.0065197688846592
2024-01-18,NWSA,0.0012783767968531261,-0.002531695648166604,-0.004711954095516938,0.004249845169564777,14.683367482166478,0.0063109751806394
2024-01-19,NWSA,0.00763696432133266,0.0163423492847804,0.008976385628256684,0.018904274133482397,14.638501527789371,0.0060340850528466
2024-01-22,NWSA,0.0196699190413144,0.010748282485087062,0.02271865288548455,0.009113465345695019,14.592171798691218,0.0057609044578664
2024-01-23,NWSA,0.013174439942920314,0.00982007465954814,0.0024927462499657964,0.0024711866511440863,14.707468022675755,0.0064649207923596
2024-01-24,NWSA,0.0048958649283600345,0.008110313467374047,0.016052943233804687,0.013077349640314807,14.528754930275166,0.0054069090408988
2024-01-25,NWSA,0.013743180373110063,0.011644371350807033,0.00610628361342111,0.0028381278003575088,14.795677466674434,0.0070610957086598
2024-01-26,NWSA,-0.0076567459402283435,-0.003599317857038645,0.003241463313735729,0.0016180555864097857,14.496332595034415,0.0052344157651159
2024-01-29,NWSA,0.0008088267578194927,0.005991764512693865,-0.00364735289621311,0.014048082604633983,14.436356364258591,0.0049297041412291
2024-01-30,NWSA,0.010454430278630225,-0.0015943343560671744,0.0008116700777159605,-0.011625780929421672,14.945040272452367,0.0081985974489606
2024-01-31,NWSA,-0.006420609070076396,-0.001996424072562945,-0.0036578508893125787,-0.0064725559226745675,15.031372703136984,0.0089378543451729
2024-02-01,NWSA,-0.006056947779710808,-0.009638628983227796,-0.010231324733746015,0.00526213852806476,14.573649750569244,0.0056551827727091
2024-02-02,NWSA,-0.00040506599246113755,0.000806766089242349,0.0061513740627159395,-0.002829939867012474,14.64667947196157,0.0060836338125569
2024-02-05,NWSA,-0.00854537951702248,-0.007284485071876991,-0.01482725401262539,-0.02251892772783537,15.506841956631872,0.0143789440812729
2024-02-06,NWSA,-0.004915875132768263,0.0032442287447935654,0.005792404499962763,0.02170895616615817,14.665405471658685,0.0061986293297455
2024-02-07,NWSA,0.013461234079516918,0.0020221023642609916,-0.021685718705495526,-0.016752284930957897,15.476344949462204,0.0139470484752421
2024-02-08,NWSA,0.0853892244071822,0.12337897253671329,0.06961099762928885,0.06268259759590711,16.08595472089221,0.0256585734976731
2024-02-09,NWSA,-0.03559619082134869,-0.06682673712828961,0.01056152428851718,0.007710261814995423,15.315133827605429,0.011870505000111
2024-02-12,NWSA,0.009973294520863691,0.004951470061482887,0.010836026145543978,0.0011514178510015286,14.979317714827094,0.0084844964421552
2024-02-13,NWSA,-0.01267550752848502,-0.017245162503899715,-0.02179082113991595,-0.011962402398034002,15.185116692005025,0.0104232572699636
2024-02-14,NWSA,0.003472815031510498,0.009617295000614078,0.013674760765878832,0.009658165239821577,14.812090490207067,0.0071779459922546
2024-02-15,NWSA,0.003460936285124999,0.021587700830233637,0.008500851361451765,0.018663698674147532,14.879704264767902,0.0076800577550941
2024-02-16,NWSA,0.017126940051932722,-0.0037538264609835096,0.008810558272464944,-0.009859831667290538,14.353640600096767,0.0045383484295067
2024-02-20,NWSA,-0.01253094633429463,-0.007550016405871475,-0.002673209024014429,0.0003811008848821812,15.193016665257863,0.0105059268583572
2024-02-21,NWSA,-0.0022953516401495555,0.004159567335109416,-0.011925529373646781,-0.006497293174534939,14.791541190993165,0.0070319493794184
2024-02-22,NWSA,0.006870286331721836,0.001508349260980356,0.010011662977804751,0.016353313654619905,14.518063861917426,0.0053494112823045
2024-02-23,NWSA,0.008333333294027103,0.0015059649398118536,0.011049776368005363,-0.0030223108467042482,14.551909259353891,0.0055335630897839
2024-02-26,NWSA,-0.00302224406199461,-0.00452488161840123,-0.007607403765846114,-0.0026519626640331617,14.672730884601439,0.0062442035900137
2024-02-27,NWSA,-0.0015146574856375378,-4.470996628509586e-08,0.0015260528056211238,0.0026519626640331066,14.333292530137122,0.0044469349423407
2024-02-28,NWSA,-0.0007580316052529601,0.0011332341486243176,6.359133728351745e-08,-0.0037907059608150388,14.416213996558806,0.0048314015216969
2024-02-29,NWSA,0.00868413988861968,0.01721597297128332,0.007595905686399384,0.020673455773357993,15.70053280947771,0.0174520270498284
2024-03-01,NWSA,0.010471312354344103,-0.002600783181482843,-0.007595905686399379,-0.020673455773357954,15.078167561527383,0.0093660404183912
2024-03-04,NWSA,-0.01839739451440561,-0.015748397815119615,-0.018080903773584244,-0.015308396758855865,15.017762181908713,0.008817029562136
2024-03-05,NWSA,-0.024938969448284134,-0.01946252041122076,-0.010144493294038735,-0.0023166180185442854,14.841158169385846,0.0073896543291986
2024-03-06,NWSA,0.0142722578315347,0.007295090854729425,0.014018989801727538,0.006165761767380332,14.945718731188203,0.0082041617481794
2024-03-07,NWSA,-0.001533187407801459,0.00838105038202388,0.00539914351562269,0.004216941901263814,14.745783481804969,0.0067174339902414
2024-03-08,NWSA,0.005355711976217803,0.008687424015465725,0.008044390194132077,0.007621963072162153,14.68901945942714,0.0063467456756174
2024-03-11,NWSA,0.007601794892832401,0.022681847124025507,-0.003439589100407163,0.0053010684398168036,15.226766032210406,0.0108665464410615
2024-03-12,NWSA,0.007940038105298499,-0.014769831312532756,0.01103131427334907,-0.0018971671130983843,14.756064932385526,0.0067868552471617
2024-03-13,NWSA,-0.006051484421040967,-0.008651638313295058,-0.004571430473336114,0.0007592842227159315,14.905620470320233,0.0078816973601183
2024-03-14,NWSA,-0.003800841146594002,-0.0072037565024844555,-0.009977053539958206,-0.009916170415709436,14.775742000105147,0.0069217232615603
2024-03-15,NWSA,-0.011490034828771454,0.0011408412018975524,-0.01789936309459096,-0.022481577678372743,15.683397542029564,0.0171555293914551
2024-03-18,NWSA,-0.012013342793545868,-0.02073807529500784,-0.005906719778322881,-0.0023548111206223407,14.967885074028334,0.0083880485890293
2024-03-19,NWSA,-0.006649699474453178,0.0015509951427842706,0.0007896402232509248,0.011330464833262532,14.617960921644062,0.0059114055034035
2024-03-20,NWSA,0.006259829015137559,0.005794897036094165,0.010989181816623422,0.00658282891464262,14.70861495224607,0.0064723398579846
2024-03-21,NWSA,0.012403237122381675,0.011109121269737114,0.013183516144636656,0.0115119825211328,14.73957142400686,0.0066758342294151
2024-03-22,NWSA,0.008820739860069902,-0.00038111616654613417,-0.0027001688625656745,-0.011898110910094182,14.370085662976678,0.0046135989522753
2024-03-25,NWSA,-0.008050654848756006,-0.004583588375190439,-0.0015461240372375241,0.005006821848469165,14.545809485920083,0.0054999123278416
2024-03-26,NWSA,0.006522259267711605,0.008767029893391742,0.006554951932770383,0.0015355478210539641,14.471008310256021,0.0051035222501593
2024-03-27,NWSA,0.0034356887945065358,0.0049213336816874296,0.0011521575991798865,0.008403366690988399,14.528999926113913,0.0054082338740461
2024-03-28,NWSA,0.0049420852621809,0.0018864886747735064,0.004595988970436848,-0.004192893002439149,15.048828840808993,0.0090952445230761
2024-04-01,NWSA,-0.006849256370614769,-0.012135114718036778,-0.020070065804103553,-0.014233682191340693,14.625863274126209,0.0059583045968191
2024-04-02,NWSA,-0.020054744548505695,-0.015766583540958477,-0.007827847262536602,-0.011691515405053358,14.444173082602559,0.0049683892691313
2024-04-03,NWSA,-0.006252510188102036,-0.001163473387475309,-0.005121241210193835,0.009364032524878187,14.562814903117895,0.0055942404479318
2024-04-04,NWSA,0.013626912553429038,0.014255699152565172,0.006299284248664906,-0.007797283587146775,15.012791320443476,0.008773310068274
2024-04-05,NWSA,-0.012451519283734174,-0.012704700597178088,0.0007846306369549411,0.004296057662823621,14.532716491731586,0.0054283713378856
2024-04-08,NWSA,0.01012858298221537,0.004252888466014447,0.006644552767910032,0.0031128471120851456,14.703237604303977,0.0064376292295245
2024-04-09,NWSA,0.0023229330268974765,0.0015419805788410782,-0.010573840411843916,-0.008975653712640246,14.887573853700426,0.007740735113242
2024-04-10,NWSA,-0.028635063889239802,-0.02180768266624635,-0.024308761130784843,-0.02701792978173849,15.164518593795727,0.0102107540331312
2024-04-11,NWSA,-0.01039999909837775,-0.014673998628091352,-0.0008070934952562926,0.003618128034706465,14.70389593190415,0.0064418686955959
2024-04-12,NWSA,-0.006859068282915128,-0.009634801143129501,-0.019156994276980605,-0.022728280328589704,14.663736987098046,0.0061882956311962
2024-04-15,NWSA,-0.004870181001859074,-0.0016149014773922722,-0.004536979763938106,-0.003289480939265243,14.612792953808052,0.0058809343410148
2024-04-16,NWSA,-0.018477233544038383,-0.01999655343158403,-0.010388601628881725,-0.007441115513686092,14.247423485353405,0.0040810160270471
2024-04-17,NWSA,0.007431945862467397,0.004113579307085342,0.008319492307907139,0.002072532337851445,14.263652579167031,0.0041477876176727
2024-04-18,NWSA,-1.0891178573913745e-08,-0.0004106135936509012,-0.0066500707667635954,-0.004981296871023798,14.121671587930148,0.0035987767614176
2024-04-19,NWSA,-0.011584709050323773,-0.009905168700160134,-0.0012517958113601752,-0.0004162636272658201,14.175630261898622,0.003798296633406
2024-04-22,NWSA,0.0074626340313364275,0.01767773830229167,0.006243479833135669,0.016925041272392402,14.53807138460005,0.0054575176671269
2024-04-23,NWSA,0.011090761776479855,0.007712642398282809,0.015644638585135796,0.007341047408162673,13.976524205092794,0.003112562996346
2024-04-24,NWSA,0.0036697106844294325,-0.0004044826936599963,-2.4483363081319658e-08,-0.002033832153360344,14.405960894363737,0.0047821177286161
2024-04-25,NWSA,-0.007352999990837503,-0.008123488157146246,-0.020219384715324775,-0.014353361481620417,14.510706139118492,0.0053101962211434
2024-04-26,NWSA,-0.009060968481262269,-0.00819006433742735,2.0849955100453992e-08,0.0004129974906648989,14.360738188157574,0.0045706743583016
2024-04-29,NWSA,0.007008892524745399,0.008190081755675881,0.007061296008299311,-0.001652855398654248,14.491817229819876,0.0052108337350934
2024-04-30,NWSA,-0.009494372449551921,-0.011897609930520936,-0.022181307197183853,-0.01584030531601675,15.315959379416531,0.0118803087654013
2024-05-01,NWSA,-0.01672993257093052,-0.005379736137096642,0.0025359085047319883,0.0016792234501740294,14.890718079413055,0.007765112043153
2024-05-02,NWSA,0.009236148818152793,-0.0012455216001480837,0.002108434434827881,0.006689077359075927,14.882357287960614,0.0077004601855631
2024-05-03,NWSA,0.009979227882033634,0.018930591829388204,0.01795076301483645,0.01939396372914871,14.786554970178598,0.0069969737843288
2024-05-06,NWSA,0.014784716417697751,0.00406831982352768,0.0020665399298237064,0.003671260167227909,15.008796763458282,0.0087383344731844
2024-05-07,NWSA,0.010543523242168154,0.008087444914824646,0.0032976357014436936,-0.005716583200904101,15.37034464962878,0.012544315138845
2024-05-08,NWSA,-0.027399002554128377,-0.02116485631681565,-0.013256214668628048,-0.011532307650024793,15.510226863304805,0.0144276979410948
2024-05-09,NWSA,-0.04104666115347319,0.024782912066944378,-0.05706031397733145,0.026166694970632023,15.911612663471907,0.0215534455073445
2024-05-10,NWSA,0.06884882361843149,0.006001168281699814,0.08217999261152276,0.010038194231173962,15.266538967979939,0.0113074509124941
2024-05-13,NWSA,0.015603584516264937,0.019356803975624615,0.02012959938438797,0.0170335196510552,15.02285796191853,0.0088620738891454
2024-05-14,NWSA,0.013407137554588371,0.0039047355971599364,0.010703778147820503,0.004311211169617952,14.866647168147976,0.0075804303024146
2024-05-15,NWSA,0.008968577215786668,0.015468123205845154,0.01214976946213361,0.016291987722178845,14.684164879838612,0.0063160095465992
2024-05-16,NWSA,0.010426844080301792,0.018251521013019325,0.013926756346464503,0.011857079143889566,14.835332493324541,0.0073467297352249
2024-05-17,NWSA,0.01449295647759431,-0.00491036153711956,0.0034515724843547178,-0.00038025527696951663,14.439576113098754,0.0049456021389971
2024-05-20,NWSA,-0.0030337205574256215,0.0011353440142974226,0.0038211449729014762,0.004932657779304193,14.350600019483013,0.0045245701647744
2024-05-21,NWSA,0.001518032216544261,0.0007560595406977126,-0.0019087620536716466,-0.00493265777930423,14.27911940913089,0.0042124394752626
2024-05-22,NWSA,-0.00418014802114744,-0.004925146897048974,-0.008827513402170412,-0.01301702797497613,14.819262932110098,0.0072296144850006
2024-05-23,NWSA,0.009475163182013944,0.012455350254398033,-0.004249583484507672,-0.0027011899695118884,14.799535075676278,0.0070883872714948
2024-05-24,NWSA,-0.020194997032203506,0.005237588301753161,0.0019338713306894272,0.032690164189360923,14.548023152746257,0.0055121007927971
2024-05-28,NWSA,0.029954889526296324,0.005210340274026645,0.02555929026393784,-0.004122186286247311,14.95244604175221,0.008259539773738
2024-05-29,NWSA,-0.014296747245042424,-0.007451627691916261,-0.006044591564903895,0.0,14.450552347030671,0.0050001852646673
2024-05-30,NWSA,0.011678437606337758,0.00819365998382678,0.004914026204357988,0.010831110312087968,14.493189215414807,0.005217987834089
2024-05-31,NWSA,0.004111343488563389,0.00923027220455514,0.008261385677032235,0.009979775816945912,15.147137781789139,0.0100348161911653
2024-06-03,NWSA,0.02140300191120618,0.009509929210289321,0.013004071863099282,0.0036710632299981455,14.487230301940055,0.0051869867384413
2024-06-04,NWSA,-0.007696511214748275,-0.000728249536109841,-0.0014776548163776678,-0.0022010485681226272,14.736590204659318,0.0066559617322051
2024-06-05,NWSA,0.0029390340839908482,0.016977104247739752,0.004058339354983417,0.023948909250793994,14.589685038250957,0.0057465962598752
2024-06-06,NWSA,0.0217715755279582,1.9933128504521945e-08,0.01860351941685855,-0.006474833986739707,14.66600373645228,0.006202338862558
2024-06-07,NWSA,-0.00901398458794389,-0.011165274955238265,-0.02007734491545183,-0.01894408992592981,14.949908500050919,0.0082386074100101
2024-06-10,NWSA,-0.019751919109167366,-0.013124490352545112,-0.005175623618104522,0.0007352774488017763,14.160589224222237,0.0037415937747001
2024-06-11,NWSA,0.0007384758174183603,0.007312581080490639,0.0040687343572170295,0.005131930107681217,14.296701994647355,0.0042871600647722
2024-06-12,NWSA,0.021184151472745962,0.010509227532654573,0.012108031833219334,0.007285981736589272,14.107135596697555,0.0035468433020421
2024-06-13,NWSA,-0.007982560479911242,-0.010509170559514523,-0.015435770585381384,-0.013153189293072111,14.026906171698036,0.0032733977404324
2024-06-14,NWSA,-0.015788837962642698,-0.010620890363971664,-0.008181491788097437,-0.004053824746381185,14.70861495224607,0.0064723398579846
2024-06-17,NWSA,0.0022181131189946196,-0.0029498344796764484,-0.0014947854230070163,-0.008157214042202716,14.392405343339801,0.0047177308376557
2024-06-18,NWSA,-0.010393591556604773,0.0014760434118532418,-0.005249338364451522,0.005568957081155767,14.503092782841698,0.0052699212934644
2024-06-20,NWSA,0.004467585573171258,0.0036804149916350396,0.008982024671419161,-0.004080966840262307,14.458048946653465,0.0050378105260516
2024-06-21,NWSA,0.001484794045169589,-0.0033118266900668855,-0.008982038089534052,-0.0018603876940311266,15.953657351235673,0.0224789739440719
2024-06-24,NWSA,1.9546490679293133e-08,0.014636267905662966,0.011958297028496323,0.024283767640612137,14.768712029363464,0.0068732343683678
2024-06-25,NWSA,0.020558737924761285,0.0129917959700601,0.0162125677630351,0.013001248660992589,14.70705808596834,0.0064622711260649
2024-06-26,NWSA,0.012637841907288583,0.0035791155949369525,0.01162802671208463,0.0,14.392573821048632,0.0047185257375441
2024-06-27,NWSA,0.00035870389983894645,-0.0025039950078971835,-0.0018080134978422512,-0.006479495420963956,14.510706139118492,0.0053101962211434
2024-06-28,NWSA,-0.007922245192663059,0.0007160821944716884,-0.007994213935534386,-0.004343152625338011,15.390150171937869,0.01279523853695
2024-07-01,NWSA,-0.003621917037936164,-0.002867405769131226,-0.004754069687612199,-0.010207868783583015,14.529881414475845,0.0054130032733765
2024-07-02,NWSA,-0.01462006702183309,-0.007566213414255874,-0.006989133742677225,0.012381802966239634,14.677641153140538,0.0062749397190319
2024-07-03,NWSA,0.018242008898755154,0.006488843875482796,0.019013371569690796,0.0010851974098068044,13.876888778107089,0.0028173901711201
2024-07-05,NWSA,-0.0018093225124907603,-0.006488908465074304,-0.008000136897664512,-0.006528919864649458,14.387902101563155,0.0046965335072984
2024-07-08,NWSA,0.00144766440166467,0.004330601908780016,-0.008064536467036741,-0.008404931308893939,14.75399360856585,0.0067728120157999
2024-07-09,NWSA,-0.016041173382025552,0.003953259629392632,-0.00368731225213319,0.017100650083201493,14.974496770360012,0.0084436915812174
2024-07-10,NWSA,0.022530042558041297,0.0007171082739765882,0.020476005118802872,0.002522116058060794,14.330906322708985,0.004436336277162
2024-07-11,NWSA,0.00430267528061338,0.00464873569822956,0.006493561660038207,0.0017975854275005668,14.563383111586136,0.0055974200474854
2024-07-12,NWSA,-0.001073989224655671,0.0021382139210263055,-0.003963251259571826,-0.0035984772651169706,15.0335048994754,0.0089569319424945
2024-07-15,NWSA,-0.006467877072273431,-0.005712258745951518,-0.006156099721227514,-0.0014429689807135416,14.732641336900075,0.0066297300358879
2024-07-16,NWSA,0.002160613238049598,0.024404439189129094,0.007959522717251278,0.02636420959824585,15.294361538591293,0.0116264707343721
2024-07-17,NWSA,0.02064866326174205,-0.0045526486216990745,0.0043150457677104265,-0.015949314009478376,15.170778798357187,0.0102748759574622
2024-07-18,NWSA,-0.012766050040892504,-0.012716512934584047,-0.006840694957867102,-0.0075308984328191185,14.642664455664145,0.0060592568826459
2024-07-19,NWSA,-0.008962220416855333,-0.010003593570846271,-0.015656601639129485,-0.014868789302120019,14.977066659398206,0.0084654188448336
2024-07-22,NWSA,-0.00977035384685073,0.0007178508191350552,-0.0014690426773825245,0.013067248688125054,14.662923126058011,0.0061832612652364
2024-07-23,NWSA,0.006885330617234072,0.011771112212240595,0.01350632927031494,0.013254725615202415,14.635070541504248,0.0060134176557482
2024-07-24,NWSA,0.012204054639886492,-0.006046593888880173,-0.010570479894268283,-0.028516652548634554,14.399847390141634,0.0047529713993748
2024-07-25,NWSA,-0.021273580685279368,-0.013649688833734571,-0.005143349271042338,-0.005875896932933355,14.578883649505428,0.0056848590352094
2024-07-26,NWSA,-0.0036509921206366275,-0.00036174403182240934,-0.0036900619189268306,0.012445254844519775,14.606465251938953,0.0058438390128895
2024-07-29,NWSA,0.013081620603944284,0.0057720331800782294,0.01831554756295404,0.007249079363377744,14.302986282296988,0.0043141866609778
2024-07-30,NWSA,0.0036035475323093645,0.0010785745594618552,-0.010582078225566085,-0.009798684537487027,14.667796386301658,0.0062134674609956
2024-07-31,NWSA,-0.005048659360475716,-0.002878719431735481,0.007674053618539987,0.005818205854482304,15.067530679188344,0.0092669428989706
2024-08-01,NWSA,0.0025275413168680022,0.0021598277667566937,-0.01911113052941391,-0.014977424435475015,14.79522706710611,0.0070579161091062
2024-08-02,NWSA,-0.03560665556610536,-0.03067059360950583,-0.036271542077048274,-0.03254457233112953,14.938392930945863,0.0081442792899199
2024-08-05,NWSA,-0.03073655289460807,-0.038553420773482214,-0.0332516090565773,-0.034426066941283244,15.08967179880439,0.0094744117698431
2024-08-06,NWSA,-0.01631738015995863,0.008059882447143892,0.01068261314632174,0.025258760579552106,15.513966349681887,0.014481751133506
2024-08-07,NWSA,0.03426700562555881,0.012158154818202212,0.019872044893143884,-0.0007677369117755745,15.249475647395203,0.0111161450060191
2024-08-08,NWSA,-0.011037227301587621,0.017222504289948176,0.0030816908593934503,0.02802154066981852,15.258303629256382,0.0112147125921808
2024-08-09,NWSA,0.0364496339651965,0.03716263323331258,0.03402967382334937,0.03521998015052524,15.44563325749676,0.013525221601131
2024-08-12,NWSA,0.019368472394930683,-0.004660206029428387,0.005930436375452388,-0.022972614815627138,14.913122679965745,0.0079410498851189
2024-08-13,NWSA,-0.016788734871496482,-0.005765828796698086,0.0007387896636906164,0.015736787963151526,14.787841678921552,0.0070059826497307
2024-08-14,NWSA,0.01170888417837618,-0.00253299343814042,0.007724939615118359,-0.008020486438381227,14.310756039184716,0.0043478374229201
2024-08-15,NWSA,-0.005471470530305929,0.00289434167405328,-1.3556080905320841e-08,0.009471832510623987,15.135077604284476,0.0099145213413874
2024-08-16,NWSA,0.004015308843315775,-0.0018080832423571652,0.0021961245182751787,-0.006547920156190691,14.813307910084278,0.007186689891027
2024-08-19,NWSA,6.950328582049697e-08,0.006853136467595663,0.0010963158965635448,0.015212245557156709,14.283700668779074,0.0042317820392137
2024-08-20,NWSA,0.013388961986496733,0.003946197568074572,-0.004759285889539065,-0.015577232324212677,14.490901525892486,0.005206064335763
2024-08-21,NWSA,-0.009026964904777045,-0.005025117530350502,0.005124436536281486,0.013778353465851826,14.182512692428716,0.0038245283297232
2024-08-22,NWSA,0.01261505501863747,0.005025102543090394,0.010893383837096489,0.0025175115027446073,14.366979536295354,0.0045992907542841
2024-08-23,NWSA,0.005714285747676286,0.012099786948372163,0.008630024347494844,0.01071817898316559,14.115764028220651,0.0035775794310602
2024-08-26,NWSA,0.004618975193007879,0.006698431668424352,0.002145963540247037,-0.004273413676834423,13.992066358016253,0.0031613168561679
2024-08-27,NWSA,-0.006758007429896897,-0.011307602612254762,-0.007531005422518788,-0.001428676484834434,14.08133115013586,0.0034564896813939
2024-08-28,NWSA,-0.0014285618530194258,0.01201008299011858,0.006816163136981043,0.0035676660795711554,14.119829221693527,0.0035921525956809
2024-08-29,NWSA,0.004635383474380118,-0.006693723074995037,-0.008978403393653208,-0.008224666650082126,14.878530556118148,0.0076710488896923
2024-08-30,NWSA,-0.004992884632314243,0.0024713448443745316,0.008263116681332295,0.01708837041337477,14.651155500347606,0.006110925375392
2024-09-03,NWSA,0.003925120667513809,-0.006012372223102956,-0.04126933353138576,-0.04919617256591074,15.26920675888452,0.0113376571082534
2024-09-04,NWSA,-0.04181669719791017,-0.021151576439495716,0.002606542194803376,0.006283481312669856,14.79150350990255,0.007031684412789
2024-09-05,NWSA,0.008872543920873112,-0.013496460839519058,-0.008590102725310491,-0.007767677931736063,14.625774329933739,0.0059577746635602
2024-09-06,NWSA,-0.0062765911123117074,-0.001837900794074493,-0.007530215811068697,-0.013458200740062572,14.901476889173537,0.0078491064646939
2024-09-09,NWSA,-0.01379851296975243,-0.013333568752762134,0.003395579588939156,0.0011284665659474211,14.54272142705501,0.0054829544635557
2024-09-10,NWSA,0.003373971455152207,-0.0014924837758324254,-0.017094373211878507,-0.008305097856923337,15.065240646210118,0.0092457455686133
2024-09-11,NWSA,-0.014329415195181164,-0.014668739915110205,-0.010868503849680484,-0.01263652404146634,14.653537432405582,0.0061254985400126
2024-09-12,NWSA,-0.012655932892226386,-0.00917090087792045,0.0007773543796054675,0.0003852513329433053,14.679876638292148,0.0062889829503936
2024-09-13,NWSA,0.007306289014343313,0.008029087433630358,0.011971494390825281,0.006909777032566212,14.521080752349816,0.0053655742467019
2024-09-16,NWSA,0.0015314068767246969,-0.003051054477726977,-0.006547250732720111,-0.001914528875257685,14.688058784775922,0.0063406514431396
2024-09-17,NWSA,0.002292720690589515,0.01591542364049232,0.008464857389976274,0.009536562761442867,14.680255753114139,0.0062913676500588
2024-09-18,NWSA,0.006846681033370101,0.01009922917620317,0.009153378608123427,0.004167490485078793,14.708574013118861,0.0064720748913552
2024-09-19,NWSA,0.01840434931447171,0.0033438091547722927,0.006810491400485347,0.003396887181188221,14.40535122307406,0.004779203095692
2024-09-20,NWSA,-0.012734276203219994,-0.013443038330975607,-0.018265346454086683,-0.007564377666266961,15.770762790693144,0.0187217471382332
2024-09-23,NWSA,-0.007947105067208877,-0.0011284877406274442,0.007269918029999594,0.00567858663752043,14.517072732935517,0.0053441119497151
2024-09-24,NWSA,0.0064382103465561195,0.00525525512447898,0.00797426932064743,0.008270708766806243,14.1697532463662,0.0037760394365308
2024-09-25,NWSA,0.007521673045926862,0.0018702352313770666,-0.008737068513971795,-0.01737201954415073,14.300218669452333,0.0043022631626518
2024-09-26,NWSA,-0.0094109485558037,-0.008255180725022867,0.0030476908490459976,0.004940126126235151,14.31634705612459,0.004372214352831
2024-09-27,NWSA,0.004904751945624871,0.008628850073910439,0.004932667257924253,0.004538656358220126,14.213414485591933,0.0039445582128717
2024-09-30,NWSA,-0.0022607198484843566,-0.0018695521587194213,-0.004932628913174062,0.004893634821862171,15.08552416069401,0.009435196708682
2024-10-01,NWSA,0.003765068580342393,0.0003741796432759558,-0.004957163221281834,-0.008295658191323555,14.783102964190867,0.0069728618210473
2024-10-02,NWSA,-0.020501902273494188,-0.009019228968063673,-0.0034463151030996553,-0.008365052206471352,14.066581289886967,0.0034058810551657
2024-10-03,NWSA,1.1676374243706435e-08,-0.0117715108287108,-0.006928434374375752,-0.006512176557786921,14.267796272888912,0.004165010448588
2024-10-04,NWSA,0.0061185259207544775,0.010260380743598531,0.004239733566117019,0.004601159902903103,13.93595759756457,0.0029888235803851
2024-10-07,NWSA,-0.008807232489867594,-0.010642461776004655,-0.0023103326294757185,-0.005754839084358758,14.315316285095488,0.0043677099201301
2024-10-08,NWSA,0.0019212237586962748,-0.003444962455998624,-0.015148889819111583,-0.003082828293690492,14.799759332741596,0.0070899770712716
2024-10-09,NWSA,-0.004231534592622366,0.013709305892029169,0.014763329373484098,0.014179235902368841,14.560064001530575,0.0055788723834227
2024-10-10,NWSA,0.011498780333428495,-0.004548915863386411,-0.010467233622168542,-0.023095704582262483,14.528019582415157,0.0054029345414568
2024-10-11,NWSA,-0.022351637073506382,-0.0076277932853589525,-3.496121231457576e-08,0.009688085653024618,14.43581873012609,0.0049270544749344
2024-10-14,NWSA,0.012778492108499821,-0.0003829249483484089,0.0046656764074907466,0.004233246681677378,14.217236015621374,0.0039596613107513
2024-10-15,NWSA,0.00728391992650996,0.02384214466186015,0.01041870240080875,0.016378125434415126,14.804345554324039,0.0071225679666961
2024-10-16,NWSA,0.014033975141491637,-0.004497690292801988,0.011830022204969906,-0.00378492977991174,14.341895111383183,0.0044853551036133
2024-10-17,NWSA,-0.00490847291849058,-0.0015038500270470828,-0.00380091114653438,0.002650947043426229,14.126079467232834,0.0036146747591856
2024-10-18,NWSA,0.002646059785724567,-0.0026369543560503684,0.001141863099288992,-0.004168997447752462,14.628660974377798,0.0059749974944755
2024-10-21,NWSA,-0.008339673520879385,0.003013182058746119,-0.0007610524431679799,0.0,14.047733565981313,0.0033422890640937
2024-10-22,NWSA,0.0003805881931898716,-0.006035481259202192,-0.010715791704418734,-0.008390574951909419,14.458364470259614,0.0050394003258284
2024-10-23,NWSA,-0.00648985868607923,-0.00874034530469241,-0.007725029483100606,-0.008848013911178194,14.365538240863406,0.0045926665885474
2024-10-24,NWSA,-0.008075434947062095,-0.0053578715203589115,0.0003876241269115793,0.002701218970642162,14.271035500060384,0.0041785237466908
2024-10-25,NWSA,0.003468874316481191,0.005357877130111805,0.005411725566759766,0.0015401892811506683,14.207080236875502,0.0039196513497018
2024-10-28,NWSA,0.00881061158780161,0.01627892771134331,0.003463545195957919,0.01981018837482762,15.040197632736996,0.0090170793673834
2024-10-29,NWSA,0.010999564800885325,0.02777440891157685,0.01524998279114557,0.03046295622752705,14.840548424423265,0.0073851498964976
2024-10-30,NWSA,0.02936469404799424,0.013062666165052151,0.030920743240180633,-0.0018310902645362619,14.492478050450954,0.0052142783012764
2024-10-31,NWSA,-0.0018331801669768245,-0.013062644458561465,-0.005886719734426324,-0.0011003640681140855,15.100602690200137,0.0095785436552235
2024-11-01,NWSA,-0.001468985955858329,0.001824542871123783,-0.0018467488693604064,0.0025655184278834623,14.659961942408561,0.0061649785678032
2024-11-04,NWSA,0.01241796171995744,0.010516806438174897,0.009932019406835092,0.0036536263467823594,14.639642578935272,0.0060409741852127
2024-11-05,NWSA,-0.008749603091231174,0.008263066231312084,-0.0003661187173825081,0.015560292038565607,14.55701971579663,0.0055619145191368
2024-11-06,NWSA,0.05138490122469679,0.04135136517528264,0.04859841653772323,0.038737300213672214,14.619528494882955,0.0059206793354348
2024-11-07,NWSA,0.008658041874855247,0.007183214885846074,0.009027826112163816,0.007227650666718799,14.943099278682073,0.0081826994511926
2024-11-08,NWSA,-0.004839281035638855,0.02357805391376998,-0.014273543483686736,0.012270087787902341,15.294452694196025,0.01162753060089
2024-11-11,NWSA,0.022611481230961697,-0.0016658317576786143,0.022877982442531933,-0.009872411290547289,15.10691742493567,0.0096392210133714
2024-11-12,NWSA,-0.009188466858106608,-0.016134813714855232,-0.0027453915634575426,0.0034152916289268615,15.150696081367647,0.0100705866861433
2024-11-13,NWSA,0.008510680269643045,0.002369248594221987,-0.008974878977047391,-0.01650088360977043,14.622745510651908,0.0059397569327564
2024-11-14,NWSA,-0.028887846560108406,-0.014300553086024672,-0.010456673870445193,0.008971772257689203,15.050953249865689,0.0091145870870272
2024-11-15,NWSA,0.013171830772264368,0.006494683728894097,0.0024497106332898736,-0.016975948907783065,15.188086500396496,0.0104542583656112
2024-11-18,NWSA,-0.013520822529397685,-0.01614330519837665,-0.0035014483351211295,-0.0003495059484036664,14.928880416057607,0.0080671740007451
2024-11-19,NWSA,-0.015122457001116234,-0.001385916505691556,-0.010223938107897502,0.006619083007438335,15.076298667275047,0.0093485526208464
2024-11-20,NWSA,0.02103860138517552,0.012747710844736509,0.0179108784607267,0.012079482554734728,15.19714432536987,0.0105493813855897
2024-11-21,NWSA,0.014809993526254213,0.013938751947017904,-0.00034813695540904395,0.013290408216709907,14.948653411548863,0.0082282737114609
2024-11-22,NWSA,0.00952719017208525,0.009408675307115567,0.025100260573752628,-0.0016940481885390287,15.0428094806769,0.009040661397406
2024-11-25,NWSA,0.0006769740153447099,-0.007722055774173264,-0.002039501350218736,-0.0010178601181923812,15.336204903123923,0.0121232831646223
2024-11-26,NWSA,-0.006109963887013122,-0.005068441273516358,-0.006828276140111225,-0.006128687051941633,14.295960063577047,0.0042839804652186
2024-11-27,NWSA,-0.0023862584400778444,-0.003733242500737141,-0.00618557177803454,-0.007886230148345011,14.40806417620222,0.0047921864605359
2024-11-29,NWSA,-0.010636565352804604,0.002038015665148172,-0.0006896813917416205,0.010274091829389542,14.22695840044029,0.0039983464386534
2024-12-02,NWSA,0.00858673193159423,0.0027109844998008084,0.005504004587773899,0.0034014166485655363,15.122274850821922,0.0097883972257612
2024-12-03,NWSA,0.011222690439236162,0.013445625950901055,0.007859236420068654,0.01382587049681094,14.764075237685319,0.0068414383728318
2024-12-04,NWSA,0.0097594447061753,-4.430137632725132e-08,0.00610789153077752,-0.0070577442748848375,14.634144799599321,0.0060078533565294
2024-12-05,NWSA,-0.012129548968763261,-0.003344497180115698,-0.002710025982956012,-0.0043940971018576365,14.692769774786058,0.0063705926722694
2024-12-06,NWSA,-0.004076110965661609,-0.012133627353151717,-0.009200956537321631,-0.005775445768633924,14.144383276975796,0.0036814463498112
2024-12-09,NWSA,-0.0013623393990222904,0.002370887813661318,0.0017103432240266768,0.0010216077759844697,14.354399302891514,0.0045417929956898
2024-12-10,NWSA,0.002382985420522935,-0.0037281260508082296,-0.008580781432822393,-0.010951486458133125,14.618901760430859,0.0059169698026223
2024-12-11,NWSA,-0.006481400014059509,-0.0023798292827604257,-0.00276151194610704,0.00034402884859465745,14.893886465278513,0.0077897539396934
2024-12-12,NWSA,-0.00755756287833195,-0.004092748808035845,0.0003456000790745118,-0.0031007930175477425,14.323472685836355,0.0044034804151081
2024-12-13,NWSA,-0.004146549570164965,-0.010996668306013514,-0.013217625434398481,-0.012849597250152858,14.068757229371602,0.0034133001207908
2024-12-16,NWSA,-0.009392900200154574,-0.0006912833590117814,-0.004562126005072701,0.0013971578200198714,14.310877916014922,0.004348367356179
2024-12-17,NWSA,-0.0038522711117163397,-0.0069397096477118924,-0.006705561867833152,-0.01406000224427194,14.583719291589397,0.0057124155646739
2024-12-18,NWSA,-0.003867158347827945,-0.003837411935510389,-0.021113710407470312,-0.020383335877124688,14.535008000844059,0.0054408247694705
2024-12-19,NWSA,-0.023882815300761525,-0.013371118211274255,-0.0018099434931442187,-0.002532109592010155,14.412697897735889,0.0048144436574111
2024-12-20,NWSA,-0.008331818890529611,-0.009252706576122573,-0.005085382735784993,0.009013979020488309,15.571884789191339,0.0153452773789382
2024-12-23,NWSA,0.017310172486195877,0.010668688906383426,0.01553779642856313,0.006796598182804602,14.521377004612757,0.0053671640464787
2024-12-24,NWSA,0.006059562774740023,-0.00035378709970302274,0.002149062585365324,0.007104868265841946,13.684947327413793,0.0023253471402003
2024-12-26,NWSA,-0.002134427245288423,-0.003544833173745165,0.0003576840342810016,-0.003546090247529366,14.116430373585443,0.0035799641307254
2024-12-27,NWSA,-0.003210322226834047,-0.0017771603761629394,-0.009703569287869763,-0.012871105471811096,14.266777878693832,0.0041607709825166
2024-12-30,NWSA,-0.014756446893844168,-0.017947379725800766,-0.020799883595144477,-0.011217847145450311,14.415171444428683,0.0048263671557371
2024-12-31,NWSA,0.0018112925750838466,0.006138367607846883,0.013187010291332115,0.002181129460604412,14.299787462639484,0.0043004083962455
2025-01-02,NWSA,-0.001086370313113255,0.0007195829130155526,-0.0025505942445086436,-0.0029092078408832606,14.558305154196182,0.0055690686181324
2025-01-03,NWSA,0.00036227212801339173,-0.006857934580241235,-0.01026779838651894,0.00327215153083916,14.336504904575749,0.0044612431403319
2025-01-06,NWSA,-0.0025385265453207705,0.010090126665775249,0.007710736098726332,-0.004000690626733486,14.599184221948766,0.0058014443521748
2025-01-07,NWSA,0.0021762864713036493,-0.002153580487892126,0.003651011914389502,0.005813990694935653,14.678358740086935,0.0062794441517328
2025-01-08,NWSA,1.3313505852432228e-10,0.007874032106201289,-0.009888395941012432,-0.004721311300349975,14.797252269559023,0.0070722243070974
2025-01-10,NWSA,-0.008733643089379262,-0.01762314960940617,-0.007388286161671785,-0.017998612905583064,14.689728930604586,0.0063512501083183
2025-01-13,NWSA,-0.01509884439466963,-0.003635114764630403,-0.007069800785369507,0.016905933510997423,14.883938859003175,0.0077126486505185
2025-01-14,NWSA,0.023470073136435784,0.010505478234155466,0.02215742834684934,0.004000690626733575,14.683199527920179,0.0063099153141215
2025-01-15,NWSA,0.011889918945183018,0.009325789329172033,0.004373247541717933,0.0003629509396042972,15.185472518579925,0.0104269668027761
2025-01-16,NWSA,-0.01443023463865205,-0.007525587901610831,-0.0014556213839859993,-0.0021794058058205714,14.282384921160133,0.0042262177399949
2025-01-17,NWSA,0.009043272257571887,0.00035963994310335597,-0.001822478097847616,-0.002548704443639703,14.73419881348037,0.0066400637344371
2025-01-21,NWSA,-0.00940674615527835,0.006094292225974445,0.0007293997184116276,0.015554662575439837,14.588439335188166,0.0057394421608795
2025-01-22,NWSA,0.012283407362307774,0.003923704219464215,0.01087753759281911,-0.0014368041856746901,14.608186733871072,0.0058539077448092
2025-01-23,NWSA,0.00035896266226069626,-0.006428651993786663,-0.001804748871812892,0.0017956485540250953,14.589131584013721,0.0057434166603215
2025-01-24,NWSA,0.0003589282669988411,0.01352342251479166,0.005763746092682069,0.007506751754485904,14.333590406104964,0.004448259775488
2025-01-27,NWSA,0.005724491393679464,0.005991116143550574,-0.0010782185785693972,0.012739020599308594,14.79946031214395,0.0070878573382359
2025-01-28,NWSA,0.014521276197965966,-0.0007028946213201003,0.01001803966421666,-0.010249240521027823,14.756689395513904,0.0067910947132331
2025-01-29,NWSA,-0.009184153410221068,0.001756469765784442,-0.006787018390524374,0.0017746169674466297,14.609724499195469,0.0058629166102111
2025-01-30,NWSA,0.008832450609485835,0.005949308112238949,0.0021482409791977884,-0.004264397045727471,14.856670624929249,0.0075051797796461
2025-01-31,NWSA,-0.009187362250333219,-0.01405504217018733,0.002500494602318093,0.0014235098968301946,15.031313410515727,0.0089373244119139
2025-02-03,NWSA,-0.011065583887393668,-0.0007079703856065074,-0.01184293848751153,-0.001423509896830237,14.924205511963281,0.0080295487393608
2025-02-04,NWSA,0.024464938792091787,0.01476303222825816,0.02319462256571471,0.01554805482858954,15.014058976876766,0.0087844386667116
2025-02-05,NWSA,-7.639293645032294e-10,0.007993075511518526,-0.0014119641342325178,0.00907511295700364,15.210120498617634,0.0106871640329125
2025-02-06,NWSA,0.027635588651365506,0.01953782536520959,-0.01279791460239975,-0.009776699283951806,15.757240697224171,0.0184702938068692
2025-02-07,NWSA,-0.021350641722812345,-0.01195154074225505,0.018784904063581465,0.018770194699072356,15.304451981655689,0.0117443808844848
2025-02-10,NWSA,0.013826649283765756,0.01296940052149762,0.020160533474024522,0.004809296250266625,14.925194990262463,0.0080374977382448
2025-02-11,NWSA,-0.01626609548738235,0.004736147793924118,-0.01386019309035402,0.009210412048901799,14.639247747016668,0.0060385894855475
2025-02-12,NWSA,0.019008658175215454,-0.007792681697762081,0.008339155037250481,-0.0030607212745403047,14.574867206602063,0.0056620719050753
2025-02-13,NWSA,0.005803051728374054,0.006103787938073172,0.012037986363258977,0.005095966780205228,14.47494634118185,0.0051236597139988
2025-02-14,NWSA,0.009485207238185238,0.02239774762735026,0.012907777437747733,0.023443786236127775,14.78666856992365,0.0069977686842172
2025-02-18,NWSA,0.021678341884644903,0.0019814889730122914,0.00840199891612211,0.0,14.471838659138466,0.0051077617162308
2025-02-19,NWSA,0.0006596402291100601,0.012459207077408215,0.007668025080490539,0.009225782894184138,14.822629075068969,0.0072539914149116
2025-02-20,NWSA,0.0016471088875131394,-0.008507953566215712,-0.05811621373974276,-0.05528878878729929,15.601637695348675,0.0158087040138756
2025-02-21,NWSA,-0.04855971395925067,-0.049168169931810134,-0.0007042255825755548,-0.011153800957188823,15.079948253703364,0.0093827333160476
2025-02-24,NWSA,-0.00519661883904128,-0.006232667261051295,-0.0007046861895906074,-0.002456644406121783,14.970692513120543,0.0084116306190519
2025-02-25,NWSA,-0.007320940300636719,-0.0006949166582681721,-0.00636492804012818,-0.003519811015900232,14.705170209633138,0.0064500826611094
2025-02-26,NWSA,-0.0084329244099592,-0.012240062345579509,-0.0074773654184536065,-0.009922140969348868,14.845808673349122,0.0074240999910292
2025-02-27,NWSA,-0.006016649814048955,5.2360520226866465e-09,5.2360520226866465e-09,-0.0007125155629246229,14.778150763659166,0.0069384161592167
2025-02-28,NWSA,0.0035435917528170323,0.00910688947004609,0.0007145457496369708,0.019760736261390507,15.501298398917292,0.0142994540924329
2025-03-03,NWSA,0.014050099957206,0.012818435961686183,0.010657272813875861,-0.005254920981010975,15.321120335600604,0.0119417810234376
2025-03-04,NWSA,-0.007703088917452497,-0.019816380314590508,-0.021790414970567704,-0.014505815280379513,15.305015851041492,0.0117510050502215
2025-03-05,NWSA,-0.019163166460187456,-0.006340313932497675,-0.004343163655397081,0.002846953202723295,14.906124612531276,0.0078856718595603
2025-03-06,NWSA,0.001074367228655342,0.026844962749105566,0.010822694006189397,0.004255391725588726,15.099135501394079,0.0095645004238618
